Year,Season,Data Type,Value
1971,DJF,"Max Day (Rain, Ravenswood)",24.0244140625
1971,DJF,"Min Day (Rain, Ravenswood)",0.0
1971,DJF,"Total (Rain, Ravenswood)",231.2900390625
1971,DJF,"R10mm (Rain, Ravenswood)",7.0
1971,DJF,"R20mm (Rain, Ravenswood)",1.0
1971,DJF,"Max 5-Day (Rain, Ravenswood)",57.87109375
1971,DJF,"Min 5-Day (Rain, Ravenswood)",0.5498046875
1971,DJF,"CDD (Rain, Ravenswood)",6.0
1971,MAM,"Max Day (Rain, Ravenswood)",64.2802734375
1971,MAM,"Min Day (Rain, Ravenswood)",0.0
1971,MAM,"Total (Rain, Ravenswood)",235.392578125
1971,MAM,"R10mm (Rain, Ravenswood)",5.0
1971,MAM,"R20mm (Rain, Ravenswood)",3.0
1971,MAM,"Max 5-Day (Rain, Ravenswood)",138.8515625
1971,MAM,"Min 5-Day (Rain, Ravenswood)",0.0
1971,MAM,"CDD (Rain, Ravenswood)",25.0
1971,JJA,"Max Day (Rain, Ravenswood)",24.8720703125
1971,JJA,"Min Day (Rain, Ravenswood)",0.0
1971,JJA,"Total (Rain, Ravenswood)",81.7685546875
1971,JJA,"R10mm (Rain, Ravenswood)",4.0
1971,JJA,"R20mm (Rain, Ravenswood)",1.0
1971,JJA,"Max 5-Day (Rain, Ravenswood)",43.8720703125
1971,JJA,"Min 5-Day (Rain, Ravenswood)",0.0
1971,JJA,"CDD (Rain, Ravenswood)",32.0
1971,SON,"Max Day (Rain, Ravenswood)",12.9248046875
1971,SON,"Min Day (Rain, Ravenswood)",0.0
1971,SON,"Total (Rain, Ravenswood)",63.669921875
1971,SON,"R10mm (Rain, Ravenswood)",1.0
1971,SON,"R20mm (Rain, Ravenswood)",0.0
1971,SON,"Max 5-Day (Rain, Ravenswood)",16.634765625
1971,SON,"Min 5-Day (Rain, Ravenswood)",0.0
1971,SON,"CDD (Rain, Ravenswood)",47.0
1972,DJF,"Max Day (Rain, Ravenswood)",140.9912109375
1972,DJF,"Min Day (Rain, Ravenswood)",0.0
1972,DJF,"Total (Rain, Ravenswood)",918.9267578125
1972,DJF,"R10mm (Rain, Ravenswood)",21.0
1972,DJF,"R20mm (Rain, Ravenswood)",13.0
1972,DJF,"Max 5-Day (Rain, Ravenswood)",316.201171875
1972,DJF,"Min 5-Day (Rain, Ravenswood)",0.080078125
1972,DJF,"CDD (Rain, Ravenswood)",8.0
1972,MAM,"Max Day (Rain, Ravenswood)",47.3828125
1972,MAM,"Min Day (Rain, Ravenswood)",0.0
1972,MAM,"Total (Rain, Ravenswood)",171.873046875
1972,MAM,"R10mm (Rain, Ravenswood)",6.0
1972,MAM,"R20mm (Rain, Ravenswood)",3.0
1972,MAM,"Max 5-Day (Rain, Ravenswood)",122.9892578125
1972,MAM,"Min 5-Day (Rain, Ravenswood)",0.0
1972,MAM,"CDD (Rain, Ravenswood)",27.0
1972,JJA,"Max Day (Rain, Ravenswood)",13.5205078125
1972,JJA,"Min Day (Rain, Ravenswood)",0.0
1972,JJA,"Total (Rain, Ravenswood)",22.56640625
1972,JJA,"R10mm (Rain, Ravenswood)",1.0
1972,JJA,"R20mm (Rain, Ravenswood)",0.0
1972,JJA,"Max 5-Day (Rain, Ravenswood)",19.396484375
1972,JJA,"Min 5-Day (Rain, Ravenswood)",0.0
1972,JJA,"CDD (Rain, Ravenswood)",76.0
1972,SON,"Max Day (Rain, Ravenswood)",27.3935546875
1972,SON,"Min Day (Rain, Ravenswood)",0.0
1972,SON,"Total (Rain, Ravenswood)",41.5458984375
1972,SON,"R10mm (Rain, Ravenswood)",1.0
1972,SON,"R20mm (Rain, Ravenswood)",1.0
1972,SON,"Max 5-Day (Rain, Ravenswood)",32.4326171875
1972,SON,"Min 5-Day (Rain, Ravenswood)",0.0
1972,SON,"CDD (Rain, Ravenswood)",73.0
1973,DJF,"Max Day (Rain, Ravenswood)",32.9228515625
1973,DJF,"Min Day (Rain, Ravenswood)",0.0
1973,DJF,"Total (Rain, Ravenswood)",282.02734375
1973,DJF,"R10mm (Rain, Ravenswood)",10.0
1973,DJF,"R20mm (Rain, Ravenswood)",3.0
1973,DJF,"Max 5-Day (Rain, Ravenswood)",72.193359375
1973,DJF,"Min 5-Day (Rain, Ravenswood)",0.0
1973,DJF,"CDD (Rain, Ravenswood)",30.0
1973,MAM,"Max Day (Rain, Ravenswood)",13.64453125
1973,MAM,"Min Day (Rain, Ravenswood)",0.0
1973,MAM,"Total (Rain, Ravenswood)",104.7294921875
1973,MAM,"R10mm (Rain, Ravenswood)",4.0
1973,MAM,"R20mm (Rain, Ravenswood)",0.0
1973,MAM,"Max 5-Day (Rain, Ravenswood)",37.6513671875
1973,MAM,"Min 5-Day (Rain, Ravenswood)",0.0
1973,MAM,"CDD (Rain, Ravenswood)",21.0
1973,JJA,"Max Day (Rain, Ravenswood)",7.6611328125
1973,JJA,"Min Day (Rain, Ravenswood)",0.0
1973,JJA,"Total (Rain, Ravenswood)",24.5830078125
1973,JJA,"R10mm (Rain, Ravenswood)",0.0
1973,JJA,"R20mm (Rain, Ravenswood)",0.0
1973,JJA,"Max 5-Day (Rain, Ravenswood)",10.6396484375
1973,JJA,"Min 5-Day (Rain, Ravenswood)",0.0
1973,JJA,"CDD (Rain, Ravenswood)",22.0
1973,SON,"Max Day (Rain, Ravenswood)",34.884765625
1973,SON,"Min Day (Rain, Ravenswood)",0.0
1973,SON,"Total (Rain, Ravenswood)",185.361328125
1973,SON,"R10mm (Rain, Ravenswood)",6.0
1973,SON,"R20mm (Rain, Ravenswood)",4.0
1973,SON,"Max 5-Day (Rain, Ravenswood)",50.6181640625
1973,SON,"Min 5-Day (Rain, Ravenswood)",0.0
1973,SON,"CDD (Rain, Ravenswood)",23.0
1974,DJF,"Max Day (Rain, Ravenswood)",89.7109375
1974,DJF,"Min Day (Rain, Ravenswood)",0.0
1974,DJF,"Total (Rain, Ravenswood)",1042.6328125
1974,DJF,"R10mm (Rain, Ravenswood)",33.0
1974,DJF,"R20mm (Rain, Ravenswood)",22.0
1974,DJF,"Max 5-Day (Rain, Ravenswood)",194.994140625
1974,DJF,"Min 5-Day (Rain, Ravenswood)",0.03515625
1974,DJF,"CDD (Rain, Ravenswood)",4.0
1974,MAM,"Max Day (Rain, Ravenswood)",26.744140625
1974,MAM,"Min Day (Rain, Ravenswood)",0.0
1974,MAM,"Total (Rain, Ravenswood)",136.1953125
1974,MAM,"R10mm (Rain, Ravenswood)",5.0
1974,MAM,"R20mm (Rain, Ravenswood)",1.0
1974,MAM,"Max 5-Day (Rain, Ravenswood)",56.4482421875
1974,MAM,"Min 5-Day (Rain, Ravenswood)",0.0
1974,MAM,"CDD (Rain, Ravenswood)",26.0
1974,JJA,"Max Day (Rain, Ravenswood)",11.662109375
1974,JJA,"Min Day (Rain, Ravenswood)",0.0
1974,JJA,"Total (Rain, Ravenswood)",43.3984375
1974,JJA,"R10mm (Rain, Ravenswood)",1.0
1974,JJA,"R20mm (Rain, Ravenswood)",0.0
1974,JJA,"Max 5-Day (Rain, Ravenswood)",30.775390625
1974,JJA,"Min 5-Day (Rain, Ravenswood)",0.0
1974,JJA,"CDD (Rain, Ravenswood)",85.0
1974,SON,"Max Day (Rain, Ravenswood)",30.509765625
1974,SON,"Min Day (Rain, Ravenswood)",0.0
1974,SON,"Total (Rain, Ravenswood)",101.265625
1974,SON,"R10mm (Rain, Ravenswood)",3.0
1974,SON,"R20mm (Rain, Ravenswood)",1.0
1974,SON,"Max 5-Day (Rain, Ravenswood)",62.720703125
1974,SON,"Min 5-Day (Rain, Ravenswood)",0.0
1974,SON,"CDD (Rain, Ravenswood)",19.0
1975,DJF,"Max Day (Rain, Ravenswood)",30.2734375
1975,DJF,"Min Day (Rain, Ravenswood)",0.0
1975,DJF,"Total (Rain, Ravenswood)",338.5615234375
1975,DJF,"R10mm (Rain, Ravenswood)",13.0
1975,DJF,"R20mm (Rain, Ravenswood)",4.0
1975,DJF,"Max 5-Day (Rain, Ravenswood)",88.8818359375
1975,DJF,"Min 5-Day (Rain, Ravenswood)",0.0
1975,DJF,"CDD (Rain, Ravenswood)",16.0
1975,MAM,"Max Day (Rain, Ravenswood)",30.1787109375
1975,MAM,"Min Day (Rain, Ravenswood)",0.0
1975,MAM,"Total (Rain, Ravenswood)",168.8740234375
1975,MAM,"R10mm (Rain, Ravenswood)",2.0
1975,MAM,"R20mm (Rain, Ravenswood)",2.0
1975,MAM,"Max 5-Day (Rain, Ravenswood)",46.361328125
1975,MAM,"Min 5-Day (Rain, Ravenswood)",0.0
1975,MAM,"CDD (Rain, Ravenswood)",25.0
1975,JJA,"Max Day (Rain, Ravenswood)",3.1943359375
1975,JJA,"Min Day (Rain, Ravenswood)",0.0
1975,JJA,"Total (Rain, Ravenswood)",8.59375
1975,JJA,"R10mm (Rain, Ravenswood)",0.0
1975,JJA,"R20mm (Rain, Ravenswood)",0.0
1975,JJA,"Max 5-Day (Rain, Ravenswood)",4.2509765625
1975,JJA,"Min 5-Day (Rain, Ravenswood)",0.0
1975,JJA,"CDD (Rain, Ravenswood)",68.0
1975,SON,"Max Day (Rain, Ravenswood)",40.1591796875
1975,SON,"Min Day (Rain, Ravenswood)",0.0
1975,SON,"Total (Rain, Ravenswood)",183.5517578125
1975,SON,"R10mm (Rain, Ravenswood)",6.0
1975,SON,"R20mm (Rain, Ravenswood)",4.0
1975,SON,"Max 5-Day (Rain, Ravenswood)",94.34375
1975,SON,"Min 5-Day (Rain, Ravenswood)",0.0
1975,SON,"CDD (Rain, Ravenswood)",21.0
1976,DJF,"Max Day (Rain, Ravenswood)",74.8427734375
1976,DJF,"Min Day (Rain, Ravenswood)",0.0
1976,DJF,"Total (Rain, Ravenswood)",614.5966796875
1976,DJF,"R10mm (Rain, Ravenswood)",18.0
1976,DJF,"R20mm (Rain, Ravenswood)",10.0
1976,DJF,"Max 5-Day (Rain, Ravenswood)",98.0634765625
1976,DJF,"Min 5-Day (Rain, Ravenswood)",0.0009765625
1976,DJF,"CDD (Rain, Ravenswood)",9.0
1976,MAM,"Max Day (Rain, Ravenswood)",21.208984375
1976,MAM,"Min Day (Rain, Ravenswood)",0.0
1976,MAM,"Total (Rain, Ravenswood)",145.50390625
1976,MAM,"R10mm (Rain, Ravenswood)",5.0
1976,MAM,"R20mm (Rain, Ravenswood)",1.0
1976,MAM,"Max 5-Day (Rain, Ravenswood)",55.2646484375
1976,MAM,"Min 5-Day (Rain, Ravenswood)",0.0
1976,MAM,"CDD (Rain, Ravenswood)",27.0
1976,JJA,"Max Day (Rain, Ravenswood)",1.3515625
1976,JJA,"Min Day (Rain, Ravenswood)",0.0
1976,JJA,"Total (Rain, Ravenswood)",3.3544921875
1976,JJA,"R10mm (Rain, Ravenswood)",0.0
1976,JJA,"R20mm (Rain, Ravenswood)",0.0
1976,JJA,"Max 5-Day (Rain, Ravenswood)",1.576171875
1976,JJA,"Min 5-Day (Rain, Ravenswood)",0.0
1976,JJA,"CDD (Rain, Ravenswood)",63.0
1976,SON,"Max Day (Rain, Ravenswood)",40.6513671875
1976,SON,"Min Day (Rain, Ravenswood)",0.0
1976,SON,"Total (Rain, Ravenswood)",152.984375
1976,SON,"R10mm (Rain, Ravenswood)",4.0
1976,SON,"R20mm (Rain, Ravenswood)",2.0
1976,SON,"Max 5-Day (Rain, Ravenswood)",58.69140625
1976,SON,"Min 5-Day (Rain, Ravenswood)",0.0
1976,SON,"CDD (Rain, Ravenswood)",43.0
1977,DJF,"Max Day (Rain, Ravenswood)",97.8955078125
1977,DJF,"Min Day (Rain, Ravenswood)",0.0
1977,DJF,"Total (Rain, Ravenswood)",639.60546875
1977,DJF,"R10mm (Rain, Ravenswood)",15.0
1977,DJF,"R20mm (Rain, Ravenswood)",10.0
1977,DJF,"Max 5-Day (Rain, Ravenswood)",197.6787109375
1977,DJF,"Min 5-Day (Rain, Ravenswood)",0.0
1977,DJF,"CDD (Rain, Ravenswood)",16.0
1977,MAM,"Max Day (Rain, Ravenswood)",87.7421875
1977,MAM,"Min Day (Rain, Ravenswood)",0.0
1977,MAM,"Total (Rain, Ravenswood)",321.2822265625
1977,MAM,"R10mm (Rain, Ravenswood)",6.0
1977,MAM,"R20mm (Rain, Ravenswood)",4.0
1977,MAM,"Max 5-Day (Rain, Ravenswood)",147.4296875
1977,MAM,"Min 5-Day (Rain, Ravenswood)",0.0
1977,MAM,"CDD (Rain, Ravenswood)",19.0
1977,JJA,"Max Day (Rain, Ravenswood)",0.20703125
1977,JJA,"Min Day (Rain, Ravenswood)",0.0
1977,JJA,"Total (Rain, Ravenswood)",0.400390625
1977,JJA,"R10mm (Rain, Ravenswood)",0.0
1977,JJA,"R20mm (Rain, Ravenswood)",0.0
1977,JJA,"Max 5-Day (Rain, Ravenswood)",0.78125
1977,JJA,"Min 5-Day (Rain, Ravenswood)",0.0
1977,JJA,"CDD (Rain, Ravenswood)",92.0
1977,SON,"Max Day (Rain, Ravenswood)",15.984375
1977,SON,"Min Day (Rain, Ravenswood)",0.0
1977,SON,"Total (Rain, Ravenswood)",30.5478515625
1977,SON,"R10mm (Rain, Ravenswood)",1.0
1977,SON,"R20mm (Rain, Ravenswood)",0.0
1977,SON,"Max 5-Day (Rain, Ravenswood)",26.8056640625
1977,SON,"Min 5-Day (Rain, Ravenswood)",0.0
1977,SON,"CDD (Rain, Ravenswood)",72.0
1978,DJF,"Max Day (Rain, Ravenswood)",196.404296875
1978,DJF,"Min Day (Rain, Ravenswood)",0.0
1978,DJF,"Total (Rain, Ravenswood)",466.7861328125
1978,DJF,"R10mm (Rain, Ravenswood)",9.0
1978,DJF,"R20mm (Rain, Ravenswood)",4.0
1978,DJF,"Max 5-Day (Rain, Ravenswood)",289.02734375
1978,DJF,"Min 5-Day (Rain, Ravenswood)",0.0
1978,DJF,"CDD (Rain, Ravenswood)",20.0
1978,MAM,"Max Day (Rain, Ravenswood)",64.771484375
1978,MAM,"Min Day (Rain, Ravenswood)",0.0
1978,MAM,"Total (Rain, Ravenswood)",207.2841796875
1978,MAM,"R10mm (Rain, Ravenswood)",5.0
1978,MAM,"R20mm (Rain, Ravenswood)",4.0
1978,MAM,"Max 5-Day (Rain, Ravenswood)",126.0146484375
1978,MAM,"Min 5-Day (Rain, Ravenswood)",0.0
1978,MAM,"CDD (Rain, Ravenswood)",27.0
1978,JJA,"Max Day (Rain, Ravenswood)",31.9169921875
1978,JJA,"Min Day (Rain, Ravenswood)",0.0
1978,JJA,"Total (Rain, Ravenswood)",92.626953125
1978,JJA,"R10mm (Rain, Ravenswood)",3.0
1978,JJA,"R20mm (Rain, Ravenswood)",2.0
1978,JJA,"Max 5-Day (Rain, Ravenswood)",37.947265625
1978,JJA,"Min 5-Day (Rain, Ravenswood)",0.0
1978,JJA,"CDD (Rain, Ravenswood)",47.0
1978,SON,"Max Day (Rain, Ravenswood)",14.2802734375
1978,SON,"Min Day (Rain, Ravenswood)",0.0
1978,SON,"Total (Rain, Ravenswood)",74.716796875
1978,SON,"R10mm (Rain, Ravenswood)",4.0
1978,SON,"R20mm (Rain, Ravenswood)",0.0
1978,SON,"Max 5-Day (Rain, Ravenswood)",43.3291015625
1978,SON,"Min 5-Day (Rain, Ravenswood)",0.0
1978,SON,"CDD (Rain, Ravenswood)",45.0
1979,DJF,"Max Day (Rain, Ravenswood)",65.2744140625
1979,DJF,"Min Day (Rain, Ravenswood)",0.0
1979,DJF,"Total (Rain, Ravenswood)",418.560546875
1979,DJF,"R10mm (Rain, Ravenswood)",17.0
1979,DJF,"R20mm (Rain, Ravenswood)",3.0
1979,DJF,"Max 5-Day (Rain, Ravenswood)",110.171875
1979,DJF,"Min 5-Day (Rain, Ravenswood)",0.0
1979,DJF,"CDD (Rain, Ravenswood)",16.0
1979,MAM,"Max Day (Rain, Ravenswood)",42.3056640625
1979,MAM,"Min Day (Rain, Ravenswood)",0.0
1979,MAM,"Total (Rain, Ravenswood)",189.59765625
1979,MAM,"R10mm (Rain, Ravenswood)",6.0
1979,MAM,"R20mm (Rain, Ravenswood)",4.0
1979,MAM,"Max 5-Day (Rain, Ravenswood)",121.1494140625
1979,MAM,"Min 5-Day (Rain, Ravenswood)",0.0
1979,MAM,"CDD (Rain, Ravenswood)",30.0
1979,JJA,"Max Day (Rain, Ravenswood)",16.140625
1979,JJA,"Min Day (Rain, Ravenswood)",0.0
1979,JJA,"Total (Rain, Ravenswood)",52.21484375
1979,JJA,"R10mm (Rain, Ravenswood)",2.0
1979,JJA,"R20mm (Rain, Ravenswood)",0.0
1979,JJA,"Max 5-Day (Rain, Ravenswood)",28.806640625
1979,JJA,"Min 5-Day (Rain, Ravenswood)",0.0
1979,JJA,"CDD (Rain, Ravenswood)",35.0
1979,SON,"Max Day (Rain, Ravenswood)",3.9775390625
1979,SON,"Min Day (Rain, Ravenswood)",0.0
1979,SON,"Total (Rain, Ravenswood)",15.75
1979,SON,"R10mm (Rain, Ravenswood)",0.0
1979,SON,"R20mm (Rain, Ravenswood)",0.0
1979,SON,"Max 5-Day (Rain, Ravenswood)",4.2138671875
1979,SON,"Min 5-Day (Rain, Ravenswood)",0.0
1979,SON,"CDD (Rain, Ravenswood)",30.0
1980,DJF,"Max Day (Rain, Ravenswood)",99.6904296875
1980,DJF,"Min Day (Rain, Ravenswood)",0.0
1980,DJF,"Total (Rain, Ravenswood)",441.404296875
1980,DJF,"R10mm (Rain, Ravenswood)",11.0
1980,DJF,"R20mm (Rain, Ravenswood)",5.0
1980,DJF,"Max 5-Day (Rain, Ravenswood)",237.857421875
1980,DJF,"Min 5-Day (Rain, Ravenswood)",0.0
1980,DJF,"CDD (Rain, Ravenswood)",23.0
1980,MAM,"Max Day (Rain, Ravenswood)",36.6484375
1980,MAM,"Min Day (Rain, Ravenswood)",0.0
1980,MAM,"Total (Rain, Ravenswood)",175.529296875
1980,MAM,"R10mm (Rain, Ravenswood)",7.0
1980,MAM,"R20mm (Rain, Ravenswood)",3.0
1980,MAM,"Max 5-Day (Rain, Ravenswood)",48.0498046875
1980,MAM,"Min 5-Day (Rain, Ravenswood)",0.0
1980,MAM,"CDD (Rain, Ravenswood)",27.0
1980,JJA,"Max Day (Rain, Ravenswood)",4.2177734375
1980,JJA,"Min Day (Rain, Ravenswood)",0.0
1980,JJA,"Total (Rain, Ravenswood)",9.3056640625
1980,JJA,"R10mm (Rain, Ravenswood)",0.0
1980,JJA,"R20mm (Rain, Ravenswood)",0.0
1980,JJA,"Max 5-Day (Rain, Ravenswood)",34.578125
1980,JJA,"Min 5-Day (Rain, Ravenswood)",0.0
1980,JJA,"CDD (Rain, Ravenswood)",55.0
1980,SON,"Max Day (Rain, Ravenswood)",2.2080078125
1980,SON,"Min Day (Rain, Ravenswood)",0.0
1980,SON,"Total (Rain, Ravenswood)",9.07421875
1980,SON,"R10mm (Rain, Ravenswood)",0.0
1980,SON,"R20mm (Rain, Ravenswood)",0.0
1980,SON,"Max 5-Day (Rain, Ravenswood)",2.431640625
1980,SON,"Min 5-Day (Rain, Ravenswood)",0.0
1980,SON,"CDD (Rain, Ravenswood)",45.0
1981,DJF,"Max Day (Rain, Ravenswood)",47.1181640625
1981,DJF,"Min Day (Rain, Ravenswood)",0.0
1981,DJF,"Total (Rain, Ravenswood)",672.060546875
1981,DJF,"R10mm (Rain, Ravenswood)",24.0
1981,DJF,"R20mm (Rain, Ravenswood)",11.0
1981,DJF,"Max 5-Day (Rain, Ravenswood)",135.3740234375
1981,DJF,"Min 5-Day (Rain, Ravenswood)",0.0
1981,DJF,"CDD (Rain, Ravenswood)",10.0
1981,MAM,"Max Day (Rain, Ravenswood)",104.45703125
1981,MAM,"Min Day (Rain, Ravenswood)",0.0
1981,MAM,"Total (Rain, Ravenswood)",167.0498046875
1981,MAM,"R10mm (Rain, Ravenswood)",1.0
1981,MAM,"R20mm (Rain, Ravenswood)",1.0
1981,MAM,"Max 5-Day (Rain, Ravenswood)",114.40234375
1981,MAM,"Min 5-Day (Rain, Ravenswood)",0.0
1981,MAM,"CDD (Rain, Ravenswood)",38.0
1981,JJA,"Max Day (Rain, Ravenswood)",22.595703125
1981,JJA,"Min Day (Rain, Ravenswood)",0.0
1981,JJA,"Total (Rain, Ravenswood)",60.486328125
1981,JJA,"R10mm (Rain, Ravenswood)",1.0
1981,JJA,"R20mm (Rain, Ravenswood)",1.0
1981,JJA,"Max 5-Day (Rain, Ravenswood)",24.080078125
1981,JJA,"Min 5-Day (Rain, Ravenswood)",0.0
1981,JJA,"CDD (Rain, Ravenswood)",43.0
1981,SON,"Max Day (Rain, Ravenswood)",61.55078125
1981,SON,"Min Day (Rain, Ravenswood)",0.0
1981,SON,"Total (Rain, Ravenswood)",206.9921875
1981,SON,"R10mm (Rain, Ravenswood)",5.0
1981,SON,"R20mm (Rain, Ravenswood)",2.0
1981,SON,"Max 5-Day (Rain, Ravenswood)",147.505859375
1981,SON,"Min 5-Day (Rain, Ravenswood)",0.0
1981,SON,"CDD (Rain, Ravenswood)",31.0
1982,DJF,"Max Day (Rain, Ravenswood)",30.6796875
1982,DJF,"Min Day (Rain, Ravenswood)",0.0
1982,DJF,"Total (Rain, Ravenswood)",217.494140625
1982,DJF,"R10mm (Rain, Ravenswood)",6.0
1982,DJF,"R20mm (Rain, Ravenswood)",2.0
1982,DJF,"Max 5-Day (Rain, Ravenswood)",59.1669921875
1982,DJF,"Min 5-Day (Rain, Ravenswood)",0.0
1982,DJF,"CDD (Rain, Ravenswood)",22.0
1982,MAM,"Max Day (Rain, Ravenswood)",40.94140625
1982,MAM,"Min Day (Rain, Ravenswood)",0.0
1982,MAM,"Total (Rain, Ravenswood)",115.8876953125
1982,MAM,"R10mm (Rain, Ravenswood)",3.0
1982,MAM,"R20mm (Rain, Ravenswood)",1.0
1982,MAM,"Max 5-Day (Rain, Ravenswood)",52.1630859375
1982,MAM,"Min 5-Day (Rain, Ravenswood)",0.0
1982,MAM,"CDD (Rain, Ravenswood)",30.0
1982,JJA,"Max Day (Rain, Ravenswood)",0.6962890625
1982,JJA,"Min Day (Rain, Ravenswood)",0.0
1982,JJA,"Total (Rain, Ravenswood)",1.880859375
1982,JJA,"R10mm (Rain, Ravenswood)",0.0
1982,JJA,"R20mm (Rain, Ravenswood)",0.0
1982,JJA,"Max 5-Day (Rain, Ravenswood)",0.8896484375
1982,JJA,"Min 5-Day (Rain, Ravenswood)",0.0
1982,JJA,"CDD (Rain, Ravenswood)",92.0
1982,SON,"Max Day (Rain, Ravenswood)",0.3056640625
1982,SON,"Min Day (Rain, Ravenswood)",0.0
1982,SON,"Total (Rain, Ravenswood)",0.8779296875
1982,SON,"R10mm (Rain, Ravenswood)",0.0
1982,SON,"R20mm (Rain, Ravenswood)",0.0
1982,SON,"Max 5-Day (Rain, Ravenswood)",0.501953125
1982,SON,"Min 5-Day (Rain, Ravenswood)",0.0
1982,SON,"CDD (Rain, Ravenswood)",91.0
1983,DJF,"Max Day (Rain, Ravenswood)",27.0146484375
1983,DJF,"Min Day (Rain, Ravenswood)",0.0
1983,DJF,"Total (Rain, Ravenswood)",116.2392578125
1983,DJF,"R10mm (Rain, Ravenswood)",2.0
1983,DJF,"R20mm (Rain, Ravenswood)",2.0
1983,DJF,"Max 5-Day (Rain, Ravenswood)",74.3369140625
1983,DJF,"Min 5-Day (Rain, Ravenswood)",0.0
1983,DJF,"CDD (Rain, Ravenswood)",20.0
1983,MAM,"Max Day (Rain, Ravenswood)",60.302734375
1983,MAM,"Min Day (Rain, Ravenswood)",0.0
1983,MAM,"Total (Rain, Ravenswood)",395.5
1983,MAM,"R10mm (Rain, Ravenswood)",8.0
1983,MAM,"R20mm (Rain, Ravenswood)",5.0
1983,MAM,"Max 5-Day (Rain, Ravenswood)",207.412109375
1983,MAM,"Min 5-Day (Rain, Ravenswood)",0.0
1983,MAM,"CDD (Rain, Ravenswood)",10.0
1983,JJA,"Max Day (Rain, Ravenswood)",29.7548828125
1983,JJA,"Min Day (Rain, Ravenswood)",0.0
1983,JJA,"Total (Rain, Ravenswood)",42.9296875
1983,JJA,"R10mm (Rain, Ravenswood)",1.0
1983,JJA,"R20mm (Rain, Ravenswood)",1.0
1983,JJA,"Max 5-Day (Rain, Ravenswood)",41.71875
1983,JJA,"Min 5-Day (Rain, Ravenswood)",0.0
1983,JJA,"CDD (Rain, Ravenswood)",72.0
1983,SON,"Max Day (Rain, Ravenswood)",18.423828125
1983,SON,"Min Day (Rain, Ravenswood)",0.0
1983,SON,"Total (Rain, Ravenswood)",86.404296875
1983,SON,"R10mm (Rain, Ravenswood)",2.0
1983,SON,"R20mm (Rain, Ravenswood)",0.0
1983,SON,"Max 5-Day (Rain, Ravenswood)",26.4013671875
1983,SON,"Min 5-Day (Rain, Ravenswood)",0.0
1983,SON,"CDD (Rain, Ravenswood)",45.0
1984,DJF,"Max Day (Rain, Ravenswood)",24.912109375
1984,DJF,"Min Day (Rain, Ravenswood)",0.0
1984,DJF,"Total (Rain, Ravenswood)",244.71875
1984,DJF,"R10mm (Rain, Ravenswood)",8.0
1984,DJF,"R20mm (Rain, Ravenswood)",1.0
1984,DJF,"Max 5-Day (Rain, Ravenswood)",57.064453125
1984,DJF,"Min 5-Day (Rain, Ravenswood)",0.0029296875
1984,DJF,"CDD (Rain, Ravenswood)",12.0
1984,MAM,"Max Day (Rain, Ravenswood)",41.681640625
1984,MAM,"Min Day (Rain, Ravenswood)",0.0
1984,MAM,"Total (Rain, Ravenswood)",72.533203125
1984,MAM,"R10mm (Rain, Ravenswood)",1.0
1984,MAM,"R20mm (Rain, Ravenswood)",1.0
1984,MAM,"Max 5-Day (Rain, Ravenswood)",47.515625
1984,MAM,"Min 5-Day (Rain, Ravenswood)",0.0
1984,MAM,"CDD (Rain, Ravenswood)",34.0
1984,JJA,"Max Day (Rain, Ravenswood)",37.3994140625
1984,JJA,"Min Day (Rain, Ravenswood)",0.0
1984,JJA,"Total (Rain, Ravenswood)",90.537109375
1984,JJA,"R10mm (Rain, Ravenswood)",3.0
1984,JJA,"R20mm (Rain, Ravenswood)",1.0
1984,JJA,"Max 5-Day (Rain, Ravenswood)",74.5478515625
1984,JJA,"Min 5-Day (Rain, Ravenswood)",0.0
1984,JJA,"CDD (Rain, Ravenswood)",41.0
1984,SON,"Max Day (Rain, Ravenswood)",14.392578125
1984,SON,"Min Day (Rain, Ravenswood)",0.0
1984,SON,"Total (Rain, Ravenswood)",91.75390625
1984,SON,"R10mm (Rain, Ravenswood)",2.0
1984,SON,"R20mm (Rain, Ravenswood)",0.0
1984,SON,"Max 5-Day (Rain, Ravenswood)",21.8603515625
1984,SON,"Min 5-Day (Rain, Ravenswood)",0.0
1984,SON,"CDD (Rain, Ravenswood)",30.0
1985,DJF,"Max Day (Rain, Ravenswood)",53.029296875
1985,DJF,"Min Day (Rain, Ravenswood)",0.0
1985,DJF,"Total (Rain, Ravenswood)",230.8388671875
1985,DJF,"R10mm (Rain, Ravenswood)",7.0
1985,DJF,"R20mm (Rain, Ravenswood)",2.0
1985,DJF,"Max 5-Day (Rain, Ravenswood)",67.6572265625
1985,DJF,"Min 5-Day (Rain, Ravenswood)",0.0
1985,DJF,"CDD (Rain, Ravenswood)",32.0
1985,MAM,"Max Day (Rain, Ravenswood)",29.458984375
1985,MAM,"Min Day (Rain, Ravenswood)",0.0
1985,MAM,"Total (Rain, Ravenswood)",158.4306640625
1985,MAM,"R10mm (Rain, Ravenswood)",5.0
1985,MAM,"R20mm (Rain, Ravenswood)",3.0
1985,MAM,"Max 5-Day (Rain, Ravenswood)",66.857421875
1985,MAM,"Min 5-Day (Rain, Ravenswood)",0.0
1985,MAM,"CDD (Rain, Ravenswood)",17.0
1985,JJA,"Max Day (Rain, Ravenswood)",37.9365234375
1985,JJA,"Min Day (Rain, Ravenswood)",0.0
1985,JJA,"Total (Rain, Ravenswood)",113.8505859375
1985,JJA,"R10mm (Rain, Ravenswood)",3.0
1985,JJA,"R20mm (Rain, Ravenswood)",3.0
1985,JJA,"Max 5-Day (Rain, Ravenswood)",67.8291015625
1985,JJA,"Min 5-Day (Rain, Ravenswood)",0.0
1985,JJA,"CDD (Rain, Ravenswood)",53.0
1985,SON,"Max Day (Rain, Ravenswood)",29.2998046875
1985,SON,"Min Day (Rain, Ravenswood)",0.0
1985,SON,"Total (Rain, Ravenswood)",155.6826171875
1985,SON,"R10mm (Rain, Ravenswood)",7.0
1985,SON,"R20mm (Rain, Ravenswood)",1.0
1985,SON,"Max 5-Day (Rain, Ravenswood)",77.2509765625
1985,SON,"Min 5-Day (Rain, Ravenswood)",0.0
1985,SON,"CDD (Rain, Ravenswood)",37.0
1986,DJF,"Max Day (Rain, Ravenswood)",36.16796875
1986,DJF,"Min Day (Rain, Ravenswood)",0.0
1986,DJF,"Total (Rain, Ravenswood)",249.4013671875
1986,DJF,"R10mm (Rain, Ravenswood)",6.0
1986,DJF,"R20mm (Rain, Ravenswood)",3.0
1986,DJF,"Max 5-Day (Rain, Ravenswood)",74.6142578125
1986,DJF,"Min 5-Day (Rain, Ravenswood)",0.0068359375
1986,DJF,"CDD (Rain, Ravenswood)",10.0
1986,MAM,"Max Day (Rain, Ravenswood)",26.861328125
1986,MAM,"Min Day (Rain, Ravenswood)",0.0
1986,MAM,"Total (Rain, Ravenswood)",121.8203125
1986,MAM,"R10mm (Rain, Ravenswood)",5.0
1986,MAM,"R20mm (Rain, Ravenswood)",1.0
1986,MAM,"Max 5-Day (Rain, Ravenswood)",52.8759765625
1986,MAM,"Min 5-Day (Rain, Ravenswood)",0.0
1986,MAM,"CDD (Rain, Ravenswood)",20.0
1986,JJA,"Max Day (Rain, Ravenswood)",15.447265625
1986,JJA,"Min Day (Rain, Ravenswood)",0.0
1986,JJA,"Total (Rain, Ravenswood)",56.505859375
1986,JJA,"R10mm (Rain, Ravenswood)",2.0
1986,JJA,"R20mm (Rain, Ravenswood)",0.0
1986,JJA,"Max 5-Day (Rain, Ravenswood)",23.4716796875
1986,JJA,"Min 5-Day (Rain, Ravenswood)",0.0
1986,JJA,"CDD (Rain, Ravenswood)",28.0
1986,SON,"Max Day (Rain, Ravenswood)",31.2607421875
1986,SON,"Min Day (Rain, Ravenswood)",0.0
1986,SON,"Total (Rain, Ravenswood)",97.9345703125
1986,SON,"R10mm (Rain, Ravenswood)",2.0
1986,SON,"R20mm (Rain, Ravenswood)",2.0
1986,SON,"Max 5-Day (Rain, Ravenswood)",61.0498046875
1986,SON,"Min 5-Day (Rain, Ravenswood)",0.0
1986,SON,"CDD (Rain, Ravenswood)",20.0
1987,DJF,"Max Day (Rain, Ravenswood)",18.6376953125
1987,DJF,"Min Day (Rain, Ravenswood)",0.0
1987,DJF,"Total (Rain, Ravenswood)",134.064453125
1987,DJF,"R10mm (Rain, Ravenswood)",1.0
1987,DJF,"R20mm (Rain, Ravenswood)",0.0
1987,DJF,"Max 5-Day (Rain, Ravenswood)",24.7314453125
1987,DJF,"Min 5-Day (Rain, Ravenswood)",0.0
1987,DJF,"CDD (Rain, Ravenswood)",12.0
1987,MAM,"Max Day (Rain, Ravenswood)",23.3583984375
1987,MAM,"Min Day (Rain, Ravenswood)",0.0
1987,MAM,"Total (Rain, Ravenswood)",93.662109375
1987,MAM,"R10mm (Rain, Ravenswood)",2.0
1987,MAM,"R20mm (Rain, Ravenswood)",1.0
1987,MAM,"Max 5-Day (Rain, Ravenswood)",56.76171875
1987,MAM,"Min 5-Day (Rain, Ravenswood)",0.0
1987,MAM,"CDD (Rain, Ravenswood)",21.0
1987,JJA,"Max Day (Rain, Ravenswood)",6.857421875
1987,JJA,"Min Day (Rain, Ravenswood)",0.0
1987,JJA,"Total (Rain, Ravenswood)",38.6240234375
1987,JJA,"R10mm (Rain, Ravenswood)",0.0
1987,JJA,"R20mm (Rain, Ravenswood)",0.0
1987,JJA,"Max 5-Day (Rain, Ravenswood)",12.5185546875
1987,JJA,"Min 5-Day (Rain, Ravenswood)",0.0
1987,JJA,"CDD (Rain, Ravenswood)",32.0
1987,SON,"Max Day (Rain, Ravenswood)",15.580078125
1987,SON,"Min Day (Rain, Ravenswood)",0.0
1987,SON,"Total (Rain, Ravenswood)",96.423828125
1987,SON,"R10mm (Rain, Ravenswood)",2.0
1987,SON,"R20mm (Rain, Ravenswood)",0.0
1987,SON,"Max 5-Day (Rain, Ravenswood)",20.2373046875
1987,SON,"Min 5-Day (Rain, Ravenswood)",0.0
1987,SON,"CDD (Rain, Ravenswood)",22.0
1988,DJF,"Max Day (Rain, Ravenswood)",58.5322265625
1988,DJF,"Min Day (Rain, Ravenswood)",0.0
1988,DJF,"Total (Rain, Ravenswood)",285.9306640625
1988,DJF,"R10mm (Rain, Ravenswood)",6.0
1988,DJF,"R20mm (Rain, Ravenswood)",4.0
1988,DJF,"Max 5-Day (Rain, Ravenswood)",128.1181640625
1988,DJF,"Min 5-Day (Rain, Ravenswood)",0.0
1988,DJF,"CDD (Rain, Ravenswood)",25.0
1988,MAM,"Max Day (Rain, Ravenswood)",52.3251953125
1988,MAM,"Min Day (Rain, Ravenswood)",0.0
1988,MAM,"Total (Rain, Ravenswood)",196.759765625
1988,MAM,"R10mm (Rain, Ravenswood)",5.0
1988,MAM,"R20mm (Rain, Ravenswood)",3.0
1988,MAM,"Max 5-Day (Rain, Ravenswood)",173.080078125
1988,MAM,"Min 5-Day (Rain, Ravenswood)",0.0
1988,MAM,"CDD (Rain, Ravenswood)",28.0
1988,JJA,"Max Day (Rain, Ravenswood)",29.703125
1988,JJA,"Min Day (Rain, Ravenswood)",0.0
1988,JJA,"Total (Rain, Ravenswood)",78.865234375
1988,JJA,"R10mm (Rain, Ravenswood)",2.0
1988,JJA,"R20mm (Rain, Ravenswood)",1.0
1988,JJA,"Max 5-Day (Rain, Ravenswood)",38.0732421875
1988,JJA,"Min 5-Day (Rain, Ravenswood)",0.0
1988,JJA,"CDD (Rain, Ravenswood)",47.0
1988,SON,"Max Day (Rain, Ravenswood)",19.6015625
1988,SON,"Min Day (Rain, Ravenswood)",0.0
1988,SON,"Total (Rain, Ravenswood)",94.5498046875
1988,SON,"R10mm (Rain, Ravenswood)",3.0
1988,SON,"R20mm (Rain, Ravenswood)",0.0
1988,SON,"Max 5-Day (Rain, Ravenswood)",43.28125
1988,SON,"Min 5-Day (Rain, Ravenswood)",0.0
1988,SON,"CDD (Rain, Ravenswood)",41.0
1989,DJF,"Max Day (Rain, Ravenswood)",45.3037109375
1989,DJF,"Min Day (Rain, Ravenswood)",0.0
1989,DJF,"Total (Rain, Ravenswood)",396.6904296875
1989,DJF,"R10mm (Rain, Ravenswood)",12.0
1989,DJF,"R20mm (Rain, Ravenswood)",5.0
1989,DJF,"Max 5-Day (Rain, Ravenswood)",81.9658203125
1989,DJF,"Min 5-Day (Rain, Ravenswood)",0.001953125
1989,DJF,"CDD (Rain, Ravenswood)",14.0
1989,MAM,"Max Day (Rain, Ravenswood)",72.5595703125
1989,MAM,"Min Day (Rain, Ravenswood)",0.0
1989,MAM,"Total (Rain, Ravenswood)",432.1630859375
1989,MAM,"R10mm (Rain, Ravenswood)",14.0
1989,MAM,"R20mm (Rain, Ravenswood)",4.0
1989,MAM,"Max 5-Day (Rain, Ravenswood)",163.15234375
1989,MAM,"Min 5-Day (Rain, Ravenswood)",0.001953125
1989,MAM,"CDD (Rain, Ravenswood)",12.0
1989,JJA,"Max Day (Rain, Ravenswood)",26.560546875
1989,JJA,"Min Day (Rain, Ravenswood)",0.0
1989,JJA,"Total (Rain, Ravenswood)",129.9033203125
1989,JJA,"R10mm (Rain, Ravenswood)",4.0
1989,JJA,"R20mm (Rain, Ravenswood)",2.0
1989,JJA,"Max 5-Day (Rain, Ravenswood)",46.09375
1989,JJA,"Min 5-Day (Rain, Ravenswood)",0.0
1989,JJA,"CDD (Rain, Ravenswood)",42.0
1989,SON,"Max Day (Rain, Ravenswood)",32.1396484375
1989,SON,"Min Day (Rain, Ravenswood)",0.0
1989,SON,"Total (Rain, Ravenswood)",113.80859375
1989,SON,"R10mm (Rain, Ravenswood)",3.0
1989,SON,"R20mm (Rain, Ravenswood)",1.0
1989,SON,"Max 5-Day (Rain, Ravenswood)",39.49609375
1989,SON,"Min 5-Day (Rain, Ravenswood)",0.0
1989,SON,"CDD (Rain, Ravenswood)",56.0
1990,DJF,"Max Day (Rain, Ravenswood)",28.896484375
1990,DJF,"Min Day (Rain, Ravenswood)",0.0
1990,DJF,"Total (Rain, Ravenswood)",139.3974609375
1990,DJF,"R10mm (Rain, Ravenswood)",6.0
1990,DJF,"R20mm (Rain, Ravenswood)",2.0
1990,DJF,"Max 5-Day (Rain, Ravenswood)",55.69921875
1990,DJF,"Min 5-Day (Rain, Ravenswood)",0.0
1990,DJF,"CDD (Rain, Ravenswood)",19.0
1990,MAM,"Max Day (Rain, Ravenswood)",158.9384765625
1990,MAM,"Min Day (Rain, Ravenswood)",0.0
1990,MAM,"Total (Rain, Ravenswood)",542.6640625
1990,MAM,"R10mm (Rain, Ravenswood)",11.0
1990,MAM,"R20mm (Rain, Ravenswood)",8.0
1990,MAM,"Max 5-Day (Rain, Ravenswood)",242.05078125
1990,MAM,"Min 5-Day (Rain, Ravenswood)",0.0
1990,MAM,"CDD (Rain, Ravenswood)",20.0
1990,JJA,"Max Day (Rain, Ravenswood)",80.77734375
1990,JJA,"Min Day (Rain, Ravenswood)",0.0
1990,JJA,"Total (Rain, Ravenswood)",125.1416015625
1990,JJA,"R10mm (Rain, Ravenswood)",2.0
1990,JJA,"R20mm (Rain, Ravenswood)",2.0
1990,JJA,"Max 5-Day (Rain, Ravenswood)",95.359375
1990,JJA,"Min 5-Day (Rain, Ravenswood)",0.0
1990,JJA,"CDD (Rain, Ravenswood)",49.0
1990,SON,"Max Day (Rain, Ravenswood)",9.3857421875
1990,SON,"Min Day (Rain, Ravenswood)",0.0
1990,SON,"Total (Rain, Ravenswood)",26.1162109375
1990,SON,"R10mm (Rain, Ravenswood)",0.0
1990,SON,"R20mm (Rain, Ravenswood)",0.0
1990,SON,"Max 5-Day (Rain, Ravenswood)",17.44921875
1990,SON,"Min 5-Day (Rain, Ravenswood)",0.0
1990,SON,"CDD (Rain, Ravenswood)",38.0
1991,DJF,"Max Day (Rain, Ravenswood)",147.3056640625
1991,DJF,"Min Day (Rain, Ravenswood)",0.0
1991,DJF,"Total (Rain, Ravenswood)",1188.9755859375
1991,DJF,"R10mm (Rain, Ravenswood)",26.0
1991,DJF,"R20mm (Rain, Ravenswood)",17.0
1991,DJF,"Max 5-Day (Rain, Ravenswood)",282.470703125
1991,DJF,"Min 5-Day (Rain, Ravenswood)",0.0
1991,DJF,"CDD (Rain, Ravenswood)",7.0
1991,MAM,"Max Day (Rain, Ravenswood)",10.1259765625
1991,MAM,"Min Day (Rain, Ravenswood)",0.0
1991,MAM,"Total (Rain, Ravenswood)",48.4931640625
1991,MAM,"R10mm (Rain, Ravenswood)",1.0
1991,MAM,"R20mm (Rain, Ravenswood)",0.0
1991,MAM,"Max 5-Day (Rain, Ravenswood)",10.9833984375
1991,MAM,"Min 5-Day (Rain, Ravenswood)",0.0
1991,MAM,"CDD (Rain, Ravenswood)",36.0
1991,JJA,"Max Day (Rain, Ravenswood)",5.8447265625
1991,JJA,"Min Day (Rain, Ravenswood)",0.0
1991,JJA,"Total (Rain, Ravenswood)",8.9345703125
1991,JJA,"R10mm (Rain, Ravenswood)",0.0
1991,JJA,"R20mm (Rain, Ravenswood)",0.0
1991,JJA,"Max 5-Day (Rain, Ravenswood)",6.4306640625
1991,JJA,"Min 5-Day (Rain, Ravenswood)",0.0
1991,JJA,"CDD (Rain, Ravenswood)",71.0
1991,SON,"Max Day (Rain, Ravenswood)",16.8408203125
1991,SON,"Min Day (Rain, Ravenswood)",0.0
1991,SON,"Total (Rain, Ravenswood)",33.0634765625
1991,SON,"R10mm (Rain, Ravenswood)",2.0
1991,SON,"R20mm (Rain, Ravenswood)",0.0
1991,SON,"Max 5-Day (Rain, Ravenswood)",32.33984375
1991,SON,"Min 5-Day (Rain, Ravenswood)",0.0
1991,SON,"CDD (Rain, Ravenswood)",75.0
1992,DJF,"Max Day (Rain, Ravenswood)",41.234375
1992,DJF,"Min Day (Rain, Ravenswood)",0.0
1992,DJF,"Total (Rain, Ravenswood)",238.3232421875
1992,DJF,"R10mm (Rain, Ravenswood)",4.0
1992,DJF,"R20mm (Rain, Ravenswood)",2.0
1992,DJF,"Max 5-Day (Rain, Ravenswood)",61.658203125
1992,DJF,"Min 5-Day (Rain, Ravenswood)",0.0
1992,DJF,"CDD (Rain, Ravenswood)",11.0
1992,MAM,"Max Day (Rain, Ravenswood)",26.4443359375
1992,MAM,"Min Day (Rain, Ravenswood)",0.0
1992,MAM,"Total (Rain, Ravenswood)",86.708984375
1992,MAM,"R10mm (Rain, Ravenswood)",2.0
1992,MAM,"R20mm (Rain, Ravenswood)",1.0
1992,MAM,"Max 5-Day (Rain, Ravenswood)",52.2041015625
1992,MAM,"Min 5-Day (Rain, Ravenswood)",0.0009765625
1992,MAM,"CDD (Rain, Ravenswood)",35.0
1992,JJA,"Max Day (Rain, Ravenswood)",16.4970703125
1992,JJA,"Min Day (Rain, Ravenswood)",0.0
1992,JJA,"Total (Rain, Ravenswood)",21.35546875
1992,JJA,"R10mm (Rain, Ravenswood)",1.0
1992,JJA,"R20mm (Rain, Ravenswood)",0.0
1992,JJA,"Max 5-Day (Rain, Ravenswood)",16.6552734375
1992,JJA,"Min 5-Day (Rain, Ravenswood)",0.0
1992,JJA,"CDD (Rain, Ravenswood)",29.0
1992,SON,"Max Day (Rain, Ravenswood)",16.630859375
1992,SON,"Min Day (Rain, Ravenswood)",0.0
1992,SON,"Total (Rain, Ravenswood)",50.1337890625
1992,SON,"R10mm (Rain, Ravenswood)",2.0
1992,SON,"R20mm (Rain, Ravenswood)",0.0
1992,SON,"Max 5-Day (Rain, Ravenswood)",24.1220703125
1992,SON,"Min 5-Day (Rain, Ravenswood)",0.0
1992,SON,"CDD (Rain, Ravenswood)",38.0
1993,DJF,"Max Day (Rain, Ravenswood)",45.0986328125
1993,DJF,"Min Day (Rain, Ravenswood)",0.0
1993,DJF,"Total (Rain, Ravenswood)",203.787109375
1993,DJF,"R10mm (Rain, Ravenswood)",6.0
1993,DJF,"R20mm (Rain, Ravenswood)",1.0
1993,DJF,"Max 5-Day (Rain, Ravenswood)",67.9140625
1993,DJF,"Min 5-Day (Rain, Ravenswood)",0.0
1993,DJF,"CDD (Rain, Ravenswood)",23.0
1993,MAM,"Max Day (Rain, Ravenswood)",10.5634765625
1993,MAM,"Min Day (Rain, Ravenswood)",0.0
1993,MAM,"Total (Rain, Ravenswood)",20.50390625
1993,MAM,"R10mm (Rain, Ravenswood)",1.0
1993,MAM,"R20mm (Rain, Ravenswood)",0.0
1993,MAM,"Max 5-Day (Rain, Ravenswood)",11.19140625
1993,MAM,"Min 5-Day (Rain, Ravenswood)",0.001953125
1993,MAM,"CDD (Rain, Ravenswood)",42.0
1993,JJA,"Max Day (Rain, Ravenswood)",8.107421875
1993,JJA,"Min Day (Rain, Ravenswood)",0.0
1993,JJA,"Total (Rain, Ravenswood)",31.1083984375
1993,JJA,"R10mm (Rain, Ravenswood)",0.0
1993,JJA,"R20mm (Rain, Ravenswood)",0.0
1993,JJA,"Max 5-Day (Rain, Ravenswood)",13.1142578125
1993,JJA,"Min 5-Day (Rain, Ravenswood)",0.0
1993,JJA,"CDD (Rain, Ravenswood)",37.0
1993,SON,"Max Day (Rain, Ravenswood)",23.9833984375
1993,SON,"Min Day (Rain, Ravenswood)",0.0
1993,SON,"Total (Rain, Ravenswood)",99.515625
1993,SON,"R10mm (Rain, Ravenswood)",4.0
1993,SON,"R20mm (Rain, Ravenswood)",1.0
1993,SON,"Max 5-Day (Rain, Ravenswood)",42.5927734375
1993,SON,"Min 5-Day (Rain, Ravenswood)",0.0
1993,SON,"CDD (Rain, Ravenswood)",29.0
1994,DJF,"Max Day (Rain, Ravenswood)",57.7294921875
1994,DJF,"Min Day (Rain, Ravenswood)",0.0
1994,DJF,"Total (Rain, Ravenswood)",250.8232421875
1994,DJF,"R10mm (Rain, Ravenswood)",6.0
1994,DJF,"R20mm (Rain, Ravenswood)",2.0
1994,DJF,"Max 5-Day (Rain, Ravenswood)",101.9765625
1994,DJF,"Min 5-Day (Rain, Ravenswood)",0.0009765625
1994,DJF,"CDD (Rain, Ravenswood)",9.0
1994,MAM,"Max Day (Rain, Ravenswood)",34.5322265625
1994,MAM,"Min Day (Rain, Ravenswood)",0.0
1994,MAM,"Total (Rain, Ravenswood)",143.9208984375
1994,MAM,"R10mm (Rain, Ravenswood)",5.0
1994,MAM,"R20mm (Rain, Ravenswood)",1.0
1994,MAM,"Max 5-Day (Rain, Ravenswood)",68.9853515625
1994,MAM,"Min 5-Day (Rain, Ravenswood)",0.0
1994,MAM,"CDD (Rain, Ravenswood)",33.0
1994,JJA,"Max Day (Rain, Ravenswood)",3.115234375
1994,JJA,"Min Day (Rain, Ravenswood)",0.0
1994,JJA,"Total (Rain, Ravenswood)",7.5888671875
1994,JJA,"R10mm (Rain, Ravenswood)",0.0
1994,JJA,"R20mm (Rain, Ravenswood)",0.0
1994,JJA,"Max 5-Day (Rain, Ravenswood)",5.1806640625
1994,JJA,"Min 5-Day (Rain, Ravenswood)",0.0
1994,JJA,"CDD (Rain, Ravenswood)",84.0
1994,SON,"Max Day (Rain, Ravenswood)",1.740234375
1994,SON,"Min Day (Rain, Ravenswood)",0.0
1994,SON,"Total (Rain, Ravenswood)",5.8642578125
1994,SON,"R10mm (Rain, Ravenswood)",0.0
1994,SON,"R20mm (Rain, Ravenswood)",0.0
1994,SON,"Max 5-Day (Rain, Ravenswood)",2.0244140625
1994,SON,"Min 5-Day (Rain, Ravenswood)",0.0
1994,SON,"CDD (Rain, Ravenswood)",55.0
1995,DJF,"Max Day (Rain, Ravenswood)",27.28515625
1995,DJF,"Min Day (Rain, Ravenswood)",0.0
1995,DJF,"Total (Rain, Ravenswood)",205.962890625
1995,DJF,"R10mm (Rain, Ravenswood)",6.0
1995,DJF,"R20mm (Rain, Ravenswood)",3.0
1995,DJF,"Max 5-Day (Rain, Ravenswood)",84.4833984375
1995,DJF,"Min 5-Day (Rain, Ravenswood)",0.0078125
1995,DJF,"CDD (Rain, Ravenswood)",11.0
1995,MAM,"Max Day (Rain, Ravenswood)",21.197265625
1995,MAM,"Min Day (Rain, Ravenswood)",0.0
1995,MAM,"Total (Rain, Ravenswood)",54.318359375
1995,MAM,"R10mm (Rain, Ravenswood)",1.0
1995,MAM,"R20mm (Rain, Ravenswood)",1.0
1995,MAM,"Max 5-Day (Rain, Ravenswood)",25.546875
1995,MAM,"Min 5-Day (Rain, Ravenswood)",0.0
1995,MAM,"CDD (Rain, Ravenswood)",27.0
1995,JJA,"Max Day (Rain, Ravenswood)",38.0546875
1995,JJA,"Min Day (Rain, Ravenswood)",0.0
1995,JJA,"Total (Rain, Ravenswood)",79.3544921875
1995,JJA,"R10mm (Rain, Ravenswood)",3.0
1995,JJA,"R20mm (Rain, Ravenswood)",1.0
1995,JJA,"Max 5-Day (Rain, Ravenswood)",57.78125
1995,JJA,"Min 5-Day (Rain, Ravenswood)",0.0
1995,JJA,"CDD (Rain, Ravenswood)",62.0
1995,SON,"Max Day (Rain, Ravenswood)",33.2861328125
1995,SON,"Min Day (Rain, Ravenswood)",0.0
1995,SON,"Total (Rain, Ravenswood)",120.7119140625
1995,SON,"R10mm (Rain, Ravenswood)",3.0
1995,SON,"R20mm (Rain, Ravenswood)",2.0
1995,SON,"Max 5-Day (Rain, Ravenswood)",51.533203125
1995,SON,"Min 5-Day (Rain, Ravenswood)",0.0
1995,SON,"CDD (Rain, Ravenswood)",33.0
1996,DJF,"Max Day (Rain, Ravenswood)",62.099609375
1996,DJF,"Min Day (Rain, Ravenswood)",0.0
1996,DJF,"Total (Rain, Ravenswood)",314.2021484375
1996,DJF,"R10mm (Rain, Ravenswood)",7.0
1996,DJF,"R20mm (Rain, Ravenswood)",5.0
1996,DJF,"Max 5-Day (Rain, Ravenswood)",191.1630859375
1996,DJF,"Min 5-Day (Rain, Ravenswood)",0.0
1996,DJF,"CDD (Rain, Ravenswood)",19.0
1996,MAM,"Max Day (Rain, Ravenswood)",20.7646484375
1996,MAM,"Min Day (Rain, Ravenswood)",0.0
1996,MAM,"Total (Rain, Ravenswood)",79.447265625
1996,MAM,"R10mm (Rain, Ravenswood)",1.0
1996,MAM,"R20mm (Rain, Ravenswood)",1.0
1996,MAM,"Max 5-Day (Rain, Ravenswood)",30.8837890625
1996,MAM,"Min 5-Day (Rain, Ravenswood)",0.0
1996,MAM,"CDD (Rain, Ravenswood)",30.0
1996,JJA,"Max Day (Rain, Ravenswood)",14.8759765625
1996,JJA,"Min Day (Rain, Ravenswood)",0.0
1996,JJA,"Total (Rain, Ravenswood)",33.546875
1996,JJA,"R10mm (Rain, Ravenswood)",1.0
1996,JJA,"R20mm (Rain, Ravenswood)",0.0
1996,JJA,"Max 5-Day (Rain, Ravenswood)",25.62890625
1996,JJA,"Min 5-Day (Rain, Ravenswood)",0.0
1996,JJA,"CDD (Rain, Ravenswood)",22.0
1996,SON,"Max Day (Rain, Ravenswood)",18.00390625
1996,SON,"Min Day (Rain, Ravenswood)",0.0
1996,SON,"Total (Rain, Ravenswood)",66.48046875
1996,SON,"R10mm (Rain, Ravenswood)",2.0
1996,SON,"R20mm (Rain, Ravenswood)",0.0
1996,SON,"Max 5-Day (Rain, Ravenswood)",39.4384765625
1996,SON,"Min 5-Day (Rain, Ravenswood)",0.0
1996,SON,"CDD (Rain, Ravenswood)",29.0
1997,DJF,"Max Day (Rain, Ravenswood)",46.9794921875
1997,DJF,"Min Day (Rain, Ravenswood)",0.0
1997,DJF,"Total (Rain, Ravenswood)",420.6435546875
1997,DJF,"R10mm (Rain, Ravenswood)",15.0
1997,DJF,"R20mm (Rain, Ravenswood)",7.0
1997,DJF,"Max 5-Day (Rain, Ravenswood)",125.939453125
1997,DJF,"Min 5-Day (Rain, Ravenswood)",0.0
1997,DJF,"CDD (Rain, Ravenswood)",14.0
1997,MAM,"Max Day (Rain, Ravenswood)",86.296875
1997,MAM,"Min Day (Rain, Ravenswood)",0.0
1997,MAM,"Total (Rain, Ravenswood)",261.814453125
1997,MAM,"R10mm (Rain, Ravenswood)",7.0
1997,MAM,"R20mm (Rain, Ravenswood)",3.0
1997,MAM,"Max 5-Day (Rain, Ravenswood)",142.2294921875
1997,MAM,"Min 5-Day (Rain, Ravenswood)",0.0
1997,MAM,"CDD (Rain, Ravenswood)",38.0
1997,JJA,"Max Day (Rain, Ravenswood)",11.3447265625
1997,JJA,"Min Day (Rain, Ravenswood)",0.0
1997,JJA,"Total (Rain, Ravenswood)",44.435546875
1997,JJA,"R10mm (Rain, Ravenswood)",2.0
1997,JJA,"R20mm (Rain, Ravenswood)",0.0
1997,JJA,"Max 5-Day (Rain, Ravenswood)",13.14453125
1997,JJA,"Min 5-Day (Rain, Ravenswood)",0.0
1997,JJA,"CDD (Rain, Ravenswood)",29.0
1997,SON,"Max Day (Rain, Ravenswood)",7.0205078125
1997,SON,"Min Day (Rain, Ravenswood)",0.0
1997,SON,"Total (Rain, Ravenswood)",19.455078125
1997,SON,"R10mm (Rain, Ravenswood)",0.0
1997,SON,"R20mm (Rain, Ravenswood)",0.0
1997,SON,"Max 5-Day (Rain, Ravenswood)",22.8994140625
1997,SON,"Min 5-Day (Rain, Ravenswood)",0.0
1997,SON,"CDD (Rain, Ravenswood)",46.0
1998,DJF,"Max Day (Rain, Ravenswood)",74.1787109375
1998,DJF,"Min Day (Rain, Ravenswood)",0.0
1998,DJF,"Total (Rain, Ravenswood)",492.876953125
1998,DJF,"R10mm (Rain, Ravenswood)",15.0
1998,DJF,"R20mm (Rain, Ravenswood)",6.0
1998,DJF,"Max 5-Day (Rain, Ravenswood)",150.36328125
1998,DJF,"Min 5-Day (Rain, Ravenswood)",0.0
1998,DJF,"CDD (Rain, Ravenswood)",12.0
1998,MAM,"Max Day (Rain, Ravenswood)",51.072265625
1998,MAM,"Min Day (Rain, Ravenswood)",0.0
1998,MAM,"Total (Rain, Ravenswood)",165.86328125
1998,MAM,"R10mm (Rain, Ravenswood)",2.0
1998,MAM,"R20mm (Rain, Ravenswood)",2.0
1998,MAM,"Max 5-Day (Rain, Ravenswood)",59.35546875
1998,MAM,"Min 5-Day (Rain, Ravenswood)",0.0
1998,MAM,"CDD (Rain, Ravenswood)",17.0
1998,JJA,"Max Day (Rain, Ravenswood)",73.7060546875
1998,JJA,"Min Day (Rain, Ravenswood)",0.0
1998,JJA,"Total (Rain, Ravenswood)",232.1953125
1998,JJA,"R10mm (Rain, Ravenswood)",5.0
1998,JJA,"R20mm (Rain, Ravenswood)",3.0
1998,JJA,"Max 5-Day (Rain, Ravenswood)",193.4609375
1998,JJA,"Min 5-Day (Rain, Ravenswood)",0.0
1998,JJA,"CDD (Rain, Ravenswood)",27.0
1998,SON,"Max Day (Rain, Ravenswood)",39.8408203125
1998,SON,"Min Day (Rain, Ravenswood)",0.0
1998,SON,"Total (Rain, Ravenswood)",270.607421875
1998,SON,"R10mm (Rain, Ravenswood)",9.0
1998,SON,"R20mm (Rain, Ravenswood)",3.0
1998,SON,"Max 5-Day (Rain, Ravenswood)",204.24609375
1998,SON,"Min 5-Day (Rain, Ravenswood)",0.0
1998,SON,"CDD (Rain, Ravenswood)",29.0
1999,DJF,"Max Day (Rain, Ravenswood)",34.2314453125
1999,DJF,"Min Day (Rain, Ravenswood)",0.0
1999,DJF,"Total (Rain, Ravenswood)",379.7958984375
1999,DJF,"R10mm (Rain, Ravenswood)",14.0
1999,DJF,"R20mm (Rain, Ravenswood)",7.0
1999,DJF,"Max 5-Day (Rain, Ravenswood)",65.01171875
1999,DJF,"Min 5-Day (Rain, Ravenswood)",0.01953125
1999,DJF,"CDD (Rain, Ravenswood)",8.0
1999,MAM,"Max Day (Rain, Ravenswood)",21.828125
1999,MAM,"Min Day (Rain, Ravenswood)",0.0
1999,MAM,"Total (Rain, Ravenswood)",165.6396484375
1999,MAM,"R10mm (Rain, Ravenswood)",5.0
1999,MAM,"R20mm (Rain, Ravenswood)",1.0
1999,MAM,"Max 5-Day (Rain, Ravenswood)",86.828125
1999,MAM,"Min 5-Day (Rain, Ravenswood)",0.0
1999,MAM,"CDD (Rain, Ravenswood)",14.0
1999,JJA,"Max Day (Rain, Ravenswood)",18.0283203125
1999,JJA,"Min Day (Rain, Ravenswood)",0.0
1999,JJA,"Total (Rain, Ravenswood)",23.5986328125
1999,JJA,"R10mm (Rain, Ravenswood)",1.0
1999,JJA,"R20mm (Rain, Ravenswood)",0.0
1999,JJA,"Max 5-Day (Rain, Ravenswood)",18.322265625
1999,JJA,"Min 5-Day (Rain, Ravenswood)",0.0
1999,JJA,"CDD (Rain, Ravenswood)",42.0
1999,SON,"Max Day (Rain, Ravenswood)",22.1064453125
1999,SON,"Min Day (Rain, Ravenswood)",0.0
1999,SON,"Total (Rain, Ravenswood)",139.6015625
1999,SON,"R10mm (Rain, Ravenswood)",5.0
1999,SON,"R20mm (Rain, Ravenswood)",2.0
1999,SON,"Max 5-Day (Rain, Ravenswood)",42.724609375
1999,SON,"Min 5-Day (Rain, Ravenswood)",0.0
1999,SON,"CDD (Rain, Ravenswood)",34.0
2000,DJF,"Max Day (Rain, Ravenswood)",62.0400390625
2000,DJF,"Min Day (Rain, Ravenswood)",0.0
2000,DJF,"Total (Rain, Ravenswood)",533.291015625
2000,DJF,"R10mm (Rain, Ravenswood)",20.0
2000,DJF,"R20mm (Rain, Ravenswood)",11.0
2000,DJF,"Max 5-Day (Rain, Ravenswood)",160.5625
2000,DJF,"Min 5-Day (Rain, Ravenswood)",0.0
2000,DJF,"CDD (Rain, Ravenswood)",13.0
2000,MAM,"Max Day (Rain, Ravenswood)",65.96484375
2000,MAM,"Min Day (Rain, Ravenswood)",0.0
2000,MAM,"Total (Rain, Ravenswood)",308.7861328125
2000,MAM,"R10mm (Rain, Ravenswood)",8.0
2000,MAM,"R20mm (Rain, Ravenswood)",5.0
2000,MAM,"Max 5-Day (Rain, Ravenswood)",96.0576171875
2000,MAM,"Min 5-Day (Rain, Ravenswood)",0.0
2000,MAM,"CDD (Rain, Ravenswood)",14.0
2000,JJA,"Max Day (Rain, Ravenswood)",34.638671875
2000,JJA,"Min Day (Rain, Ravenswood)",0.0
2000,JJA,"Total (Rain, Ravenswood)",61.564453125
2000,JJA,"R10mm (Rain, Ravenswood)",1.0
2000,JJA,"R20mm (Rain, Ravenswood)",1.0
2000,JJA,"Max 5-Day (Rain, Ravenswood)",51.3017578125
2000,JJA,"Min 5-Day (Rain, Ravenswood)",0.0
2000,JJA,"CDD (Rain, Ravenswood)",44.0
2000,SON,"Max Day (Rain, Ravenswood)",38.6728515625
2000,SON,"Min Day (Rain, Ravenswood)",0.0
2000,SON,"Total (Rain, Ravenswood)",256.8671875
2000,SON,"R10mm (Rain, Ravenswood)",9.0
2000,SON,"R20mm (Rain, Ravenswood)",5.0
2000,SON,"Max 5-Day (Rain, Ravenswood)",87.326171875
2000,SON,"Min 5-Day (Rain, Ravenswood)",0.0
2000,SON,"CDD (Rain, Ravenswood)",43.0
2001,DJF,"Max Day (Rain, Ravenswood)",51.8193359375
2001,DJF,"Min Day (Rain, Ravenswood)",0.0
2001,DJF,"Total (Rain, Ravenswood)",372.029296875
2001,DJF,"R10mm (Rain, Ravenswood)",12.0
2001,DJF,"R20mm (Rain, Ravenswood)",6.0
2001,DJF,"Max 5-Day (Rain, Ravenswood)",111.89453125
2001,DJF,"Min 5-Day (Rain, Ravenswood)",0.0029296875
2001,DJF,"CDD (Rain, Ravenswood)",18.0
2001,MAM,"Max Day (Rain, Ravenswood)",34.4833984375
2001,MAM,"Min Day (Rain, Ravenswood)",0.0
2001,MAM,"Total (Rain, Ravenswood)",88.0029296875
2001,MAM,"R10mm (Rain, Ravenswood)",2.0
2001,MAM,"R20mm (Rain, Ravenswood)",1.0
2001,MAM,"Max 5-Day (Rain, Ravenswood)",46.37890625
2001,MAM,"Min 5-Day (Rain, Ravenswood)",0.0
2001,MAM,"CDD (Rain, Ravenswood)",24.0
2001,JJA,"Max Day (Rain, Ravenswood)",11.0400390625
2001,JJA,"Min Day (Rain, Ravenswood)",0.0
2001,JJA,"Total (Rain, Ravenswood)",16.6787109375
2001,JJA,"R10mm (Rain, Ravenswood)",1.0
2001,JJA,"R20mm (Rain, Ravenswood)",0.0
2001,JJA,"Max 5-Day (Rain, Ravenswood)",12.3408203125
2001,JJA,"Min 5-Day (Rain, Ravenswood)",0.0
2001,JJA,"CDD (Rain, Ravenswood)",45.0
2001,SON,"Max Day (Rain, Ravenswood)",10.6591796875
2001,SON,"Min Day (Rain, Ravenswood)",0.0
2001,SON,"Total (Rain, Ravenswood)",39.2919921875
2001,SON,"R10mm (Rain, Ravenswood)",1.0
2001,SON,"R20mm (Rain, Ravenswood)",0.0
2001,SON,"Max 5-Day (Rain, Ravenswood)",19.9775390625
2001,SON,"Min 5-Day (Rain, Ravenswood)",0.0
2001,SON,"CDD (Rain, Ravenswood)",41.0
2002,DJF,"Max Day (Rain, Ravenswood)",55.3671875
2002,DJF,"Min Day (Rain, Ravenswood)",0.0
2002,DJF,"Total (Rain, Ravenswood)",329.9921875
2002,DJF,"R10mm (Rain, Ravenswood)",9.0
2002,DJF,"R20mm (Rain, Ravenswood)",4.0
2002,DJF,"Max 5-Day (Rain, Ravenswood)",118.328125
2002,DJF,"Min 5-Day (Rain, Ravenswood)",0.03515625
2002,DJF,"CDD (Rain, Ravenswood)",9.0
2002,MAM,"Max Day (Rain, Ravenswood)",13.705078125
2002,MAM,"Min Day (Rain, Ravenswood)",0.0
2002,MAM,"Total (Rain, Ravenswood)",44.9365234375
2002,MAM,"R10mm (Rain, Ravenswood)",2.0
2002,MAM,"R20mm (Rain, Ravenswood)",0.0
2002,MAM,"Max 5-Day (Rain, Ravenswood)",28.30859375
2002,MAM,"Min 5-Day (Rain, Ravenswood)",0.0
2002,MAM,"CDD (Rain, Ravenswood)",64.0
2002,JJA,"Max Day (Rain, Ravenswood)",5.6171875
2002,JJA,"Min Day (Rain, Ravenswood)",0.0
2002,JJA,"Total (Rain, Ravenswood)",31.5751953125
2002,JJA,"R10mm (Rain, Ravenswood)",0.0
2002,JJA,"R20mm (Rain, Ravenswood)",0.0
2002,JJA,"Max 5-Day (Rain, Ravenswood)",13.2919921875
2002,JJA,"Min 5-Day (Rain, Ravenswood)",0.0
2002,JJA,"CDD (Rain, Ravenswood)",66.0
2002,SON,"Max Day (Rain, Ravenswood)",1.3271484375
2002,SON,"Min Day (Rain, Ravenswood)",0.0
2002,SON,"Total (Rain, Ravenswood)",1.955078125
2002,SON,"R10mm (Rain, Ravenswood)",0.0
2002,SON,"R20mm (Rain, Ravenswood)",0.0
2002,SON,"Max 5-Day (Rain, Ravenswood)",1.3486328125
2002,SON,"Min 5-Day (Rain, Ravenswood)",0.0
2002,SON,"CDD (Rain, Ravenswood)",77.0
2003,DJF,"Max Day (Rain, Ravenswood)",55.373046875
2003,DJF,"Min Day (Rain, Ravenswood)",0.0
2003,DJF,"Total (Rain, Ravenswood)",223.216796875
2003,DJF,"R10mm (Rain, Ravenswood)",6.0
2003,DJF,"R20mm (Rain, Ravenswood)",3.0
2003,DJF,"Max 5-Day (Rain, Ravenswood)",143.494140625
2003,DJF,"Min 5-Day (Rain, Ravenswood)",0.00390625
2003,DJF,"CDD (Rain, Ravenswood)",19.0
2003,MAM,"Max Day (Rain, Ravenswood)",30.8662109375
2003,MAM,"Min Day (Rain, Ravenswood)",0.0
2003,MAM,"Total (Rain, Ravenswood)",87.853515625
2003,MAM,"R10mm (Rain, Ravenswood)",3.0
2003,MAM,"R20mm (Rain, Ravenswood)",1.0
2003,MAM,"Max 5-Day (Rain, Ravenswood)",138.205078125
2003,MAM,"Min 5-Day (Rain, Ravenswood)",0.0
2003,MAM,"CDD (Rain, Ravenswood)",23.0
2003,JJA,"Max Day (Rain, Ravenswood)",24.9755859375
2003,JJA,"Min Day (Rain, Ravenswood)",0.0
2003,JJA,"Total (Rain, Ravenswood)",30.3369140625
2003,JJA,"R10mm (Rain, Ravenswood)",1.0
2003,JJA,"R20mm (Rain, Ravenswood)",1.0
2003,JJA,"Max 5-Day (Rain, Ravenswood)",25.736328125
2003,JJA,"Min 5-Day (Rain, Ravenswood)",0.0
2003,JJA,"CDD (Rain, Ravenswood)",67.0
2003,SON,"Max Day (Rain, Ravenswood)",7.099609375
2003,SON,"Min Day (Rain, Ravenswood)",0.0
2003,SON,"Total (Rain, Ravenswood)",26.4052734375
2003,SON,"R10mm (Rain, Ravenswood)",0.0
2003,SON,"R20mm (Rain, Ravenswood)",0.0
2003,SON,"Max 5-Day (Rain, Ravenswood)",12.5146484375
2003,SON,"Min 5-Day (Rain, Ravenswood)",0.0
2003,SON,"CDD (Rain, Ravenswood)",37.0
2004,DJF,"Max Day (Rain, Ravenswood)",41.5771484375
2004,DJF,"Min Day (Rain, Ravenswood)",0.0
2004,DJF,"Total (Rain, Ravenswood)",373.4453125
2004,DJF,"R10mm (Rain, Ravenswood)",12.0
2004,DJF,"R20mm (Rain, Ravenswood)",6.0
2004,DJF,"Max 5-Day (Rain, Ravenswood)",64.8623046875
2004,DJF,"Min 5-Day (Rain, Ravenswood)",0.0
2004,DJF,"CDD (Rain, Ravenswood)",8.0
2004,MAM,"Max Day (Rain, Ravenswood)",18.443359375
2004,MAM,"Min Day (Rain, Ravenswood)",0.0
2004,MAM,"Total (Rain, Ravenswood)",58.1982421875
2004,MAM,"R10mm (Rain, Ravenswood)",1.0
2004,MAM,"R20mm (Rain, Ravenswood)",0.0
2004,MAM,"Max 5-Day (Rain, Ravenswood)",31.154296875
2004,MAM,"Min 5-Day (Rain, Ravenswood)",0.0029296875
2004,MAM,"CDD (Rain, Ravenswood)",31.0
2004,JJA,"Max Day (Rain, Ravenswood)",1.08203125
2004,JJA,"Min Day (Rain, Ravenswood)",0.0
2004,JJA,"Total (Rain, Ravenswood)",3.611328125
2004,JJA,"R10mm (Rain, Ravenswood)",0.0
2004,JJA,"R20mm (Rain, Ravenswood)",0.0
2004,JJA,"Max 5-Day (Rain, Ravenswood)",1.314453125
2004,JJA,"Min 5-Day (Rain, Ravenswood)",0.0
2004,JJA,"CDD (Rain, Ravenswood)",59.0
2004,SON,"Max Day (Rain, Ravenswood)",14.4384765625
2004,SON,"Min Day (Rain, Ravenswood)",0.0
2004,SON,"Total (Rain, Ravenswood)",25.830078125
2004,SON,"R10mm (Rain, Ravenswood)",1.0
2004,SON,"R20mm (Rain, Ravenswood)",0.0
2004,SON,"Max 5-Day (Rain, Ravenswood)",14.46484375
2004,SON,"Min 5-Day (Rain, Ravenswood)",0.0
2004,SON,"CDD (Rain, Ravenswood)",45.0
2005,DJF,"Max Day (Rain, Ravenswood)",91.4775390625
2005,DJF,"Min Day (Rain, Ravenswood)",0.0
2005,DJF,"Total (Rain, Ravenswood)",379.7626953125
2005,DJF,"R10mm (Rain, Ravenswood)",8.0
2005,DJF,"R20mm (Rain, Ravenswood)",5.0
2005,DJF,"Max 5-Day (Rain, Ravenswood)",228.2822265625
2005,DJF,"Min 5-Day (Rain, Ravenswood)",0.0029296875
2005,DJF,"CDD (Rain, Ravenswood)",9.0
2005,MAM,"Max Day (Rain, Ravenswood)",18.4501953125
2005,MAM,"Min Day (Rain, Ravenswood)",0.0
2005,MAM,"Total (Rain, Ravenswood)",46.841796875
2005,MAM,"R10mm (Rain, Ravenswood)",1.0
2005,MAM,"R20mm (Rain, Ravenswood)",0.0
2005,MAM,"Max 5-Day (Rain, Ravenswood)",24.5947265625
2005,MAM,"Min 5-Day (Rain, Ravenswood)",0.0
2005,MAM,"CDD (Rain, Ravenswood)",29.0
2005,JJA,"Max Day (Rain, Ravenswood)",44.9287109375
2005,JJA,"Min Day (Rain, Ravenswood)",0.0
2005,JJA,"Total (Rain, Ravenswood)",125.8740234375
2005,JJA,"R10mm (Rain, Ravenswood)",3.0
2005,JJA,"R20mm (Rain, Ravenswood)",2.0
2005,JJA,"Max 5-Day (Rain, Ravenswood)",56.791015625
2005,JJA,"Min 5-Day (Rain, Ravenswood)",0.001953125
2005,JJA,"CDD (Rain, Ravenswood)",21.0
2005,SON,"Max Day (Rain, Ravenswood)",14.673828125
2005,SON,"Min Day (Rain, Ravenswood)",0.0
2005,SON,"Total (Rain, Ravenswood)",53.798828125
2005,SON,"R10mm (Rain, Ravenswood)",1.0
2005,SON,"R20mm (Rain, Ravenswood)",0.0
2005,SON,"Max 5-Day (Rain, Ravenswood)",26.9482421875
2005,SON,"Min 5-Day (Rain, Ravenswood)",0.0
2005,SON,"CDD (Rain, Ravenswood)",49.0
2006,DJF,"Max Day (Rain, Ravenswood)",64.6240234375
2006,DJF,"Min Day (Rain, Ravenswood)",0.0
2006,DJF,"Total (Rain, Ravenswood)",251.64453125
2006,DJF,"R10mm (Rain, Ravenswood)",5.0
2006,DJF,"R20mm (Rain, Ravenswood)",3.0
2006,DJF,"Max 5-Day (Rain, Ravenswood)",144.63671875
2006,DJF,"Min 5-Day (Rain, Ravenswood)",0.0185546875
2006,DJF,"CDD (Rain, Ravenswood)",20.0
2006,MAM,"Max Day (Rain, Ravenswood)",24.5478515625
2006,MAM,"Min Day (Rain, Ravenswood)",0.0
2006,MAM,"Total (Rain, Ravenswood)",225.4365234375
2006,MAM,"R10mm (Rain, Ravenswood)",8.0
2006,MAM,"R20mm (Rain, Ravenswood)",2.0
2006,MAM,"Max 5-Day (Rain, Ravenswood)",75.0712890625
2006,MAM,"Min 5-Day (Rain, Ravenswood)",0.119140625
2006,MAM,"CDD (Rain, Ravenswood)",11.0
2006,JJA,"Max Day (Rain, Ravenswood)",23.333984375
2006,JJA,"Min Day (Rain, Ravenswood)",0.0
2006,JJA,"Total (Rain, Ravenswood)",76.1513671875
2006,JJA,"R10mm (Rain, Ravenswood)",2.0
2006,JJA,"R20mm (Rain, Ravenswood)",1.0
2006,JJA,"Max 5-Day (Rain, Ravenswood)",30.501953125
2006,JJA,"Min 5-Day (Rain, Ravenswood)",0.0009765625
2006,JJA,"CDD (Rain, Ravenswood)",30.0
2006,SON,"Max Day (Rain, Ravenswood)",12.650390625
2006,SON,"Min Day (Rain, Ravenswood)",0.0
2006,SON,"Total (Rain, Ravenswood)",34.521484375
2006,SON,"R10mm (Rain, Ravenswood)",1.0
2006,SON,"R20mm (Rain, Ravenswood)",0.0
2006,SON,"Max 5-Day (Rain, Ravenswood)",22.541015625
2006,SON,"Min 5-Day (Rain, Ravenswood)",0.0
2006,SON,"CDD (Rain, Ravenswood)",43.0
2007,DJF,"Max Day (Rain, Ravenswood)",150.6708984375
2007,DJF,"Min Day (Rain, Ravenswood)",0.0
2007,DJF,"Total (Rain, Ravenswood)",540.0234375
2007,DJF,"R10mm (Rain, Ravenswood)",12.0
2007,DJF,"R20mm (Rain, Ravenswood)",7.0
2007,DJF,"Max 5-Day (Rain, Ravenswood)",289.1064453125
2007,DJF,"Min 5-Day (Rain, Ravenswood)",0.005859375
2007,DJF,"CDD (Rain, Ravenswood)",11.0
2007,MAM,"Max Day (Rain, Ravenswood)",19.2587890625
2007,MAM,"Min Day (Rain, Ravenswood)",0.0
2007,MAM,"Total (Rain, Ravenswood)",59.38671875
2007,MAM,"R10mm (Rain, Ravenswood)",1.0
2007,MAM,"R20mm (Rain, Ravenswood)",0.0
2007,MAM,"Max 5-Day (Rain, Ravenswood)",36.134765625
2007,MAM,"Min 5-Day (Rain, Ravenswood)",0.0
2007,MAM,"CDD (Rain, Ravenswood)",46.0
2007,JJA,"Max Day (Rain, Ravenswood)",33.595703125
2007,JJA,"Min Day (Rain, Ravenswood)",0.0
2007,JJA,"Total (Rain, Ravenswood)",205.552734375
2007,JJA,"R10mm (Rain, Ravenswood)",7.0
2007,JJA,"R20mm (Rain, Ravenswood)",4.0
2007,JJA,"Max 5-Day (Rain, Ravenswood)",75.0751953125
2007,JJA,"Min 5-Day (Rain, Ravenswood)",0.0009765625
2007,JJA,"CDD (Rain, Ravenswood)",53.0
2007,SON,"Max Day (Rain, Ravenswood)",8.9677734375
2007,SON,"Min Day (Rain, Ravenswood)",0.0
2007,SON,"Total (Rain, Ravenswood)",54.1591796875
2007,SON,"R10mm (Rain, Ravenswood)",0.0
2007,SON,"R20mm (Rain, Ravenswood)",0.0
2007,SON,"Max 5-Day (Rain, Ravenswood)",12.8955078125
2007,SON,"Min 5-Day (Rain, Ravenswood)",0.005859375
2007,SON,"CDD (Rain, Ravenswood)",25.0
2008,DJF,"Max Day (Rain, Ravenswood)",181.498046875
2008,DJF,"Min Day (Rain, Ravenswood)",0.0
2008,DJF,"Total (Rain, Ravenswood)",840.998046875
2008,DJF,"R10mm (Rain, Ravenswood)",19.0
2008,DJF,"R20mm (Rain, Ravenswood)",12.0
2008,DJF,"Max 5-Day (Rain, Ravenswood)",300.6474609375
2008,DJF,"Min 5-Day (Rain, Ravenswood)",0.3193359375
2008,DJF,"CDD (Rain, Ravenswood)",19.0
2008,MAM,"Max Day (Rain, Ravenswood)",12.908203125
2008,MAM,"Min Day (Rain, Ravenswood)",0.0
2008,MAM,"Total (Rain, Ravenswood)",35.1767578125
2008,MAM,"R10mm (Rain, Ravenswood)",1.0
2008,MAM,"R20mm (Rain, Ravenswood)",0.0
2008,MAM,"Max 5-Day (Rain, Ravenswood)",27.287109375
2008,MAM,"Min 5-Day (Rain, Ravenswood)",0.0029296875
2008,MAM,"CDD (Rain, Ravenswood)",37.0
2008,JJA,"Max Day (Rain, Ravenswood)",60.0654296875
2008,JJA,"Min Day (Rain, Ravenswood)",0.0
2008,JJA,"Total (Rain, Ravenswood)",133.1611328125
2008,JJA,"R10mm (Rain, Ravenswood)",4.0
2008,JJA,"R20mm (Rain, Ravenswood)",2.0
2008,JJA,"Max 5-Day (Rain, Ravenswood)",116.9091796875
2008,JJA,"Min 5-Day (Rain, Ravenswood)",0.0
2008,JJA,"CDD (Rain, Ravenswood)",45.0
2008,SON,"Max Day (Rain, Ravenswood)",21.5703125
2008,SON,"Min Day (Rain, Ravenswood)",0.0
2008,SON,"Total (Rain, Ravenswood)",94.7666015625
2008,SON,"R10mm (Rain, Ravenswood)",3.0
2008,SON,"R20mm (Rain, Ravenswood)",1.0
2008,SON,"Max 5-Day (Rain, Ravenswood)",35.8525390625
2008,SON,"Min 5-Day (Rain, Ravenswood)",0.0
2008,SON,"CDD (Rain, Ravenswood)",24.0
2009,DJF,"Max Day (Rain, Ravenswood)",84.146484375
2009,DJF,"Min Day (Rain, Ravenswood)",0.0
2009,DJF,"Total (Rain, Ravenswood)",899.9833984375
2009,DJF,"R10mm (Rain, Ravenswood)",29.0
2009,DJF,"R20mm (Rain, Ravenswood)",16.0
2009,DJF,"Max 5-Day (Rain, Ravenswood)",166.5771484375
2009,DJF,"Min 5-Day (Rain, Ravenswood)",0.1318359375
2009,DJF,"CDD (Rain, Ravenswood)",6.0
2009,MAM,"Max Day (Rain, Ravenswood)",20.9658203125
2009,MAM,"Min Day (Rain, Ravenswood)",0.0
2009,MAM,"Total (Rain, Ravenswood)",108.791015625
2009,MAM,"R10mm (Rain, Ravenswood)",3.0
2009,MAM,"R20mm (Rain, Ravenswood)",1.0
2009,MAM,"Max 5-Day (Rain, Ravenswood)",78.60546875
2009,MAM,"Min 5-Day (Rain, Ravenswood)",0.0
2009,MAM,"CDD (Rain, Ravenswood)",21.0
2009,JJA,"Max Day (Rain, Ravenswood)",1.1103515625
2009,JJA,"Min Day (Rain, Ravenswood)",0.0
2009,JJA,"Total (Rain, Ravenswood)",4.5517578125
2009,JJA,"R10mm (Rain, Ravenswood)",0.0
2009,JJA,"R20mm (Rain, Ravenswood)",0.0
2009,JJA,"Max 5-Day (Rain, Ravenswood)",1.7421875
2009,JJA,"Min 5-Day (Rain, Ravenswood)",0.0
2009,JJA,"CDD (Rain, Ravenswood)",65.0
2009,SON,"Max Day (Rain, Ravenswood)",17.2041015625
2009,SON,"Min Day (Rain, Ravenswood)",0.0
2009,SON,"Total (Rain, Ravenswood)",36.7216796875
2009,SON,"R10mm (Rain, Ravenswood)",2.0
2009,SON,"R20mm (Rain, Ravenswood)",0.0
2009,SON,"Max 5-Day (Rain, Ravenswood)",31.0380859375
2009,SON,"Min 5-Day (Rain, Ravenswood)",0.0
2009,SON,"CDD (Rain, Ravenswood)",48.0
2010,DJF,"Max Day (Rain, Ravenswood)",98.3759765625
2010,DJF,"Min Day (Rain, Ravenswood)",0.0
2010,DJF,"Total (Rain, Ravenswood)",482.390625
2010,DJF,"R10mm (Rain, Ravenswood)",15.0
2010,DJF,"R20mm (Rain, Ravenswood)",6.0
2010,DJF,"Max 5-Day (Rain, Ravenswood)",170.314453125
2010,DJF,"Min 5-Day (Rain, Ravenswood)",0.380859375
2010,DJF,"CDD (Rain, Ravenswood)",12.0
2010,MAM,"Max Day (Rain, Ravenswood)",38.4404296875
2010,MAM,"Min Day (Rain, Ravenswood)",0.0
2010,MAM,"Total (Rain, Ravenswood)",187.8134765625
2010,MAM,"R10mm (Rain, Ravenswood)",4.0
2010,MAM,"R20mm (Rain, Ravenswood)",2.0
2010,MAM,"Max 5-Day (Rain, Ravenswood)",71.43359375
2010,MAM,"Min 5-Day (Rain, Ravenswood)",0.0009765625
2010,MAM,"CDD (Rain, Ravenswood)",20.0
2010,JJA,"Max Day (Rain, Ravenswood)",64.744140625
2010,JJA,"Min Day (Rain, Ravenswood)",0.0
2010,JJA,"Total (Rain, Ravenswood)",95.525390625
2010,JJA,"R10mm (Rain, Ravenswood)",2.0
2010,JJA,"R20mm (Rain, Ravenswood)",1.0
2010,JJA,"Max 5-Day (Rain, Ravenswood)",64.7646484375
2010,JJA,"Min 5-Day (Rain, Ravenswood)",0.0
2010,JJA,"CDD (Rain, Ravenswood)",33.0
2010,SON,"Max Day (Rain, Ravenswood)",37.998046875
2010,SON,"Min Day (Rain, Ravenswood)",0.0
2010,SON,"Total (Rain, Ravenswood)",297.8427734375
2010,SON,"R10mm (Rain, Ravenswood)",8.0
2010,SON,"R20mm (Rain, Ravenswood)",4.0
2010,SON,"Max 5-Day (Rain, Ravenswood)",57.8271484375
2010,SON,"Min 5-Day (Rain, Ravenswood)",0.0048828125
2010,SON,"CDD (Rain, Ravenswood)",13.0
2011,DJF,"Max Day (Rain, Ravenswood)",94.3388671875
2011,DJF,"Min Day (Rain, Ravenswood)",0.0
2011,DJF,"Total (Rain, Ravenswood)",658.1748046875
2011,DJF,"R10mm (Rain, Ravenswood)",21.0
2011,DJF,"R20mm (Rain, Ravenswood)",7.0
2011,DJF,"Max 5-Day (Rain, Ravenswood)",173.4970703125
2011,DJF,"Min 5-Day (Rain, Ravenswood)",0.595703125
2011,DJF,"CDD (Rain, Ravenswood)",7.0
2011,MAM,"Max Day (Rain, Ravenswood)",32.1044921875
2011,MAM,"Min Day (Rain, Ravenswood)",0.0
2011,MAM,"Total (Rain, Ravenswood)",278.419921875
2011,MAM,"R10mm (Rain, Ravenswood)",12.0
2011,MAM,"R20mm (Rain, Ravenswood)",1.0
2011,MAM,"Max 5-Day (Rain, Ravenswood)",56.3232421875
2011,MAM,"Min 5-Day (Rain, Ravenswood)",0.0
2011,MAM,"CDD (Rain, Ravenswood)",12.0
2011,JJA,"Max Day (Rain, Ravenswood)",12.6767578125
2011,JJA,"Min Day (Rain, Ravenswood)",0.0
2011,JJA,"Total (Rain, Ravenswood)",23.00390625
2011,JJA,"R10mm (Rain, Ravenswood)",1.0
2011,JJA,"R20mm (Rain, Ravenswood)",0.0
2011,JJA,"Max 5-Day (Rain, Ravenswood)",14.7568359375
2011,JJA,"Min 5-Day (Rain, Ravenswood)",0.0
2011,JJA,"CDD (Rain, Ravenswood)",46.0
2011,SON,"Max Day (Rain, Ravenswood)",7.1748046875
2011,SON,"Min Day (Rain, Ravenswood)",0.0
2011,SON,"Total (Rain, Ravenswood)",28.6025390625
2011,SON,"R10mm (Rain, Ravenswood)",0.0
2011,SON,"R20mm (Rain, Ravenswood)",0.0
2011,SON,"Max 5-Day (Rain, Ravenswood)",10.8388671875
2011,SON,"Min 5-Day (Rain, Ravenswood)",0.0
2011,SON,"CDD (Rain, Ravenswood)",44.0
2012,DJF,"Max Day (Rain, Ravenswood)",37.0634765625
2012,DJF,"Min Day (Rain, Ravenswood)",0.0
2012,DJF,"Total (Rain, Ravenswood)",409.2841796875
2012,DJF,"R10mm (Rain, Ravenswood)",16.0
2012,DJF,"R20mm (Rain, Ravenswood)",6.0
2012,DJF,"Max 5-Day (Rain, Ravenswood)",93.8251953125
2012,DJF,"Min 5-Day (Rain, Ravenswood)",0.0048828125
2012,DJF,"CDD (Rain, Ravenswood)",13.0
2012,MAM,"Max Day (Rain, Ravenswood)",108.701171875
2012,MAM,"Min Day (Rain, Ravenswood)",0.0
2012,MAM,"Total (Rain, Ravenswood)",442.650390625
2012,MAM,"R10mm (Rain, Ravenswood)",11.0
2012,MAM,"R20mm (Rain, Ravenswood)",9.0
2012,MAM,"Max 5-Day (Rain, Ravenswood)",258.6953125
2012,MAM,"Min 5-Day (Rain, Ravenswood)",0.0
2012,MAM,"CDD (Rain, Ravenswood)",31.0
2012,JJA,"Max Day (Rain, Ravenswood)",47.07421875
2012,JJA,"Min Day (Rain, Ravenswood)",0.0
2012,JJA,"Total (Rain, Ravenswood)",142.1416015625
2012,JJA,"R10mm (Rain, Ravenswood)",3.0
2012,JJA,"R20mm (Rain, Ravenswood)",1.0
2012,JJA,"Max 5-Day (Rain, Ravenswood)",70.0537109375
2012,JJA,"Min 5-Day (Rain, Ravenswood)",0.0
2012,JJA,"CDD (Rain, Ravenswood)",34.0
2012,SON,"Max Day (Rain, Ravenswood)",1.791015625
2012,SON,"Min Day (Rain, Ravenswood)",0.0
2012,SON,"Total (Rain, Ravenswood)",7.373046875
2012,SON,"R10mm (Rain, Ravenswood)",0.0
2012,SON,"R20mm (Rain, Ravenswood)",0.0
2012,SON,"Max 5-Day (Rain, Ravenswood)",3.267578125
2012,SON,"Min 5-Day (Rain, Ravenswood)",0.0
2012,SON,"CDD (Rain, Ravenswood)",60.0
2013,DJF,"Max Day (Rain, Ravenswood)",135.546875
2013,DJF,"Min Day (Rain, Ravenswood)",0.0
2013,DJF,"Total (Rain, Ravenswood)",328.626953125
2013,DJF,"R10mm (Rain, Ravenswood)",8.0
2013,DJF,"R20mm (Rain, Ravenswood)",3.0
2013,DJF,"Max 5-Day (Rain, Ravenswood)",185.9150390625
2013,DJF,"Min 5-Day (Rain, Ravenswood)",0.0
2013,DJF,"CDD (Rain, Ravenswood)",23.0
2013,MAM,"Max Day (Rain, Ravenswood)",24.1611328125
2013,MAM,"Min Day (Rain, Ravenswood)",0.0
2013,MAM,"Total (Rain, Ravenswood)",144.525390625
2013,MAM,"R10mm (Rain, Ravenswood)",6.0
2013,MAM,"R20mm (Rain, Ravenswood)",1.0
2013,MAM,"Max 5-Day (Rain, Ravenswood)",49.0634765625
2013,MAM,"Min 5-Day (Rain, Ravenswood)",0.0
2013,MAM,"CDD (Rain, Ravenswood)",12.0
2013,JJA,"Max Day (Rain, Ravenswood)",2.1728515625
2013,JJA,"Min Day (Rain, Ravenswood)",0.0
2013,JJA,"Total (Rain, Ravenswood)",8.849609375
2013,JJA,"R10mm (Rain, Ravenswood)",0.0
2013,JJA,"R20mm (Rain, Ravenswood)",0.0
2013,JJA,"Max 5-Day (Rain, Ravenswood)",3.2841796875
2013,JJA,"Min 5-Day (Rain, Ravenswood)",0.0
2013,JJA,"CDD (Rain, Ravenswood)",46.0
2013,SON,"Max Day (Rain, Ravenswood)",29.845703125
2013,SON,"Min Day (Rain, Ravenswood)",0.0
2013,SON,"Total (Rain, Ravenswood)",100.1015625
2013,SON,"R10mm (Rain, Ravenswood)",4.0
2013,SON,"R20mm (Rain, Ravenswood)",2.0
2013,SON,"Max 5-Day (Rain, Ravenswood)",61.6826171875
2013,SON,"Min 5-Day (Rain, Ravenswood)",0.0
2013,SON,"CDD (Rain, Ravenswood)",33.0
2014,DJF,"Max Day (Rain, Ravenswood)",43.0234375
2014,DJF,"Min Day (Rain, Ravenswood)",0.0
2014,DJF,"Total (Rain, Ravenswood)",257.9990234375
2014,DJF,"R10mm (Rain, Ravenswood)",7.0
2014,DJF,"R20mm (Rain, Ravenswood)",4.0
2014,DJF,"Max 5-Day (Rain, Ravenswood)",122.0146484375
2014,DJF,"Min 5-Day (Rain, Ravenswood)",0.0
2014,DJF,"CDD (Rain, Ravenswood)",21.0
2014,MAM,"Max Day (Rain, Ravenswood)",59.2646484375
2014,MAM,"Min Day (Rain, Ravenswood)",0.0
2014,MAM,"Total (Rain, Ravenswood)",134.5244140625
2014,MAM,"R10mm (Rain, Ravenswood)",2.0
2014,MAM,"R20mm (Rain, Ravenswood)",1.0
2014,MAM,"Max 5-Day (Rain, Ravenswood)",81.9248046875
2014,MAM,"Min 5-Day (Rain, Ravenswood)",0.0
2014,MAM,"CDD (Rain, Ravenswood)",18.0
2014,JJA,"Max Day (Rain, Ravenswood)",10.6171875
2014,JJA,"Min Day (Rain, Ravenswood)",0.0
2014,JJA,"Total (Rain, Ravenswood)",42.4501953125
2014,JJA,"R10mm (Rain, Ravenswood)",1.0
2014,JJA,"R20mm (Rain, Ravenswood)",0.0
2014,JJA,"Max 5-Day (Rain, Ravenswood)",16.4013671875
2014,JJA,"Min 5-Day (Rain, Ravenswood)",0.0
2014,JJA,"CDD (Rain, Ravenswood)",57.0
2014,SON,"Max Day (Rain, Ravenswood)",11.373046875
2014,SON,"Min Day (Rain, Ravenswood)",0.0
2014,SON,"Total (Rain, Ravenswood)",22.1455078125
2014,SON,"R10mm (Rain, Ravenswood)",1.0
2014,SON,"R20mm (Rain, Ravenswood)",0.0
2014,SON,"Max 5-Day (Rain, Ravenswood)",13.953125
2014,SON,"Min 5-Day (Rain, Ravenswood)",0.0
2014,SON,"CDD (Rain, Ravenswood)",43.0
2015,DJF,"Max Day (Rain, Ravenswood)",61.28515625
2015,DJF,"Min Day (Rain, Ravenswood)",0.0
2015,DJF,"Total (Rain, Ravenswood)",342.943359375
2015,DJF,"R10mm (Rain, Ravenswood)",11.0
2015,DJF,"R20mm (Rain, Ravenswood)",6.0
2015,DJF,"Max 5-Day (Rain, Ravenswood)",74.10546875
2015,DJF,"Min 5-Day (Rain, Ravenswood)",0.0
2015,DJF,"CDD (Rain, Ravenswood)",17.0
2015,MAM,"Max Day (Rain, Ravenswood)",37.2958984375
2015,MAM,"Min Day (Rain, Ravenswood)",0.0
2015,MAM,"Total (Rain, Ravenswood)",69.75390625
2015,MAM,"R10mm (Rain, Ravenswood)",1.0
2015,MAM,"R20mm (Rain, Ravenswood)",1.0
2015,MAM,"Max 5-Day (Rain, Ravenswood)",38.4013671875
2015,MAM,"Min 5-Day (Rain, Ravenswood)",0.0
2015,MAM,"CDD (Rain, Ravenswood)",40.0
2015,JJA,"Max Day (Rain, Ravenswood)",3.5166015625
2015,JJA,"Min Day (Rain, Ravenswood)",0.0
2015,JJA,"Total (Rain, Ravenswood)",13.5126953125
2015,JJA,"R10mm (Rain, Ravenswood)",0.0
2015,JJA,"R20mm (Rain, Ravenswood)",0.0
2015,JJA,"Max 5-Day (Rain, Ravenswood)",5.796875
2015,JJA,"Min 5-Day (Rain, Ravenswood)",0.0
2015,JJA,"CDD (Rain, Ravenswood)",61.0
2015,SON,"Max Day (Rain, Ravenswood)",21.6669921875
2015,SON,"Min Day (Rain, Ravenswood)",0.0
2015,SON,"Total (Rain, Ravenswood)",60.8994140625
2015,SON,"R10mm (Rain, Ravenswood)",2.0
2015,SON,"R20mm (Rain, Ravenswood)",1.0
2015,SON,"Max 5-Day (Rain, Ravenswood)",47.2470703125
2015,SON,"Min 5-Day (Rain, Ravenswood)",0.0
2015,SON,"CDD (Rain, Ravenswood)",49.0
2016,DJF,"Max Day (Rain, Ravenswood)",50.1162109375
2016,DJF,"Min Day (Rain, Ravenswood)",0.0
2016,DJF,"Total (Rain, Ravenswood)",255.205078125
2016,DJF,"R10mm (Rain, Ravenswood)",7.0
2016,DJF,"R20mm (Rain, Ravenswood)",4.0
2016,DJF,"Max 5-Day (Rain, Ravenswood)",111.77734375
2016,DJF,"Min 5-Day (Rain, Ravenswood)",0.0
2016,DJF,"CDD (Rain, Ravenswood)",24.0
2016,MAM,"Max Day (Rain, Ravenswood)",18.333984375
2016,MAM,"Min Day (Rain, Ravenswood)",0.0
2016,MAM,"Total (Rain, Ravenswood)",92.03515625
2016,MAM,"R10mm (Rain, Ravenswood)",2.0
2016,MAM,"R20mm (Rain, Ravenswood)",0.0
2016,MAM,"Max 5-Day (Rain, Ravenswood)",29.2919921875
2016,MAM,"Min 5-Day (Rain, Ravenswood)",0.0
2016,MAM,"CDD (Rain, Ravenswood)",46.0
2016,JJA,"Max Day (Rain, Ravenswood)",41.3564453125
2016,JJA,"Min Day (Rain, Ravenswood)",0.0
2016,JJA,"Total (Rain, Ravenswood)",151.1640625
2016,JJA,"R10mm (Rain, Ravenswood)",4.0
2016,JJA,"R20mm (Rain, Ravenswood)",3.0
2016,JJA,"Max 5-Day (Rain, Ravenswood)",80.94140625
2016,JJA,"Min 5-Day (Rain, Ravenswood)",0.0
2016,JJA,"CDD (Rain, Ravenswood)",26.0
2016,SON,"Max Day (Rain, Ravenswood)",23.5068359375
2016,SON,"Min Day (Rain, Ravenswood)",0.0
2016,SON,"Total (Rain, Ravenswood)",84.18359375
2016,SON,"R10mm (Rain, Ravenswood)",3.0
2016,SON,"R20mm (Rain, Ravenswood)",1.0
2016,SON,"Max 5-Day (Rain, Ravenswood)",24.9775390625
2016,SON,"Min 5-Day (Rain, Ravenswood)",0.0
2016,SON,"CDD (Rain, Ravenswood)",29.0
2017,DJF,"Max Day (Rain, Ravenswood)",32.314453125
2017,DJF,"Min Day (Rain, Ravenswood)",0.0
2017,DJF,"Total (Rain, Ravenswood)",189.6884765625
2017,DJF,"R10mm (Rain, Ravenswood)",5.0
2017,DJF,"R20mm (Rain, Ravenswood)",2.0
2017,DJF,"Max 5-Day (Rain, Ravenswood)",87.4609375
2017,DJF,"Min 5-Day (Rain, Ravenswood)",0.0
2017,DJF,"CDD (Rain, Ravenswood)",12.0
2017,MAM,"Max Day (Rain, Ravenswood)",120.4228515625
2017,MAM,"Min Day (Rain, Ravenswood)",0.0
2017,MAM,"Total (Rain, Ravenswood)",357.2041015625
2017,MAM,"R10mm (Rain, Ravenswood)",6.0
2017,MAM,"R20mm (Rain, Ravenswood)",6.0
2017,MAM,"Max 5-Day (Rain, Ravenswood)",195.3193359375
2017,MAM,"Min 5-Day (Rain, Ravenswood)",0.0
2017,MAM,"CDD (Rain, Ravenswood)",18.0
2017,JJA,"Max Day (Rain, Ravenswood)",3.6279296875
2017,JJA,"Min Day (Rain, Ravenswood)",0.0
2017,JJA,"Total (Rain, Ravenswood)",9.62109375
2017,JJA,"R10mm (Rain, Ravenswood)",0.0
2017,JJA,"R20mm (Rain, Ravenswood)",0.0
2017,JJA,"Max 5-Day (Rain, Ravenswood)",3.7919921875
2017,JJA,"Min 5-Day (Rain, Ravenswood)",0.0
2017,JJA,"CDD (Rain, Ravenswood)",34.0
2017,SON,"Max Day (Rain, Ravenswood)",22.4560546875
2017,SON,"Min Day (Rain, Ravenswood)",0.0
2017,SON,"Total (Rain, Ravenswood)",100.986328125
2017,SON,"R10mm (Rain, Ravenswood)",3.0
2017,SON,"R20mm (Rain, Ravenswood)",1.0
2017,SON,"Max 5-Day (Rain, Ravenswood)",66.072265625
2017,SON,"Min 5-Day (Rain, Ravenswood)",0.0
2017,SON,"CDD (Rain, Ravenswood)",31.0
2018,DJF,"Max Day (Rain, Ravenswood)",52.3857421875
2018,DJF,"Min Day (Rain, Ravenswood)",0.0
2018,DJF,"Total (Rain, Ravenswood)",306.1240234375
2018,DJF,"R10mm (Rain, Ravenswood)",12.0
2018,DJF,"R20mm (Rain, Ravenswood)",3.0
2018,DJF,"Max 5-Day (Rain, Ravenswood)",82.705078125
2018,DJF,"Min 5-Day (Rain, Ravenswood)",0.0
2018,DJF,"CDD (Rain, Ravenswood)",19.0
2018,MAM,"Max Day (Rain, Ravenswood)",76.375
2018,MAM,"Min Day (Rain, Ravenswood)",0.0
2018,MAM,"Total (Rain, Ravenswood)",148.4306640625
2018,MAM,"R10mm (Rain, Ravenswood)",2.0
2018,MAM,"R20mm (Rain, Ravenswood)",1.0
2018,MAM,"Max 5-Day (Rain, Ravenswood)",132.2197265625
2018,MAM,"Min 5-Day (Rain, Ravenswood)",0.0
2018,MAM,"CDD (Rain, Ravenswood)",26.0
2018,JJA,"Max Day (Rain, Ravenswood)",4.396484375
2018,JJA,"Min Day (Rain, Ravenswood)",0.0
2018,JJA,"Total (Rain, Ravenswood)",5.751953125
2018,JJA,"R10mm (Rain, Ravenswood)",0.0
2018,JJA,"R20mm (Rain, Ravenswood)",0.0
2018,JJA,"Max 5-Day (Rain, Ravenswood)",4.77734375
2018,JJA,"Min 5-Day (Rain, Ravenswood)",0.0
2018,JJA,"CDD (Rain, Ravenswood)",64.0
2018,SON,"Max Day (Rain, Ravenswood)",19.4140625
2018,SON,"Min Day (Rain, Ravenswood)",0.0
2018,SON,"Total (Rain, Ravenswood)",61.87890625
2018,SON,"R10mm (Rain, Ravenswood)",2.0
2018,SON,"R20mm (Rain, Ravenswood)",0.0
2018,SON,"Max 5-Day (Rain, Ravenswood)",20.888671875
2018,SON,"Min 5-Day (Rain, Ravenswood)",0.0
2018,SON,"CDD (Rain, Ravenswood)",42.0
2019,DJF,"Max Day (Rain, Ravenswood)",89.7685546875
2019,DJF,"Min Day (Rain, Ravenswood)",0.0
2019,DJF,"Total (Rain, Ravenswood)",817.953125
2019,DJF,"R10mm (Rain, Ravenswood)",17.0
2019,DJF,"R20mm (Rain, Ravenswood)",14.0
2019,DJF,"Max 5-Day (Rain, Ravenswood)",362.65234375
2019,DJF,"Min 5-Day (Rain, Ravenswood)",0.0
2019,DJF,"CDD (Rain, Ravenswood)",16.0
2019,MAM,"Max Day (Rain, Ravenswood)",40.49609375
2019,MAM,"Min Day (Rain, Ravenswood)",0.0
2019,MAM,"Total (Rain, Ravenswood)",184.5263671875
2019,MAM,"R10mm (Rain, Ravenswood)",5.0
2019,MAM,"R20mm (Rain, Ravenswood)",1.0
2019,MAM,"Max 5-Day (Rain, Ravenswood)",76.7294921875
2019,MAM,"Min 5-Day (Rain, Ravenswood)",0.005859375
2019,MAM,"CDD (Rain, Ravenswood)",22.0
2019,JJA,"Max Day (Rain, Ravenswood)",18.6865234375
2019,JJA,"Min Day (Rain, Ravenswood)",0.0
2019,JJA,"Total (Rain, Ravenswood)",57.8935546875
2019,JJA,"R10mm (Rain, Ravenswood)",2.0
2019,JJA,"R20mm (Rain, Ravenswood)",0.0
2019,JJA,"Max 5-Day (Rain, Ravenswood)",40.697265625
2019,JJA,"Min 5-Day (Rain, Ravenswood)",0.0
2019,JJA,"CDD (Rain, Ravenswood)",29.0
2019,SON,"Max Day (Rain, Ravenswood)",0.517578125
2019,SON,"Min Day (Rain, Ravenswood)",0.0
2019,SON,"Total (Rain, Ravenswood)",3.9482421875
2019,SON,"R10mm (Rain, Ravenswood)",0.0
2019,SON,"R20mm (Rain, Ravenswood)",0.0
2019,SON,"Max 5-Day (Rain, Ravenswood)",0.7978515625
2019,SON,"Min 5-Day (Rain, Ravenswood)",0.0
2019,SON,"CDD (Rain, Ravenswood)",91.0
2020,DJF,"Max Day (Rain, Ravenswood)",30.84375
2020,DJF,"Min Day (Rain, Ravenswood)",0.0
2020,DJF,"Total (Rain, Ravenswood)",283.556640625
2020,DJF,"R10mm (Rain, Ravenswood)",11.0
2020,DJF,"R20mm (Rain, Ravenswood)",2.0
2020,DJF,"Max 5-Day (Rain, Ravenswood)",80.658203125
2020,DJF,"Min 5-Day (Rain, Ravenswood)",0.0029296875
2020,DJF,"CDD (Rain, Ravenswood)",15.0
2020,MAM,"Max Day (Rain, Ravenswood)",27.7822265625
2020,MAM,"Min Day (Rain, Ravenswood)",0.0
2020,MAM,"Total (Rain, Ravenswood)",123.78125
2020,MAM,"R10mm (Rain, Ravenswood)",4.0
2020,MAM,"R20mm (Rain, Ravenswood)",2.0
2020,MAM,"Max 5-Day (Rain, Ravenswood)",69.0390625
2020,MAM,"Min 5-Day (Rain, Ravenswood)",0.0
2020,MAM,"CDD (Rain, Ravenswood)",29.0
2020,JJA,"Max Day (Rain, Ravenswood)",37.17578125
2020,JJA,"Min Day (Rain, Ravenswood)",0.0
2020,JJA,"Total (Rain, Ravenswood)",74.3798828125
2020,JJA,"R10mm (Rain, Ravenswood)",2.0
2020,JJA,"R20mm (Rain, Ravenswood)",1.0
2020,JJA,"Max 5-Day (Rain, Ravenswood)",37.927734375
2020,JJA,"Min 5-Day (Rain, Ravenswood)",0.0
2020,JJA,"CDD (Rain, Ravenswood)",23.0
2020,SON,"Max Day (Rain, Ravenswood)",11.4375
2020,SON,"Min Day (Rain, Ravenswood)",0.0
2020,SON,"Total (Rain, Ravenswood)",28.8837890625
2020,SON,"R10mm (Rain, Ravenswood)",1.0
2020,SON,"R20mm (Rain, Ravenswood)",0.0
2020,SON,"Max 5-Day (Rain, Ravenswood)",18.486328125
2020,SON,"Min 5-Day (Rain, Ravenswood)",0.0
2020,SON,"CDD (Rain, Ravenswood)",29.0
2021,DJF,"Max Day (Rain, Ravenswood)",46.1455078125
2021,DJF,"Min Day (Rain, Ravenswood)",0.0
2021,DJF,"Total (Rain, Ravenswood)",370.1298828125
2021,DJF,"R10mm (Rain, Ravenswood)",12.0
2021,DJF,"R20mm (Rain, Ravenswood)",3.0
2021,DJF,"Max 5-Day (Rain, Ravenswood)",100.9677734375
2021,DJF,"Min 5-Day (Rain, Ravenswood)",0.001953125
2021,DJF,"CDD (Rain, Ravenswood)",9.0
2021,MAM,"Max Day (Rain, Ravenswood)",47.73046875
2021,MAM,"Min Day (Rain, Ravenswood)",0.0
2021,MAM,"Total (Rain, Ravenswood)",184.8134765625
2021,MAM,"R10mm (Rain, Ravenswood)",6.0
2021,MAM,"R20mm (Rain, Ravenswood)",2.0
2021,MAM,"Max 5-Day (Rain, Ravenswood)",70.6357421875
2021,MAM,"Min 5-Day (Rain, Ravenswood)",0.0
2021,MAM,"CDD (Rain, Ravenswood)",30.0
2021,JJA,"Max Day (Rain, Ravenswood)",53.431640625
2021,JJA,"Min Day (Rain, Ravenswood)",0.0
2021,JJA,"Total (Rain, Ravenswood)",84.0537109375
2021,JJA,"R10mm (Rain, Ravenswood)",1.0
2021,JJA,"R20mm (Rain, Ravenswood)",1.0
2021,JJA,"Max 5-Day (Rain, Ravenswood)",53.4345703125
2021,JJA,"Min 5-Day (Rain, Ravenswood)",0.0
2021,JJA,"CDD (Rain, Ravenswood)",28.0
2021,SON,"Max Day (Rain, Ravenswood)",12.498046875
2021,SON,"Min Day (Rain, Ravenswood)",0.0
2021,SON,"Total (Rain, Ravenswood)",85.7861328125
2021,SON,"R10mm (Rain, Ravenswood)",2.0
2021,SON,"R20mm (Rain, Ravenswood)",0.0
2021,SON,"Max 5-Day (Rain, Ravenswood)",58.8193359375
2021,SON,"Min 5-Day (Rain, Ravenswood)",0.0
2021,SON,"CDD (Rain, Ravenswood)",29.0
2022,DJF,"Max Day (Rain, Ravenswood)",46.0029296875
2022,DJF,"Min Day (Rain, Ravenswood)",0.0
2022,DJF,"Total (Rain, Ravenswood)",249.943359375
2022,DJF,"R10mm (Rain, Ravenswood)",9.0
2022,DJF,"R20mm (Rain, Ravenswood)",2.0
2022,DJF,"Max 5-Day (Rain, Ravenswood)",59.205078125
2022,DJF,"Min 5-Day (Rain, Ravenswood)",0.0
2022,DJF,"CDD (Rain, Ravenswood)",15.0
2022,MAM,"Max Day (Rain, Ravenswood)",99.7646484375
2022,MAM,"Min Day (Rain, Ravenswood)",0.0
2022,MAM,"Total (Rain, Ravenswood)",308.2734375
2022,MAM,"R10mm (Rain, Ravenswood)",5.0
2022,MAM,"R20mm (Rain, Ravenswood)",4.0
2022,MAM,"Max 5-Day (Rain, Ravenswood)",149.376953125
2022,MAM,"Min 5-Day (Rain, Ravenswood)",0.0
2022,MAM,"CDD (Rain, Ravenswood)",24.0
2022,JJA,"Max Day (Rain, Ravenswood)",42.138671875
2022,JJA,"Min Day (Rain, Ravenswood)",0.0
2022,JJA,"Total (Rain, Ravenswood)",99.1474609375
2022,JJA,"R10mm (Rain, Ravenswood)",4.0
2022,JJA,"R20mm (Rain, Ravenswood)",1.0
2022,JJA,"Max 5-Day (Rain, Ravenswood)",95.6689453125
2022,JJA,"Min 5-Day (Rain, Ravenswood)",0.0
2022,JJA,"CDD (Rain, Ravenswood)",56.0
2022,SON,"Max Day (Rain, Ravenswood)",38.5791015625
2022,SON,"Min Day (Rain, Ravenswood)",0.0
2022,SON,"Total (Rain, Ravenswood)",201.1162109375
2022,SON,"R10mm (Rain, Ravenswood)",8.0
2022,SON,"R20mm (Rain, Ravenswood)",2.0
2022,SON,"Max 5-Day (Rain, Ravenswood)",68.9892578125
2022,SON,"Min 5-Day (Rain, Ravenswood)",0.0
2022,SON,"CDD (Rain, Ravenswood)",25.0
2023,DJF,"Max Day (Rain, Ravenswood)",71.384765625
2023,DJF,"Min Day (Rain, Ravenswood)",0.0
2023,DJF,"Total (Rain, Ravenswood)",550.349609375
2023,DJF,"R10mm (Rain, Ravenswood)",14.0
2023,DJF,"R20mm (Rain, Ravenswood)",10.0
2023,DJF,"Max 5-Day (Rain, Ravenswood)",259.701171875
2023,DJF,"Min 5-Day (Rain, Ravenswood)",0.0
2023,DJF,"CDD (Rain, Ravenswood)",10.0
2023,MAM,"Max Day (Rain, Ravenswood)",17.2421875
2023,MAM,"Min Day (Rain, Ravenswood)",0.0
2023,MAM,"Total (Rain, Ravenswood)",121.24609375
2023,MAM,"R10mm (Rain, Ravenswood)",5.0
2023,MAM,"R20mm (Rain, Ravenswood)",0.0
2023,MAM,"Max 5-Day (Rain, Ravenswood)",34.5205078125
2023,MAM,"Min 5-Day (Rain, Ravenswood)",0.0
2023,MAM,"CDD (Rain, Ravenswood)",43.0
2023,JJA,"Max Day (Rain, Ravenswood)",42.2880859375
2023,JJA,"Min Day (Rain, Ravenswood)",0.0
2023,JJA,"Total (Rain, Ravenswood)",66.6533203125
2023,JJA,"R10mm (Rain, Ravenswood)",1.0
2023,JJA,"R20mm (Rain, Ravenswood)",1.0
2023,JJA,"Max 5-Day (Rain, Ravenswood)",49.9228515625
2023,JJA,"Min 5-Day (Rain, Ravenswood)",0.0
2023,JJA,"CDD (Rain, Ravenswood)",36.0
2023,SON,"Max Day (Rain, Ravenswood)",17.6083984375
2023,SON,"Min Day (Rain, Ravenswood)",0.0
2023,SON,"Total (Rain, Ravenswood)",27.828125
2023,SON,"R10mm (Rain, Ravenswood)",1.0
2023,SON,"R20mm (Rain, Ravenswood)",0.0
2023,SON,"Max 5-Day (Rain, Ravenswood)",23.859375
2023,SON,"Min 5-Day (Rain, Ravenswood)",0.0
2023,SON,"CDD (Rain, Ravenswood)",73.0
2024,DJF,"Max Day (Rain, Ravenswood)",45.72265625
2024,DJF,"Min Day (Rain, Ravenswood)",0.0
2024,DJF,"Total (Rain, Ravenswood)",441.396484375
2024,DJF,"R10mm (Rain, Ravenswood)",13.0
2024,DJF,"R20mm (Rain, Ravenswood)",7.0
2024,DJF,"Max 5-Day (Rain, Ravenswood)",92.6376953125
2024,DJF,"Min 5-Day (Rain, Ravenswood)",0.0009765625
2024,DJF,"CDD (Rain, Ravenswood)",6.0
2024,MAM,"Max Day (Rain, Ravenswood)",31.08203125
2024,MAM,"Min Day (Rain, Ravenswood)",0.0
2024,MAM,"Total (Rain, Ravenswood)",104.732421875
2024,MAM,"R10mm (Rain, Ravenswood)",2.0
2024,MAM,"R20mm (Rain, Ravenswood)",1.0
2024,MAM,"Max 5-Day (Rain, Ravenswood)",60.796875
2024,MAM,"Min 5-Day (Rain, Ravenswood)",0.00390625
2024,MAM,"CDD (Rain, Ravenswood)",30.0
2024,JJA,"Max Day (Rain, Ravenswood)",50.2353515625
2024,JJA,"Min Day (Rain, Ravenswood)",0.0
2024,JJA,"Total (Rain, Ravenswood)",105.9541015625
2024,JJA,"R10mm (Rain, Ravenswood)",3.0
2024,JJA,"R20mm (Rain, Ravenswood)",2.0
2024,JJA,"Max 5-Day (Rain, Ravenswood)",65.8701171875
2024,JJA,"Min 5-Day (Rain, Ravenswood)",0.0
2024,JJA,"CDD (Rain, Ravenswood)",38.0
2024,SON,"Max Day (Rain, Ravenswood)",60.013671875
2024,SON,"Min Day (Rain, Ravenswood)",0.0
2024,SON,"Total (Rain, Ravenswood)",95.4814453125
2024,SON,"R10mm (Rain, Ravenswood)",1.0
2024,SON,"R20mm (Rain, Ravenswood)",1.0
2024,SON,"Max 5-Day (Rain, Ravenswood)",61.1787109375
2024,SON,"Min 5-Day (Rain, Ravenswood)",0.0
2024,SON,"CDD (Rain, Ravenswood)",36.0
2025,DJF,"Max Day (Rain, Ravenswood)",37.3134765625
2025,DJF,"Min Day (Rain, Ravenswood)",0.0
2025,DJF,"Total (Rain, Ravenswood)",176.958984375
2025,DJF,"R10mm (Rain, Ravenswood)",6.0
2025,DJF,"R20mm (Rain, Ravenswood)",2.0
2025,DJF,"Max 5-Day (Rain, Ravenswood)",96.7412109375
2025,DJF,"Min 5-Day (Rain, Ravenswood)",0.326171875
2025,DJF,"CDD (Rain, Ravenswood)",7.0
1971,Annual,"Max Day (Rain, Ravenswood)",99.9453125
1971,Annual,"Min Day (Rain, Ravenswood)",0.0
1971,Annual,"Total (Rain, Ravenswood)",964.6513671875
1971,Annual,"R10mm (Rain, Ravenswood)",22.0
1971,Annual,"R20mm (Rain, Ravenswood)",10.0
1971,Annual,"Max 5-Day (Rain, Ravenswood)",314.3193359375
1971,Annual,"Min 5-Day (Rain, Ravenswood)",0.0
1971,Annual,"CDD (Rain, Ravenswood)",50.0
1972,Annual,"Max Day (Rain, Ravenswood)",140.9912109375
1972,Annual,"Min Day (Rain, Ravenswood)",0.0
1972,Annual,"Total (Rain, Ravenswood)",816.8623046875
1972,Annual,"R10mm (Rain, Ravenswood)",25.0
1972,Annual,"R20mm (Rain, Ravenswood)",12.0
1972,Annual,"Max 5-Day (Rain, Ravenswood)",316.201171875
1972,Annual,"Min 5-Day (Rain, Ravenswood)",0.0
1972,Annual,"CDD (Rain, Ravenswood)",149.0
1973,Annual,"Max Day (Rain, Ravenswood)",89.7109375
1973,Annual,"Min Day (Rain, Ravenswood)",0.0
1973,Annual,"Total (Rain, Ravenswood)",882.3154296875
1973,Annual,"R10mm (Rain, Ravenswood)",28.0
1973,Annual,"R20mm (Rain, Ravenswood)",12.0
1973,Annual,"Max 5-Day (Rain, Ravenswood)",194.994140625
1973,Annual,"Min 5-Day (Rain, Ravenswood)",0.0
1973,Annual,"CDD (Rain, Ravenswood)",23.0
1974,Annual,"Max Day (Rain, Ravenswood)",62.166015625
1974,Annual,"Min Day (Rain, Ravenswood)",0.0
1974,Annual,"Total (Rain, Ravenswood)",1123.2021484375
1974,Annual,"R10mm (Rain, Ravenswood)",36.0
1974,Annual,"R20mm (Rain, Ravenswood)",21.0
1974,Annual,"Max 5-Day (Rain, Ravenswood)",160.65625
1974,Annual,"Min 5-Day (Rain, Ravenswood)",0.0
1974,Annual,"CDD (Rain, Ravenswood)",92.0
1975,Annual,"Max Day (Rain, Ravenswood)",74.8427734375
1975,Annual,"Min Day (Rain, Ravenswood)",0.0
1975,Annual,"Total (Rain, Ravenswood)",873.8828125
1975,Annual,"R10mm (Rain, Ravenswood)",24.0
1975,Annual,"R20mm (Rain, Ravenswood)",12.0
1975,Annual,"Max 5-Day (Rain, Ravenswood)",94.34375
1975,Annual,"Min 5-Day (Rain, Ravenswood)",0.0
1975,Annual,"CDD (Rain, Ravenswood)",93.0
1976,Annual,"Max Day (Rain, Ravenswood)",97.8955078125
1976,Annual,"Min Day (Rain, Ravenswood)",0.0
1976,Annual,"Total (Rain, Ravenswood)",944.201171875
1976,Annual,"R10mm (Rain, Ravenswood)",26.0
1976,Annual,"R20mm (Rain, Ravenswood)",14.0
1976,Annual,"Max 5-Day (Rain, Ravenswood)",197.6787109375
1976,Annual,"Min 5-Day (Rain, Ravenswood)",0.0
1976,Annual,"CDD (Rain, Ravenswood)",106.0
1977,Annual,"Max Day (Rain, Ravenswood)",87.7421875
1977,Annual,"Min Day (Rain, Ravenswood)",0.0
1977,Annual,"Total (Rain, Ravenswood)",737.9775390625
1977,Annual,"R10mm (Rain, Ravenswood)",19.0
1977,Annual,"R20mm (Rain, Ravenswood)",10.0
1977,Annual,"Max 5-Day (Rain, Ravenswood)",147.4296875
1977,Annual,"Min 5-Day (Rain, Ravenswood)",0.0
1977,Annual,"CDD (Rain, Ravenswood)",116.0
1978,Annual,"Max Day (Rain, Ravenswood)",196.404296875
1978,Annual,"Min Day (Rain, Ravenswood)",0.0
1978,Annual,"Total (Rain, Ravenswood)",914.9658203125
1978,Annual,"R10mm (Rain, Ravenswood)",25.0
1978,Annual,"R20mm (Rain, Ravenswood)",9.0
1978,Annual,"Max 5-Day (Rain, Ravenswood)",289.02734375
1978,Annual,"Min 5-Day (Rain, Ravenswood)",0.0
1978,Annual,"CDD (Rain, Ravenswood)",47.0
1979,Annual,"Max Day (Rain, Ravenswood)",65.2744140625
1979,Annual,"Min Day (Rain, Ravenswood)",0.0
1979,Annual,"Total (Rain, Ravenswood)",613.9140625
1979,Annual,"R10mm (Rain, Ravenswood)",21.0
1979,Annual,"R20mm (Rain, Ravenswood)",7.0
1979,Annual,"Max 5-Day (Rain, Ravenswood)",121.1494140625
1979,Annual,"Min 5-Day (Rain, Ravenswood)",0.0
1979,Annual,"CDD (Rain, Ravenswood)",62.0
1980,Annual,"Max Day (Rain, Ravenswood)",99.6904296875
1980,Annual,"Min Day (Rain, Ravenswood)",0.0
1980,Annual,"Total (Rain, Ravenswood)",606.3974609375
1980,Annual,"R10mm (Rain, Ravenswood)",17.0
1980,Annual,"R20mm (Rain, Ravenswood)",8.0
1980,Annual,"Max 5-Day (Rain, Ravenswood)",237.857421875
1980,Annual,"Min 5-Day (Rain, Ravenswood)",0.0
1980,Annual,"CDD (Rain, Ravenswood)",57.0
1981,Annual,"Max Day (Rain, Ravenswood)",104.45703125
1981,Annual,"Min Day (Rain, Ravenswood)",0.0
1981,Annual,"Total (Rain, Ravenswood)",1151.1845703125
1981,Annual,"R10mm (Rain, Ravenswood)",33.0
1981,Annual,"R20mm (Rain, Ravenswood)",15.0
1981,Annual,"Max 5-Day (Rain, Ravenswood)",147.505859375
1981,Annual,"Min 5-Day (Rain, Ravenswood)",0.0
1981,Annual,"CDD (Rain, Ravenswood)",43.0
1982,Annual,"Max Day (Rain, Ravenswood)",40.94140625
1982,Annual,"Min Day (Rain, Ravenswood)",0.0
1982,Annual,"Total (Rain, Ravenswood)",292.8603515625
1982,Annual,"R10mm (Rain, Ravenswood)",6.0
1982,Annual,"R20mm (Rain, Ravenswood)",3.0
1982,Annual,"Max 5-Day (Rain, Ravenswood)",59.1669921875
1982,Annual,"Min 5-Day (Rain, Ravenswood)",0.0
1982,Annual,"CDD (Rain, Ravenswood)",216.0
1983,Annual,"Max Day (Rain, Ravenswood)",60.302734375
1983,Annual,"Min Day (Rain, Ravenswood)",0.0
1983,Annual,"Total (Rain, Ravenswood)",636.857421875
1983,Annual,"R10mm (Rain, Ravenswood)",14.0
1983,Annual,"R20mm (Rain, Ravenswood)",8.0
1983,Annual,"Max 5-Day (Rain, Ravenswood)",207.412109375
1983,Annual,"Min 5-Day (Rain, Ravenswood)",0.0
1983,Annual,"CDD (Rain, Ravenswood)",117.0
1984,Annual,"Max Day (Rain, Ravenswood)",48.4814453125
1984,Annual,"Min Day (Rain, Ravenswood)",0.0
1984,Annual,"Total (Rain, Ravenswood)",571.369140625
1984,Annual,"R10mm (Rain, Ravenswood)",17.0
1984,Annual,"R20mm (Rain, Ravenswood)",4.0
1984,Annual,"Max 5-Day (Rain, Ravenswood)",74.5478515625
1984,Annual,"Min 5-Day (Rain, Ravenswood)",0.0
1984,Annual,"CDD (Rain, Ravenswood)",41.0
1985,Annual,"Max Day (Rain, Ravenswood)",53.029296875
1985,Annual,"Min Day (Rain, Ravenswood)",0.0
1985,Annual,"Total (Rain, Ravenswood)",623.228515625
1985,Annual,"R10mm (Rain, Ravenswood)",20.0
1985,Annual,"R20mm (Rain, Ravenswood)",8.0
1985,Annual,"Max 5-Day (Rain, Ravenswood)",77.2509765625
1985,Annual,"Min 5-Day (Rain, Ravenswood)",0.0
1985,Annual,"CDD (Rain, Ravenswood)",90.0
1986,Annual,"Max Day (Rain, Ravenswood)",36.16796875
1986,Annual,"Min Day (Rain, Ravenswood)",0.0
1986,Annual,"Total (Rain, Ravenswood)",489.6279296875
1986,Annual,"R10mm (Rain, Ravenswood)",13.0
1986,Annual,"R20mm (Rain, Ravenswood)",6.0
1986,Annual,"Max 5-Day (Rain, Ravenswood)",74.6142578125
1986,Annual,"Min 5-Day (Rain, Ravenswood)",0.0
1986,Annual,"CDD (Rain, Ravenswood)",28.0
1987,Annual,"Max Day (Rain, Ravenswood)",57.712890625
1987,Annual,"Min Day (Rain, Ravenswood)",0.0
1987,Annual,"Total (Rain, Ravenswood)",439.3955078125
1987,Annual,"R10mm (Rain, Ravenswood)",7.0
1987,Annual,"R20mm (Rain, Ravenswood)",3.0
1987,Annual,"Max 5-Day (Rain, Ravenswood)",66.517578125
1987,Annual,"Min 5-Day (Rain, Ravenswood)",0.0
1987,Annual,"CDD (Rain, Ravenswood)",33.0
1988,Annual,"Max Day (Rain, Ravenswood)",58.5322265625
1988,Annual,"Min Day (Rain, Ravenswood)",0.0
1988,Annual,"Total (Rain, Ravenswood)",744.8447265625
1988,Annual,"R10mm (Rain, Ravenswood)",21.0
1988,Annual,"R20mm (Rain, Ravenswood)",10.0
1988,Annual,"Max 5-Day (Rain, Ravenswood)",173.080078125
1988,Annual,"Min 5-Day (Rain, Ravenswood)",0.0
1988,Annual,"CDD (Rain, Ravenswood)",49.0
1989,Annual,"Max Day (Rain, Ravenswood)",72.5595703125
1989,Annual,"Min Day (Rain, Ravenswood)",0.0
1989,Annual,"Total (Rain, Ravenswood)",941.08203125
1989,Annual,"R10mm (Rain, Ravenswood)",29.0
1989,Annual,"R20mm (Rain, Ravenswood)",9.0
1989,Annual,"Max 5-Day (Rain, Ravenswood)",163.15234375
1989,Annual,"Min 5-Day (Rain, Ravenswood)",0.0
1989,Annual,"CDD (Rain, Ravenswood)",57.0
1990,Annual,"Max Day (Rain, Ravenswood)",158.9384765625
1990,Annual,"Min Day (Rain, Ravenswood)",0.0
1990,Annual,"Total (Rain, Ravenswood)",1026.828125
1990,Annual,"R10mm (Rain, Ravenswood)",23.0
1990,Annual,"R20mm (Rain, Ravenswood)",14.0
1990,Annual,"Max 5-Day (Rain, Ravenswood)",242.05078125
1990,Annual,"Min 5-Day (Rain, Ravenswood)",0.0
1990,Annual,"CDD (Rain, Ravenswood)",87.0
1991,Annual,"Max Day (Rain, Ravenswood)",147.3056640625
1991,Annual,"Min Day (Rain, Ravenswood)",0.0
1991,Annual,"Total (Rain, Ravenswood)",1094.123046875
1991,Annual,"R10mm (Rain, Ravenswood)",23.0
1991,Annual,"R20mm (Rain, Ravenswood)",14.0
1991,Annual,"Max 5-Day (Rain, Ravenswood)",282.470703125
1991,Annual,"Min 5-Day (Rain, Ravenswood)",0.0
1991,Annual,"CDD (Rain, Ravenswood)",146.0
1992,Annual,"Max Day (Rain, Ravenswood)",41.234375
1992,Annual,"Min Day (Rain, Ravenswood)",0.0
1992,Annual,"Total (Rain, Ravenswood)",386.80078125
1992,Annual,"R10mm (Rain, Ravenswood)",9.0
1992,Annual,"R20mm (Rain, Ravenswood)",3.0
1992,Annual,"Max 5-Day (Rain, Ravenswood)",61.658203125
1992,Annual,"Min 5-Day (Rain, Ravenswood)",0.0
1992,Annual,"CDD (Rain, Ravenswood)",38.0
1993,Annual,"Max Day (Rain, Ravenswood)",45.0986328125
1993,Annual,"Min Day (Rain, Ravenswood)",0.0
1993,Annual,"Total (Rain, Ravenswood)",322.7890625
1993,Annual,"R10mm (Rain, Ravenswood)",10.0
1993,Annual,"R20mm (Rain, Ravenswood)",2.0
1993,Annual,"Max 5-Day (Rain, Ravenswood)",67.9140625
1993,Annual,"Min 5-Day (Rain, Ravenswood)",0.0
1993,Annual,"CDD (Rain, Ravenswood)",66.0
1994,Annual,"Max Day (Rain, Ravenswood)",57.7294921875
1994,Annual,"Min Day (Rain, Ravenswood)",0.0
1994,Annual,"Total (Rain, Ravenswood)",418.1787109375
1994,Annual,"R10mm (Rain, Ravenswood)",11.0
1994,Annual,"R20mm (Rain, Ravenswood)",3.0
1994,Annual,"Max 5-Day (Rain, Ravenswood)",101.9765625
1994,Annual,"Min 5-Day (Rain, Ravenswood)",0.0
1994,Annual,"CDD (Rain, Ravenswood)",87.0
1995,Annual,"Max Day (Rain, Ravenswood)",38.0546875
1995,Annual,"Min Day (Rain, Ravenswood)",0.0
1995,Annual,"Total (Rain, Ravenswood)",470.0712890625
1995,Annual,"R10mm (Rain, Ravenswood)",13.0
1995,Annual,"R20mm (Rain, Ravenswood)",7.0
1995,Annual,"Max 5-Day (Rain, Ravenswood)",84.4833984375
1995,Annual,"Min 5-Day (Rain, Ravenswood)",0.0
1995,Annual,"CDD (Rain, Ravenswood)",72.0
1996,Annual,"Max Day (Rain, Ravenswood)",62.099609375
1996,Annual,"Min Day (Rain, Ravenswood)",0.0
1996,Annual,"Total (Rain, Ravenswood)",484.8095703125
1996,Annual,"R10mm (Rain, Ravenswood)",12.0
1996,Annual,"R20mm (Rain, Ravenswood)",6.0
1996,Annual,"Max 5-Day (Rain, Ravenswood)",191.1630859375
1996,Annual,"Min 5-Day (Rain, Ravenswood)",0.0
1996,Annual,"CDD (Rain, Ravenswood)",41.0
1997,Annual,"Max Day (Rain, Ravenswood)",86.296875
1997,Annual,"Min Day (Rain, Ravenswood)",0.0
1997,Annual,"Total (Rain, Ravenswood)",864.8701171875
1997,Annual,"R10mm (Rain, Ravenswood)",28.0
1997,Annual,"R20mm (Rain, Ravenswood)",13.0
1997,Annual,"Max 5-Day (Rain, Ravenswood)",142.2294921875
1997,Annual,"Min 5-Day (Rain, Ravenswood)",0.0
1997,Annual,"CDD (Rain, Ravenswood)",52.0
1998,Annual,"Max Day (Rain, Ravenswood)",74.1787109375
1998,Annual,"Min Day (Rain, Ravenswood)",0.0
1998,Annual,"Total (Rain, Ravenswood)",1104.46875
1998,Annual,"R10mm (Rain, Ravenswood)",30.0
1998,Annual,"R20mm (Rain, Ravenswood)",13.0
1998,Annual,"Max 5-Day (Rain, Ravenswood)",204.24609375
1998,Annual,"Min 5-Day (Rain, Ravenswood)",0.0
1998,Annual,"CDD (Rain, Ravenswood)",29.0
1999,Annual,"Max Day (Rain, Ravenswood)",40.2587890625
1999,Annual,"Min Day (Rain, Ravenswood)",0.0
1999,Annual,"Total (Rain, Ravenswood)",711.1435546875
1999,Annual,"R10mm (Rain, Ravenswood)",24.0
1999,Annual,"R20mm (Rain, Ravenswood)",11.0
1999,Annual,"Max 5-Day (Rain, Ravenswood)",86.828125
1999,Annual,"Min 5-Day (Rain, Ravenswood)",0.0
1999,Annual,"CDD (Rain, Ravenswood)",42.0
2000,Annual,"Max Day (Rain, Ravenswood)",65.96484375
2000,Annual,"Min Day (Rain, Ravenswood)",0.0
2000,Annual,"Total (Rain, Ravenswood)",1250.4560546875
2000,Annual,"R10mm (Rain, Ravenswood)",41.0
2000,Annual,"R20mm (Rain, Ravenswood)",23.0
2000,Annual,"Max 5-Day (Rain, Ravenswood)",160.5625
2000,Annual,"Min 5-Day (Rain, Ravenswood)",0.0
2000,Annual,"CDD (Rain, Ravenswood)",67.0
2001,Annual,"Max Day (Rain, Ravenswood)",49.08203125
2001,Annual,"Min Day (Rain, Ravenswood)",0.0
2001,Annual,"Total (Rain, Ravenswood)",403.9638671875
2001,Annual,"R10mm (Rain, Ravenswood)",12.0
2001,Annual,"R20mm (Rain, Ravenswood)",4.0
2001,Annual,"Max 5-Day (Rain, Ravenswood)",111.89453125
2001,Annual,"Min 5-Day (Rain, Ravenswood)",0.0
2001,Annual,"CDD (Rain, Ravenswood)",45.0
2002,Annual,"Max Day (Rain, Ravenswood)",55.3671875
2002,Annual,"Min Day (Rain, Ravenswood)",0.0
2002,Annual,"Total (Rain, Ravenswood)",343.53515625
2002,Annual,"R10mm (Rain, Ravenswood)",10.0
2002,Annual,"R20mm (Rain, Ravenswood)",3.0
2002,Annual,"Max 5-Day (Rain, Ravenswood)",118.328125
2002,Annual,"Min 5-Day (Rain, Ravenswood)",0.0
2002,Annual,"CDD (Rain, Ravenswood)",86.0
2003,Annual,"Max Day (Rain, Ravenswood)",55.373046875
2003,Annual,"Min Day (Rain, Ravenswood)",0.0
2003,Annual,"Total (Rain, Ravenswood)",466.0107421875
2003,Annual,"R10mm (Rain, Ravenswood)",13.0
2003,Annual,"R20mm (Rain, Ravenswood)",8.0
2003,Annual,"Max 5-Day (Rain, Ravenswood)",143.494140625
2003,Annual,"Min 5-Day (Rain, Ravenswood)",0.0
2003,Annual,"CDD (Rain, Ravenswood)",104.0
2004,Annual,"Max Day (Rain, Ravenswood)",31.875
2004,Annual,"Min Day (Rain, Ravenswood)",0.0
2004,Annual,"Total (Rain, Ravenswood)",408.86328125
2004,Annual,"R10mm (Rain, Ravenswood)",12.0
2004,Annual,"R20mm (Rain, Ravenswood)",3.0
2004,Annual,"Max 5-Day (Rain, Ravenswood)",64.8623046875
2004,Annual,"Min 5-Day (Rain, Ravenswood)",0.0
2004,Annual,"CDD (Rain, Ravenswood)",90.0
2005,Annual,"Max Day (Rain, Ravenswood)",91.4775390625
2005,Annual,"Min Day (Rain, Ravenswood)",0.0
2005,Annual,"Total (Rain, Ravenswood)",564.7529296875
2005,Annual,"R10mm (Rain, Ravenswood)",11.0
2005,Annual,"R20mm (Rain, Ravenswood)",7.0
2005,Annual,"Max 5-Day (Rain, Ravenswood)",228.2822265625
2005,Annual,"Min 5-Day (Rain, Ravenswood)",0.0
2005,Annual,"CDD (Rain, Ravenswood)",67.0
2006,Annual,"Max Day (Rain, Ravenswood)",64.6240234375
2006,Annual,"Min Day (Rain, Ravenswood)",0.0
2006,Annual,"Total (Rain, Ravenswood)",599.1171875
2006,Annual,"R10mm (Rain, Ravenswood)",17.0
2006,Annual,"R20mm (Rain, Ravenswood)",6.0
2006,Annual,"Max 5-Day (Rain, Ravenswood)",144.63671875
2006,Annual,"Min 5-Day (Rain, Ravenswood)",0.0
2006,Annual,"CDD (Rain, Ravenswood)",43.0
2007,Annual,"Max Day (Rain, Ravenswood)",150.6708984375
2007,Annual,"Min Day (Rain, Ravenswood)",0.0
2007,Annual,"Total (Rain, Ravenswood)",954.2177734375
2007,Annual,"R10mm (Rain, Ravenswood)",23.0
2007,Annual,"R20mm (Rain, Ravenswood)",13.0
2007,Annual,"Max 5-Day (Rain, Ravenswood)",289.1064453125
2007,Annual,"Min 5-Day (Rain, Ravenswood)",0.0
2007,Annual,"CDD (Rain, Ravenswood)",53.0
2008,Annual,"Max Day (Rain, Ravenswood)",181.498046875
2008,Annual,"Min Day (Rain, Ravenswood)",0.0
2008,Annual,"Total (Rain, Ravenswood)",1030.6240234375
2008,Annual,"R10mm (Rain, Ravenswood)",24.0
2008,Annual,"R20mm (Rain, Ravenswood)",14.0
2008,Annual,"Max 5-Day (Rain, Ravenswood)",300.6474609375
2008,Annual,"Min 5-Day (Rain, Ravenswood)",0.0
2008,Annual,"CDD (Rain, Ravenswood)",48.0
2009,Annual,"Max Day (Rain, Ravenswood)",84.146484375
2009,Annual,"Min Day (Rain, Ravenswood)",0.0
2009,Annual,"Total (Rain, Ravenswood)",1051.513671875
2009,Annual,"R10mm (Rain, Ravenswood)",35.0
2009,Annual,"R20mm (Rain, Ravenswood)",16.0
2009,Annual,"Max 5-Day (Rain, Ravenswood)",166.5771484375
2009,Annual,"Min 5-Day (Rain, Ravenswood)",0.0
2009,Annual,"CDD (Rain, Ravenswood)",113.0
2010,Annual,"Max Day (Rain, Ravenswood)",98.3759765625
2010,Annual,"Min Day (Rain, Ravenswood)",0.0
2010,Annual,"Total (Rain, Ravenswood)",1349.3408203125
2010,Annual,"R10mm (Rain, Ravenswood)",39.0
2010,Annual,"R20mm (Rain, Ravenswood)",18.0
2010,Annual,"Max 5-Day (Rain, Ravenswood)",173.4970703125
2010,Annual,"Min 5-Day (Rain, Ravenswood)",0.0
2010,Annual,"CDD (Rain, Ravenswood)",33.0
2011,Annual,"Max Day (Rain, Ravenswood)",94.3388671875
2011,Annual,"Min Day (Rain, Ravenswood)",0.0
2011,Annual,"Total (Rain, Ravenswood)",772.1943359375
2011,Annual,"R10mm (Rain, Ravenswood)",29.0
2011,Annual,"R20mm (Rain, Ravenswood)",5.0
2011,Annual,"Max 5-Day (Rain, Ravenswood)",113.8193359375
2011,Annual,"Min 5-Day (Rain, Ravenswood)",0.0
2011,Annual,"CDD (Rain, Ravenswood)",90.0
2012,Annual,"Max Day (Rain, Ravenswood)",108.701171875
2012,Annual,"Min Day (Rain, Ravenswood)",0.0
2012,Annual,"Total (Rain, Ravenswood)",912.3525390625
2012,Annual,"R10mm (Rain, Ravenswood)",25.0
2012,Annual,"R20mm (Rain, Ravenswood)",14.0
2012,Annual,"Max 5-Day (Rain, Ravenswood)",258.6953125
2012,Annual,"Min 5-Day (Rain, Ravenswood)",0.0
2012,Annual,"CDD (Rain, Ravenswood)",60.0
2013,Annual,"Max Day (Rain, Ravenswood)",135.546875
2013,Annual,"Min Day (Rain, Ravenswood)",0.0
2013,Annual,"Total (Rain, Ravenswood)",558.0966796875
2013,Annual,"R10mm (Rain, Ravenswood)",16.0
2013,Annual,"R20mm (Rain, Ravenswood)",6.0
2013,Annual,"Max 5-Day (Rain, Ravenswood)",185.9150390625
2013,Annual,"Min 5-Day (Rain, Ravenswood)",0.0
2013,Annual,"CDD (Rain, Ravenswood)",79.0
2014,Annual,"Max Day (Rain, Ravenswood)",61.28515625
2014,Annual,"Min Day (Rain, Ravenswood)",0.0
2014,Annual,"Total (Rain, Ravenswood)",533.177734375
2014,Annual,"R10mm (Rain, Ravenswood)",13.0
2014,Annual,"R20mm (Rain, Ravenswood)",6.0
2014,Annual,"Max 5-Day (Rain, Ravenswood)",122.0146484375
2014,Annual,"Min 5-Day (Rain, Ravenswood)",0.0
2014,Annual,"CDD (Rain, Ravenswood)",57.0
2015,Annual,"Max Day (Rain, Ravenswood)",37.2958984375
2015,Annual,"Min Day (Rain, Ravenswood)",0.0
2015,Annual,"Total (Rain, Ravenswood)",446.423828125
2015,Annual,"R10mm (Rain, Ravenswood)",13.0
2015,Annual,"R20mm (Rain, Ravenswood)",8.0
2015,Annual,"Max 5-Day (Rain, Ravenswood)",74.10546875
2015,Annual,"Min 5-Day (Rain, Ravenswood)",0.0
2015,Annual,"CDD (Rain, Ravenswood)",110.0
2016,Annual,"Max Day (Rain, Ravenswood)",50.1162109375
2016,Annual,"Min Day (Rain, Ravenswood)",0.0
2016,Annual,"Total (Rain, Ravenswood)",562.248046875
2016,Annual,"R10mm (Rain, Ravenswood)",15.0
2016,Annual,"R20mm (Rain, Ravenswood)",7.0
2016,Annual,"Max 5-Day (Rain, Ravenswood)",111.77734375
2016,Annual,"Min 5-Day (Rain, Ravenswood)",0.0
2016,Annual,"CDD (Rain, Ravenswood)",47.0
2017,Annual,"Max Day (Rain, Ravenswood)",120.4228515625
2017,Annual,"Min Day (Rain, Ravenswood)",0.0
2017,Annual,"Total (Rain, Ravenswood)",656.671875
2017,Annual,"R10mm (Rain, Ravenswood)",15.0
2017,Annual,"R20mm (Rain, Ravenswood)",9.0
2017,Annual,"Max 5-Day (Rain, Ravenswood)",195.3193359375
2017,Annual,"Min 5-Day (Rain, Ravenswood)",0.0
2017,Annual,"CDD (Rain, Ravenswood)",55.0
2018,Annual,"Max Day (Rain, Ravenswood)",76.375
2018,Annual,"Min Day (Rain, Ravenswood)",0.0
2018,Annual,"Total (Rain, Ravenswood)",639.466796875
2018,Annual,"R10mm (Rain, Ravenswood)",20.0
2018,Annual,"R20mm (Rain, Ravenswood)",6.0
2018,Annual,"Max 5-Day (Rain, Ravenswood)",132.2197265625
2018,Annual,"Min 5-Day (Rain, Ravenswood)",0.0
2018,Annual,"CDD (Rain, Ravenswood)",106.0
2019,Annual,"Max Day (Rain, Ravenswood)",89.7685546875
2019,Annual,"Min Day (Rain, Ravenswood)",0.0
2019,Annual,"Total (Rain, Ravenswood)",930.7958984375
2019,Annual,"R10mm (Rain, Ravenswood)",19.0
2019,Annual,"R20mm (Rain, Ravenswood)",13.0
2019,Annual,"Max 5-Day (Rain, Ravenswood)",362.65234375
2019,Annual,"Min 5-Day (Rain, Ravenswood)",0.0
2019,Annual,"CDD (Rain, Ravenswood)",135.0
2020,Annual,"Max Day (Rain, Ravenswood)",37.17578125
2020,Annual,"Min Day (Rain, Ravenswood)",0.0
2020,Annual,"Total (Rain, Ravenswood)",578.3251953125
2020,Annual,"R10mm (Rain, Ravenswood)",20.0
2020,Annual,"R20mm (Rain, Ravenswood)",5.0
2020,Annual,"Max 5-Day (Rain, Ravenswood)",80.658203125
2020,Annual,"Min 5-Day (Rain, Ravenswood)",0.0
2020,Annual,"CDD (Rain, Ravenswood)",46.0
2021,Annual,"Max Day (Rain, Ravenswood)",53.431640625
2021,Annual,"Min Day (Rain, Ravenswood)",0.0
2021,Annual,"Total (Rain, Ravenswood)",726.9326171875
2021,Annual,"R10mm (Rain, Ravenswood)",23.0
2021,Annual,"R20mm (Rain, Ravenswood)",6.0
2021,Annual,"Max 5-Day (Rain, Ravenswood)",100.9677734375
2021,Annual,"Min 5-Day (Rain, Ravenswood)",0.0
2021,Annual,"CDD (Rain, Ravenswood)",42.0
2022,Annual,"Max Day (Rain, Ravenswood)",99.7646484375
2022,Annual,"Min Day (Rain, Ravenswood)",0.0
2022,Annual,"Total (Rain, Ravenswood)",824.6328125
2022,Annual,"R10mm (Rain, Ravenswood)",23.0
2022,Annual,"R20mm (Rain, Ravenswood)",10.0
2022,Annual,"Max 5-Day (Rain, Ravenswood)",149.376953125
2022,Annual,"Min 5-Day (Rain, Ravenswood)",0.0
2022,Annual,"CDD (Rain, Ravenswood)",56.0
2023,Annual,"Max Day (Rain, Ravenswood)",71.384765625
2023,Annual,"Min Day (Rain, Ravenswood)",0.0
2023,Annual,"Total (Rain, Ravenswood)",806.76953125
2023,Annual,"R10mm (Rain, Ravenswood)",21.0
2023,Annual,"R20mm (Rain, Ravenswood)",11.0
2023,Annual,"Max 5-Day (Rain, Ravenswood)",259.701171875
2023,Annual,"Min 5-Day (Rain, Ravenswood)",0.0
2023,Annual,"CDD (Rain, Ravenswood)",73.0
2024,Annual,"Max Day (Rain, Ravenswood)",60.013671875
2024,Annual,"Min Day (Rain, Ravenswood)",0.0
2024,Annual,"Total (Rain, Ravenswood)",838.5615234375
2024,Annual,"R10mm (Rain, Ravenswood)",24.0
2024,Annual,"R20mm (Rain, Ravenswood)",12.0
2024,Annual,"Max 5-Day (Rain, Ravenswood)",96.7412109375
2024,Annual,"Min 5-Day (Rain, Ravenswood)",0.0
2024,Annual,"CDD (Rain, Ravenswood)",48.0
1971,DJF,"Average (Temp, Ravenswood)",27.659494173728813
1971,DJF,"Max Day (Temp, Ravenswood)",38.6728515625
1971,DJF,"Avg Max (Temp, Ravenswood)",33.017710540254235
1971,DJF,"Days 37C 3h est (Temp, Ravenswood)",5.0
1971,DJF,"Days 40C 3h est (Temp, Ravenswood)",0.0
1971,DJF,"5-Day Avg Max (Temp, Ravenswood)",37.0470703125
1971,MAM,"Average (Temp, Ravenswood)",22.107756241508152
1971,MAM,"Max Day (Temp, Ravenswood)",31.439453125
1971,MAM,"Avg Max (Temp, Ravenswood)",27.616529381793477
1971,MAM,"Days 37C 3h est (Temp, Ravenswood)",0.0
1971,MAM,"Days 40C 3h est (Temp, Ravenswood)",0.0
1971,MAM,"5-Day Avg Max (Temp, Ravenswood)",30.8427734375
1971,JJA,"Average (Temp, Ravenswood)",17.710788892663043
1971,JJA,"Max Day (Temp, Ravenswood)",31.23046875
1971,JJA,"Avg Max (Temp, Ravenswood)",24.605765964673914
1971,JJA,"Days 37C 3h est (Temp, Ravenswood)",0.0
1971,JJA,"Days 40C 3h est (Temp, Ravenswood)",0.0
1971,JJA,"5-Day Avg Max (Temp, Ravenswood)",29.1140625
1971,SON,"Average (Temp, Ravenswood)",25.07557091346154
1971,SON,"Max Day (Temp, Ravenswood)",37.958984375
1971,SON,"Avg Max (Temp, Ravenswood)",32.39415564903846
1971,SON,"Days 37C 3h est (Temp, Ravenswood)",4.0
1971,SON,"Days 40C 3h est (Temp, Ravenswood)",0.0
1971,SON,"5-Day Avg Max (Temp, Ravenswood)",36.7271484375
1972,DJF,"Average (Temp, Ravenswood)",26.961189689217033
1972,DJF,"Max Day (Temp, Ravenswood)",37.2119140625
1972,DJF,"Avg Max (Temp, Ravenswood)",32.20740685096154
1972,DJF,"Days 37C 3h est (Temp, Ravenswood)",1.0
1972,DJF,"Days 40C 3h est (Temp, Ravenswood)",0.0
1972,DJF,"5-Day Avg Max (Temp, Ravenswood)",36.8896484375
1972,MAM,"Average (Temp, Ravenswood)",22.211494777513586
1972,MAM,"Max Day (Temp, Ravenswood)",33.109375
1972,MAM,"Avg Max (Temp, Ravenswood)",28.037427819293477
1972,MAM,"Days 37C 3h est (Temp, Ravenswood)",0.0
1972,MAM,"Days 40C 3h est (Temp, Ravenswood)",0.0
1972,MAM,"5-Day Avg Max (Temp, Ravenswood)",32.0291015625
1972,JJA,"Average (Temp, Ravenswood)",17.429740574048914
1972,JJA,"Max Day (Temp, Ravenswood)",30.0400390625
1972,JJA,"Avg Max (Temp, Ravenswood)",25.055313773777176
1972,JJA,"Days 37C 3h est (Temp, Ravenswood)",0.0
1972,JJA,"Days 40C 3h est (Temp, Ravenswood)",0.0
1972,JJA,"5-Day Avg Max (Temp, Ravenswood)",28.8380859375
1972,SON,"Average (Temp, Ravenswood)",23.68877704326923
1972,SON,"Max Day (Temp, Ravenswood)",36.4189453125
1972,SON,"Avg Max (Temp, Ravenswood)",30.590315934065934
1972,SON,"Days 37C 3h est (Temp, Ravenswood)",0.0
1972,SON,"Days 40C 3h est (Temp, Ravenswood)",0.0
1972,SON,"5-Day Avg Max (Temp, Ravenswood)",34.9310546875
1973,DJF,"Average (Temp, Ravenswood)",27.34939236111111
1973,DJF,"Max Day (Temp, Ravenswood)",37.392578125
1973,DJF,"Avg Max (Temp, Ravenswood)",32.689442274305556
1973,DJF,"Days 37C 3h est (Temp, Ravenswood)",1.0
1973,DJF,"Days 40C 3h est (Temp, Ravenswood)",0.0
1973,DJF,"5-Day Avg Max (Temp, Ravenswood)",36.066796875
1973,MAM,"Average (Temp, Ravenswood)",24.007536514945652
1973,MAM,"Max Day (Temp, Ravenswood)",33.638671875
1973,MAM,"Avg Max (Temp, Ravenswood)",28.98523479959239
1973,MAM,"Days 37C 3h est (Temp, Ravenswood)",0.0
1973,MAM,"Days 40C 3h est (Temp, Ravenswood)",0.0
1973,MAM,"5-Day Avg Max (Temp, Ravenswood)",33.5388671875
1973,JJA,"Average (Temp, Ravenswood)",19.85318656589674
1973,JJA,"Max Day (Temp, Ravenswood)",29.822265625
1973,JJA,"Avg Max (Temp, Ravenswood)",26.25011676290761
1973,JJA,"Days 37C 3h est (Temp, Ravenswood)",0.0
1973,JJA,"Days 40C 3h est (Temp, Ravenswood)",0.0
1973,JJA,"5-Day Avg Max (Temp, Ravenswood)",28.426171875
1973,SON,"Average (Temp, Ravenswood)",24.11292711195055
1973,SON,"Max Day (Temp, Ravenswood)",34.74609375
1973,SON,"Avg Max (Temp, Ravenswood)",29.982443337912088
1973,SON,"Days 37C 3h est (Temp, Ravenswood)",0.0
1973,SON,"Days 40C 3h est (Temp, Ravenswood)",0.0
1973,SON,"5-Day Avg Max (Temp, Ravenswood)",34.151953125
1974,DJF,"Average (Temp, Ravenswood)",26.268538411458334
1974,DJF,"Max Day (Temp, Ravenswood)",34.5419921875
1974,DJF,"Avg Max (Temp, Ravenswood)",30.273068576388887
1974,DJF,"Days 37C 3h est (Temp, Ravenswood)",0.0
1974,DJF,"Days 40C 3h est (Temp, Ravenswood)",0.0
1974,DJF,"5-Day Avg Max (Temp, Ravenswood)",34.0455078125
1974,MAM,"Average (Temp, Ravenswood)",22.967874278192934
1974,MAM,"Max Day (Temp, Ravenswood)",35.9892578125
1974,MAM,"Avg Max (Temp, Ravenswood)",28.076140030570652
1974,MAM,"Days 37C 3h est (Temp, Ravenswood)",0.0
1974,MAM,"Days 40C 3h est (Temp, Ravenswood)",0.0
1974,MAM,"5-Day Avg Max (Temp, Ravenswood)",34.8650390625
1974,JJA,"Average (Temp, Ravenswood)",17.416434909986414
1974,JJA,"Max Day (Temp, Ravenswood)",30.3896484375
1974,JJA,"Avg Max (Temp, Ravenswood)",24.89570949388587
1974,JJA,"Days 37C 3h est (Temp, Ravenswood)",0.0
1974,JJA,"Days 40C 3h est (Temp, Ravenswood)",0.0
1974,JJA,"5-Day Avg Max (Temp, Ravenswood)",27.858203125
1974,SON,"Average (Temp, Ravenswood)",23.605398995535715
1974,SON,"Max Day (Temp, Ravenswood)",35.7587890625
1974,SON,"Avg Max (Temp, Ravenswood)",30.220230940934066
1974,SON,"Days 37C 3h est (Temp, Ravenswood)",0.0
1974,SON,"Days 40C 3h est (Temp, Ravenswood)",0.0
1974,SON,"5-Day Avg Max (Temp, Ravenswood)",34.02890625
1975,DJF,"Average (Temp, Ravenswood)",26.54924045138889
1975,DJF,"Max Day (Temp, Ravenswood)",36.322265625
1975,DJF,"Avg Max (Temp, Ravenswood)",31.76630859375
1975,DJF,"Days 37C 3h est (Temp, Ravenswood)",0.0
1975,DJF,"Days 40C 3h est (Temp, Ravenswood)",0.0
1975,DJF,"5-Day Avg Max (Temp, Ravenswood)",34.7279296875
1975,MAM,"Average (Temp, Ravenswood)",23.42032523777174
1975,MAM,"Max Day (Temp, Ravenswood)",33.4892578125
1975,MAM,"Avg Max (Temp, Ravenswood)",29.16795813519022
1975,MAM,"Days 37C 3h est (Temp, Ravenswood)",0.0
1975,MAM,"Days 40C 3h est (Temp, Ravenswood)",0.0
1975,MAM,"5-Day Avg Max (Temp, Ravenswood)",32.858984375
1975,JJA,"Average (Temp, Ravenswood)",18.85599418308424
1975,JJA,"Max Day (Temp, Ravenswood)",30.6201171875
1975,JJA,"Avg Max (Temp, Ravenswood)",25.414625084918477
1975,JJA,"Days 37C 3h est (Temp, Ravenswood)",0.0
1975,JJA,"Days 40C 3h est (Temp, Ravenswood)",0.0
1975,JJA,"5-Day Avg Max (Temp, Ravenswood)",29.2099609375
1975,SON,"Average (Temp, Ravenswood)",24.15811727335165
1975,SON,"Max Day (Temp, Ravenswood)",34.7587890625
1975,SON,"Avg Max (Temp, Ravenswood)",29.822448059752748
1975,SON,"Days 37C 3h est (Temp, Ravenswood)",0.0
1975,SON,"Days 40C 3h est (Temp, Ravenswood)",0.0
1975,SON,"5-Day Avg Max (Temp, Ravenswood)",33.455078125
1976,DJF,"Average (Temp, Ravenswood)",26.12985061813187
1976,DJF,"Max Day (Temp, Ravenswood)",34.5126953125
1976,DJF,"Avg Max (Temp, Ravenswood)",30.55617917239011
1976,DJF,"Days 37C 3h est (Temp, Ravenswood)",0.0
1976,DJF,"Days 40C 3h est (Temp, Ravenswood)",0.0
1976,DJF,"5-Day Avg Max (Temp, Ravenswood)",33.5369140625
1976,MAM,"Average (Temp, Ravenswood)",23.23576023267663
1976,MAM,"Max Day (Temp, Ravenswood)",34.7685546875
1976,MAM,"Avg Max (Temp, Ravenswood)",28.692319123641305
1976,MAM,"Days 37C 3h est (Temp, Ravenswood)",0.0
1976,MAM,"Days 40C 3h est (Temp, Ravenswood)",0.0
1976,MAM,"5-Day Avg Max (Temp, Ravenswood)",32.36484375
1976,JJA,"Average (Temp, Ravenswood)",17.210661514945652
1976,JJA,"Max Day (Temp, Ravenswood)",28.98828125
1976,JJA,"Avg Max (Temp, Ravenswood)",24.70565132472826
1976,JJA,"Days 37C 3h est (Temp, Ravenswood)",0.0
1976,JJA,"Days 40C 3h est (Temp, Ravenswood)",0.0
1976,JJA,"5-Day Avg Max (Temp, Ravenswood)",27.405859375
1976,SON,"Average (Temp, Ravenswood)",24.09865964114011
1976,SON,"Max Day (Temp, Ravenswood)",35.4892578125
1976,SON,"Avg Max (Temp, Ravenswood)",30.948435353708792
1976,SON,"Days 37C 3h est (Temp, Ravenswood)",0.0
1976,SON,"Days 40C 3h est (Temp, Ravenswood)",0.0
1976,SON,"5-Day Avg Max (Temp, Ravenswood)",34.408984375
1977,DJF,"Average (Temp, Ravenswood)",27.204139539930555
1977,DJF,"Max Day (Temp, Ravenswood)",36.6025390625
1977,DJF,"Avg Max (Temp, Ravenswood)",32.297222222222224
1977,DJF,"Days 37C 3h est (Temp, Ravenswood)",0.0
1977,DJF,"Days 40C 3h est (Temp, Ravenswood)",0.0
1977,DJF,"5-Day Avg Max (Temp, Ravenswood)",35.0701171875
1977,MAM,"Average (Temp, Ravenswood)",23.296089504076086
1977,MAM,"Max Day (Temp, Ravenswood)",33.478515625
1977,MAM,"Avg Max (Temp, Ravenswood)",28.07689368206522
1977,MAM,"Days 37C 3h est (Temp, Ravenswood)",0.0
1977,MAM,"Days 40C 3h est (Temp, Ravenswood)",0.0
1977,MAM,"5-Day Avg Max (Temp, Ravenswood)",33.4150390625
1977,JJA,"Average (Temp, Ravenswood)",16.66942828634511
1977,JJA,"Max Day (Temp, Ravenswood)",27.7001953125
1977,JJA,"Avg Max (Temp, Ravenswood)",23.921163807744566
1977,JJA,"Days 37C 3h est (Temp, Ravenswood)",0.0
1977,JJA,"Days 40C 3h est (Temp, Ravenswood)",0.0
1977,JJA,"5-Day Avg Max (Temp, Ravenswood)",26.3599609375
1977,SON,"Average (Temp, Ravenswood)",22.874742445054945
1977,SON,"Max Day (Temp, Ravenswood)",36.529296875
1977,SON,"Avg Max (Temp, Ravenswood)",29.966775412087912
1977,SON,"Days 37C 3h est (Temp, Ravenswood)",0.0
1977,SON,"Days 40C 3h est (Temp, Ravenswood)",0.0
1977,SON,"5-Day Avg Max (Temp, Ravenswood)",33.88515625
1978,DJF,"Average (Temp, Ravenswood)",26.877137586805556
1978,DJF,"Max Day (Temp, Ravenswood)",37.7421875
1978,DJF,"Avg Max (Temp, Ravenswood)",32.40805121527778
1978,DJF,"Days 37C 3h est (Temp, Ravenswood)",2.0
1978,DJF,"Days 40C 3h est (Temp, Ravenswood)",0.0
1978,DJF,"5-Day Avg Max (Temp, Ravenswood)",35.555859375
1978,MAM,"Average (Temp, Ravenswood)",23.12548828125
1978,MAM,"Max Day (Temp, Ravenswood)",35.109375
1978,MAM,"Avg Max (Temp, Ravenswood)",28.891219429347824
1978,MAM,"Days 37C 3h est (Temp, Ravenswood)",0.0
1978,MAM,"Days 40C 3h est (Temp, Ravenswood)",0.0
1978,MAM,"5-Day Avg Max (Temp, Ravenswood)",34.34296875
1978,JJA,"Average (Temp, Ravenswood)",17.663383152173914
1978,JJA,"Max Day (Temp, Ravenswood)",28.2880859375
1978,JJA,"Avg Max (Temp, Ravenswood)",24.200142238451086
1978,JJA,"Days 37C 3h est (Temp, Ravenswood)",0.0
1978,JJA,"Days 40C 3h est (Temp, Ravenswood)",0.0
1978,JJA,"5-Day Avg Max (Temp, Ravenswood)",26.8560546875
1978,SON,"Average (Temp, Ravenswood)",22.866227034684066
1978,SON,"Max Day (Temp, Ravenswood)",34.8662109375
1978,SON,"Avg Max (Temp, Ravenswood)",29.137630923763737
1978,SON,"Days 37C 3h est (Temp, Ravenswood)",0.0
1978,SON,"Days 40C 3h est (Temp, Ravenswood)",0.0
1978,SON,"5-Day Avg Max (Temp, Ravenswood)",33.0791015625
1979,DJF,"Average (Temp, Ravenswood)",26.930116102430556
1979,DJF,"Max Day (Temp, Ravenswood)",36.443359375
1979,DJF,"Avg Max (Temp, Ravenswood)",31.652495659722224
1979,DJF,"Days 37C 3h est (Temp, Ravenswood)",0.0
1979,DJF,"Days 40C 3h est (Temp, Ravenswood)",0.0
1979,DJF,"5-Day Avg Max (Temp, Ravenswood)",34.823046875
1979,MAM,"Average (Temp, Ravenswood)",22.79529339334239
1979,MAM,"Max Day (Temp, Ravenswood)",33.439453125
1979,MAM,"Avg Max (Temp, Ravenswood)",28.14937160326087
1979,MAM,"Days 37C 3h est (Temp, Ravenswood)",0.0
1979,MAM,"Days 40C 3h est (Temp, Ravenswood)",0.0
1979,MAM,"5-Day Avg Max (Temp, Ravenswood)",31.9970703125
1979,JJA,"Average (Temp, Ravenswood)",17.799417246942934
1979,JJA,"Max Day (Temp, Ravenswood)",30.9404296875
1979,JJA,"Avg Max (Temp, Ravenswood)",24.707381538722824
1979,JJA,"Days 37C 3h est (Temp, Ravenswood)",0.0
1979,JJA,"Days 40C 3h est (Temp, Ravenswood)",0.0
1979,JJA,"5-Day Avg Max (Temp, Ravenswood)",28.3681640625
1979,SON,"Average (Temp, Ravenswood)",23.905198317307693
1979,SON,"Max Day (Temp, Ravenswood)",35.21875
1979,SON,"Avg Max (Temp, Ravenswood)",30.719501201923077
1979,SON,"Days 37C 3h est (Temp, Ravenswood)",0.0
1979,SON,"Days 40C 3h est (Temp, Ravenswood)",0.0
1979,SON,"5-Day Avg Max (Temp, Ravenswood)",34.4009765625
1980,DJF,"Average (Temp, Ravenswood)",27.840342762706044
1980,DJF,"Max Day (Temp, Ravenswood)",37.6318359375
1980,DJF,"Avg Max (Temp, Ravenswood)",33.217129550137365
1980,DJF,"Days 37C 3h est (Temp, Ravenswood)",4.0
1980,DJF,"Days 40C 3h est (Temp, Ravenswood)",0.0
1980,DJF,"5-Day Avg Max (Temp, Ravenswood)",36.84609375
1980,MAM,"Average (Temp, Ravenswood)",23.456192680027176
1980,MAM,"Max Day (Temp, Ravenswood)",32.7060546875
1980,MAM,"Avg Max (Temp, Ravenswood)",28.94970703125
1980,MAM,"Days 37C 3h est (Temp, Ravenswood)",0.0
1980,MAM,"Days 40C 3h est (Temp, Ravenswood)",0.0
1980,MAM,"5-Day Avg Max (Temp, Ravenswood)",33.1111328125
1980,JJA,"Average (Temp, Ravenswood)",18.038834281589676
1980,JJA,"Max Day (Temp, Ravenswood)",28.23046875
1980,JJA,"Avg Max (Temp, Ravenswood)",24.87910793138587
1980,JJA,"Days 37C 3h est (Temp, Ravenswood)",0.0
1980,JJA,"Days 40C 3h est (Temp, Ravenswood)",0.0
1980,JJA,"5-Day Avg Max (Temp, Ravenswood)",26.822265625
1980,SON,"Average (Temp, Ravenswood)",24.04266826923077
1980,SON,"Max Day (Temp, Ravenswood)",35.6962890625
1980,SON,"Avg Max (Temp, Ravenswood)",31.369859632554945
1980,SON,"Days 37C 3h est (Temp, Ravenswood)",0.0
1980,SON,"Days 40C 3h est (Temp, Ravenswood)",0.0
1980,SON,"5-Day Avg Max (Temp, Ravenswood)",34.815234375
1981,DJF,"Average (Temp, Ravenswood)",26.485774739583334
1981,DJF,"Max Day (Temp, Ravenswood)",35.802734375
1981,DJF,"Avg Max (Temp, Ravenswood)",30.971668836805556
1981,DJF,"Days 37C 3h est (Temp, Ravenswood)",0.0
1981,DJF,"Days 40C 3h est (Temp, Ravenswood)",0.0
1981,DJF,"5-Day Avg Max (Temp, Ravenswood)",33.8146484375
1981,MAM,"Average (Temp, Ravenswood)",23.383152173913043
1981,MAM,"Max Day (Temp, Ravenswood)",35.7392578125
1981,MAM,"Avg Max (Temp, Ravenswood)",29.06360394021739
1981,MAM,"Days 37C 3h est (Temp, Ravenswood)",0.0
1981,MAM,"Days 40C 3h est (Temp, Ravenswood)",0.0
1981,MAM,"5-Day Avg Max (Temp, Ravenswood)",34.35703125
1981,JJA,"Average (Temp, Ravenswood)",18.17037300441576
1981,JJA,"Max Day (Temp, Ravenswood)",31.0
1981,JJA,"Avg Max (Temp, Ravenswood)",24.789688773777176
1981,JJA,"Days 37C 3h est (Temp, Ravenswood)",0.0
1981,JJA,"Days 40C 3h est (Temp, Ravenswood)",0.0
1981,JJA,"5-Day Avg Max (Temp, Ravenswood)",28.519921875
1981,SON,"Average (Temp, Ravenswood)",23.460068252060438
1981,SON,"Max Day (Temp, Ravenswood)",37.369140625
1981,SON,"Avg Max (Temp, Ravenswood)",29.998519059065934
1981,SON,"Days 37C 3h est (Temp, Ravenswood)",1.0
1981,SON,"Days 40C 3h est (Temp, Ravenswood)",0.0
1981,SON,"5-Day Avg Max (Temp, Ravenswood)",34.1888671875
1982,DJF,"Average (Temp, Ravenswood)",28.290397135416665
1982,DJF,"Max Day (Temp, Ravenswood)",37.2529296875
1982,DJF,"Avg Max (Temp, Ravenswood)",33.85249565972222
1982,DJF,"Days 37C 3h est (Temp, Ravenswood)",2.0
1982,DJF,"Days 40C 3h est (Temp, Ravenswood)",0.0
1982,DJF,"5-Day Avg Max (Temp, Ravenswood)",36.1359375
1982,MAM,"Average (Temp, Ravenswood)",23.48058551290761
1982,MAM,"Max Day (Temp, Ravenswood)",34.37890625
1982,MAM,"Avg Max (Temp, Ravenswood)",29.29239555027174
1982,MAM,"Days 37C 3h est (Temp, Ravenswood)",0.0
1982,MAM,"Days 40C 3h est (Temp, Ravenswood)",0.0
1982,MAM,"5-Day Avg Max (Temp, Ravenswood)",33.5869140625
1982,JJA,"Average (Temp, Ravenswood)",16.48279339334239
1982,JJA,"Max Day (Temp, Ravenswood)",27.6396484375
1982,JJA,"Avg Max (Temp, Ravenswood)",24.10217815896739
1982,JJA,"Days 37C 3h est (Temp, Ravenswood)",0.0
1982,JJA,"Days 40C 3h est (Temp, Ravenswood)",0.0
1982,JJA,"5-Day Avg Max (Temp, Ravenswood)",26.2099609375
1982,SON,"Average (Temp, Ravenswood)",22.995728880494507
1982,SON,"Max Day (Temp, Ravenswood)",35.9208984375
1982,SON,"Avg Max (Temp, Ravenswood)",30.502908224587912
1982,SON,"Days 37C 3h est (Temp, Ravenswood)",0.0
1982,SON,"Days 40C 3h est (Temp, Ravenswood)",0.0
1982,SON,"5-Day Avg Max (Temp, Ravenswood)",33.95
1983,DJF,"Average (Temp, Ravenswood)",27.983685980902777
1983,DJF,"Max Day (Temp, Ravenswood)",40.962890625
1983,DJF,"Avg Max (Temp, Ravenswood)",34.08485243055556
1983,DJF,"Days 37C 3h est (Temp, Ravenswood)",5.0
1983,DJF,"Days 40C 3h est (Temp, Ravenswood)",1.0
1983,DJF,"5-Day Avg Max (Temp, Ravenswood)",38.2830078125
1983,MAM,"Average (Temp, Ravenswood)",24.304475203804348
1983,MAM,"Max Day (Temp, Ravenswood)",35.7490234375
1983,MAM,"Avg Max (Temp, Ravenswood)",28.846785835597824
1983,MAM,"Days 37C 3h est (Temp, Ravenswood)",0.0
1983,MAM,"Days 40C 3h est (Temp, Ravenswood)",0.0
1983,MAM,"5-Day Avg Max (Temp, Ravenswood)",35.2849609375
1983,JJA,"Average (Temp, Ravenswood)",17.656674592391305
1983,JJA,"Max Day (Temp, Ravenswood)",28.8701171875
1983,JJA,"Avg Max (Temp, Ravenswood)",23.691958220108695
1983,JJA,"Days 37C 3h est (Temp, Ravenswood)",0.0
1983,JJA,"Days 40C 3h est (Temp, Ravenswood)",0.0
1983,JJA,"5-Day Avg Max (Temp, Ravenswood)",27.591796875
1983,SON,"Average (Temp, Ravenswood)",24.88902601304945
1983,SON,"Max Day (Temp, Ravenswood)",36.369140625
1983,SON,"Avg Max (Temp, Ravenswood)",31.151045243818682
1983,SON,"Days 37C 3h est (Temp, Ravenswood)",0.0
1983,SON,"Days 40C 3h est (Temp, Ravenswood)",0.0
1983,SON,"5-Day Avg Max (Temp, Ravenswood)",34.8310546875
1984,DJF,"Average (Temp, Ravenswood)",26.54622574690934
1984,DJF,"Max Day (Temp, Ravenswood)",35.5322265625
1984,DJF,"Avg Max (Temp, Ravenswood)",31.48581301510989
1984,DJF,"Days 37C 3h est (Temp, Ravenswood)",0.0
1984,DJF,"Days 40C 3h est (Temp, Ravenswood)",0.0
1984,DJF,"5-Day Avg Max (Temp, Ravenswood)",33.8853515625
1984,MAM,"Average (Temp, Ravenswood)",23.516187584918477
1984,MAM,"Max Day (Temp, Ravenswood)",33.7490234375
1984,MAM,"Avg Max (Temp, Ravenswood)",29.511686905570652
1984,MAM,"Days 37C 3h est (Temp, Ravenswood)",0.0
1984,MAM,"Days 40C 3h est (Temp, Ravenswood)",0.0
1984,MAM,"5-Day Avg Max (Temp, Ravenswood)",32.730859375
1984,JJA,"Average (Temp, Ravenswood)",18.24873683763587
1984,JJA,"Max Day (Temp, Ravenswood)",29.0
1984,JJA,"Avg Max (Temp, Ravenswood)",24.71507727581522
1984,JJA,"Days 37C 3h est (Temp, Ravenswood)",0.0
1984,JJA,"Days 40C 3h est (Temp, Ravenswood)",0.0
1984,JJA,"5-Day Avg Max (Temp, Ravenswood)",28.201953125
1984,SON,"Average (Temp, Ravenswood)",23.998819539835164
1984,SON,"Max Day (Temp, Ravenswood)",34.619140625
1984,SON,"Avg Max (Temp, Ravenswood)",30.52837396978022
1984,SON,"Days 37C 3h est (Temp, Ravenswood)",0.0
1984,SON,"Days 40C 3h est (Temp, Ravenswood)",0.0
1984,SON,"5-Day Avg Max (Temp, Ravenswood)",33.88515625
1985,DJF,"Average (Temp, Ravenswood)",28.437103949652776
1985,DJF,"Max Day (Temp, Ravenswood)",41.1416015625
1985,DJF,"Avg Max (Temp, Ravenswood)",34.152821180555556
1985,DJF,"Days 37C 3h est (Temp, Ravenswood)",8.0
1985,DJF,"Days 40C 3h est (Temp, Ravenswood)",2.0
1985,DJF,"5-Day Avg Max (Temp, Ravenswood)",39.3525390625
1985,MAM,"Average (Temp, Ravenswood)",23.46996008831522
1985,MAM,"Max Day (Temp, Ravenswood)",34.5390625
1985,MAM,"Avg Max (Temp, Ravenswood)",28.318624745244566
1985,MAM,"Days 37C 3h est (Temp, Ravenswood)",0.0
1985,MAM,"Days 40C 3h est (Temp, Ravenswood)",0.0
1985,MAM,"5-Day Avg Max (Temp, Ravenswood)",33.8330078125
1985,JJA,"Average (Temp, Ravenswood)",17.10221531080163
1985,JJA,"Max Day (Temp, Ravenswood)",29.0302734375
1985,JJA,"Avg Max (Temp, Ravenswood)",23.8916015625
1985,JJA,"Days 37C 3h est (Temp, Ravenswood)",0.0
1985,JJA,"Days 40C 3h est (Temp, Ravenswood)",0.0
1985,JJA,"5-Day Avg Max (Temp, Ravenswood)",28.5859375
1985,SON,"Average (Temp, Ravenswood)",23.66056404532967
1985,SON,"Max Day (Temp, Ravenswood)",38.2890625
1985,SON,"Avg Max (Temp, Ravenswood)",30.138521634615383
1985,SON,"Days 37C 3h est (Temp, Ravenswood)",2.0
1985,SON,"Days 40C 3h est (Temp, Ravenswood)",0.0
1985,SON,"5-Day Avg Max (Temp, Ravenswood)",35.4390625
1986,DJF,"Average (Temp, Ravenswood)",28.186897786458335
1986,DJF,"Max Day (Temp, Ravenswood)",37.783203125
1986,DJF,"Avg Max (Temp, Ravenswood)",33.67416449652778
1986,DJF,"Days 37C 3h est (Temp, Ravenswood)",1.0
1986,DJF,"Days 40C 3h est (Temp, Ravenswood)",0.0
1986,DJF,"5-Day Avg Max (Temp, Ravenswood)",35.90390625
1986,MAM,"Average (Temp, Ravenswood)",23.73917820142663
1986,MAM,"Max Day (Temp, Ravenswood)",33.6787109375
1986,MAM,"Avg Max (Temp, Ravenswood)",29.86392875339674
1986,MAM,"Days 37C 3h est (Temp, Ravenswood)",0.0
1986,MAM,"Days 40C 3h est (Temp, Ravenswood)",0.0
1986,MAM,"5-Day Avg Max (Temp, Ravenswood)",33.3150390625
1986,JJA,"Average (Temp, Ravenswood)",18.960189155910324
1986,JJA,"Max Day (Temp, Ravenswood)",29.26171875
1986,JJA,"Avg Max (Temp, Ravenswood)",24.91719386888587
1986,JJA,"Days 37C 3h est (Temp, Ravenswood)",0.0
1986,JJA,"Days 40C 3h est (Temp, Ravenswood)",0.0
1986,JJA,"5-Day Avg Max (Temp, Ravenswood)",27.391796875
1986,SON,"Average (Temp, Ravenswood)",24.62244591346154
1986,SON,"Max Day (Temp, Ravenswood)",37.4892578125
1986,SON,"Avg Max (Temp, Ravenswood)",31.19612809065934
1986,SON,"Days 37C 3h est (Temp, Ravenswood)",1.0
1986,SON,"Days 40C 3h est (Temp, Ravenswood)",0.0
1986,SON,"5-Day Avg Max (Temp, Ravenswood)",35.305078125
1987,DJF,"Average (Temp, Ravenswood)",28.380631510416666
1987,DJF,"Max Day (Temp, Ravenswood)",40.0634765625
1987,DJF,"Avg Max (Temp, Ravenswood)",33.96285807291667
1987,DJF,"Days 37C 3h est (Temp, Ravenswood)",3.0
1987,DJF,"Days 40C 3h est (Temp, Ravenswood)",1.0
1987,DJF,"5-Day Avg Max (Temp, Ravenswood)",36.525
1987,MAM,"Average (Temp, Ravenswood)",24.343091881793477
1987,MAM,"Max Day (Temp, Ravenswood)",35.0791015625
1987,MAM,"Avg Max (Temp, Ravenswood)",30.139722741168477
1987,MAM,"Days 37C 3h est (Temp, Ravenswood)",0.0
1987,MAM,"Days 40C 3h est (Temp, Ravenswood)",0.0
1987,MAM,"5-Day Avg Max (Temp, Ravenswood)",33.658984375
1987,JJA,"Average (Temp, Ravenswood)",18.893464461616848
1987,JJA,"Max Day (Temp, Ravenswood)",30.26953125
1987,JJA,"Avg Max (Temp, Ravenswood)",25.466871178668477
1987,JJA,"Days 37C 3h est (Temp, Ravenswood)",0.0
1987,JJA,"Days 40C 3h est (Temp, Ravenswood)",0.0
1987,JJA,"5-Day Avg Max (Temp, Ravenswood)",29.1919921875
1987,SON,"Average (Temp, Ravenswood)",25.12760237809066
1987,SON,"Max Day (Temp, Ravenswood)",38.119140625
1987,SON,"Avg Max (Temp, Ravenswood)",31.531056833791208
1987,SON,"Days 37C 3h est (Temp, Ravenswood)",3.0
1987,SON,"Days 40C 3h est (Temp, Ravenswood)",0.0
1987,SON,"5-Day Avg Max (Temp, Ravenswood)",36.6490234375
1988,DJF,"Average (Temp, Ravenswood)",27.735147664835164
1988,DJF,"Max Day (Temp, Ravenswood)",37.0830078125
1988,DJF,"Avg Max (Temp, Ravenswood)",33.28531722184066
1988,DJF,"Days 37C 3h est (Temp, Ravenswood)",1.0
1988,DJF,"Days 40C 3h est (Temp, Ravenswood)",0.0
1988,DJF,"5-Day Avg Max (Temp, Ravenswood)",35.5380859375
1988,MAM,"Average (Temp, Ravenswood)",23.573385487432066
1988,MAM,"Max Day (Temp, Ravenswood)",35.92578125
1988,MAM,"Avg Max (Temp, Ravenswood)",28.61438519021739
1988,MAM,"Days 37C 3h est (Temp, Ravenswood)",0.0
1988,MAM,"Days 40C 3h est (Temp, Ravenswood)",0.0
1988,MAM,"5-Day Avg Max (Temp, Ravenswood)",31.928125
1988,JJA,"Average (Temp, Ravenswood)",18.593612007472824
1988,JJA,"Max Day (Temp, Ravenswood)",29.25
1988,JJA,"Avg Max (Temp, Ravenswood)",24.832689368206523
1988,JJA,"Days 37C 3h est (Temp, Ravenswood)",0.0
1988,JJA,"Days 40C 3h est (Temp, Ravenswood)",0.0
1988,JJA,"5-Day Avg Max (Temp, Ravenswood)",27.1501953125
1988,SON,"Average (Temp, Ravenswood)",25.059146419986263
1988,SON,"Max Day (Temp, Ravenswood)",36.685546875
1988,SON,"Avg Max (Temp, Ravenswood)",32.001191191620876
1988,SON,"Days 37C 3h est (Temp, Ravenswood)",0.0
1988,SON,"Days 40C 3h est (Temp, Ravenswood)",0.0
1988,SON,"5-Day Avg Max (Temp, Ravenswood)",35.3732421875
1989,DJF,"Average (Temp, Ravenswood)",26.895203993055556
1989,DJF,"Max Day (Temp, Ravenswood)",35.5888671875
1989,DJF,"Avg Max (Temp, Ravenswood)",32.019444444444446
1989,DJF,"Days 37C 3h est (Temp, Ravenswood)",0.0
1989,DJF,"Days 40C 3h est (Temp, Ravenswood)",0.0
1989,DJF,"5-Day Avg Max (Temp, Ravenswood)",35.3318359375
1989,MAM,"Average (Temp, Ravenswood)",23.73670495074728
1989,MAM,"Max Day (Temp, Ravenswood)",32.71875
1989,MAM,"Avg Max (Temp, Ravenswood)",28.17777683423913
1989,MAM,"Days 37C 3h est (Temp, Ravenswood)",0.0
1989,MAM,"Days 40C 3h est (Temp, Ravenswood)",0.0
1989,MAM,"5-Day Avg Max (Temp, Ravenswood)",31.9109375
1989,JJA,"Average (Temp, Ravenswood)",17.063184655230977
1989,JJA,"Max Day (Temp, Ravenswood)",29.51953125
1989,JJA,"Avg Max (Temp, Ravenswood)",22.80323327105978
1989,JJA,"Days 37C 3h est (Temp, Ravenswood)",0.0
1989,JJA,"Days 40C 3h est (Temp, Ravenswood)",0.0
1989,JJA,"5-Day Avg Max (Temp, Ravenswood)",26.9798828125
1989,SON,"Average (Temp, Ravenswood)",23.985941792582416
1989,SON,"Max Day (Temp, Ravenswood)",34.6962890625
1989,SON,"Avg Max (Temp, Ravenswood)",30.571600274725274
1989,SON,"Days 37C 3h est (Temp, Ravenswood)",0.0
1989,SON,"Days 40C 3h est (Temp, Ravenswood)",0.0
1989,SON,"5-Day Avg Max (Temp, Ravenswood)",33.6119140625
1990,DJF,"Average (Temp, Ravenswood)",27.45986328125
1990,DJF,"Max Day (Temp, Ravenswood)",40.4130859375
1990,DJF,"Avg Max (Temp, Ravenswood)",33.94253472222222
1990,DJF,"Days 37C 3h est (Temp, Ravenswood)",10.0
1990,DJF,"Days 40C 3h est (Temp, Ravenswood)",1.0
1990,DJF,"5-Day Avg Max (Temp, Ravenswood)",37.130859375
1990,MAM,"Average (Temp, Ravenswood)",23.01441491168478
1990,MAM,"Max Day (Temp, Ravenswood)",35.0791015625
1990,MAM,"Avg Max (Temp, Ravenswood)",28.066459324048914
1990,MAM,"Days 37C 3h est (Temp, Ravenswood)",0.0
1990,MAM,"Days 40C 3h est (Temp, Ravenswood)",0.0
1990,MAM,"5-Day Avg Max (Temp, Ravenswood)",33.9466796875
1990,JJA,"Average (Temp, Ravenswood)",17.273055366847824
1990,JJA,"Max Day (Temp, Ravenswood)",30.08984375
1990,JJA,"Avg Max (Temp, Ravenswood)",23.824537194293477
1990,JJA,"Days 37C 3h est (Temp, Ravenswood)",0.0
1990,JJA,"Days 40C 3h est (Temp, Ravenswood)",0.0
1990,JJA,"5-Day Avg Max (Temp, Ravenswood)",28.1279296875
1990,SON,"Average (Temp, Ravenswood)",23.121345939217033
1990,SON,"Max Day (Temp, Ravenswood)",42.119140625
1990,SON,"Avg Max (Temp, Ravenswood)",30.431844522664836
1990,SON,"Days 37C 3h est (Temp, Ravenswood)",3.0
1990,SON,"Days 40C 3h est (Temp, Ravenswood)",1.0
1990,SON,"5-Day Avg Max (Temp, Ravenswood)",36.4048828125
1991,DJF,"Average (Temp, Ravenswood)",26.603087022569444
1991,DJF,"Max Day (Temp, Ravenswood)",36.3623046875
1991,DJF,"Avg Max (Temp, Ravenswood)",30.825998263888888
1991,DJF,"Days 37C 3h est (Temp, Ravenswood)",0.0
1991,DJF,"Days 40C 3h est (Temp, Ravenswood)",0.0
1991,DJF,"5-Day Avg Max (Temp, Ravenswood)",34.80390625
1991,MAM,"Average (Temp, Ravenswood)",22.90477454144022
1991,MAM,"Max Day (Temp, Ravenswood)",33.279296875
1991,MAM,"Avg Max (Temp, Ravenswood)",28.90738578464674
1991,MAM,"Days 37C 3h est (Temp, Ravenswood)",0.0
1991,MAM,"Days 40C 3h est (Temp, Ravenswood)",0.0
1991,MAM,"5-Day Avg Max (Temp, Ravenswood)",31.573046875
1991,JJA,"Average (Temp, Ravenswood)",18.16284710427989
1991,JJA,"Max Day (Temp, Ravenswood)",31.25
1991,JJA,"Avg Max (Temp, Ravenswood)",25.72867484714674
1991,JJA,"Days 37C 3h est (Temp, Ravenswood)",0.0
1991,JJA,"Days 40C 3h est (Temp, Ravenswood)",0.0
1991,JJA,"5-Day Avg Max (Temp, Ravenswood)",29.4021484375
1991,SON,"Average (Temp, Ravenswood)",24.009352463942307
1991,SON,"Max Day (Temp, Ravenswood)",39.728515625
1991,SON,"Avg Max (Temp, Ravenswood)",31.521505837912088
1991,SON,"Days 37C 3h est (Temp, Ravenswood)",2.0
1991,SON,"Days 40C 3h est (Temp, Ravenswood)",0.0
1991,SON,"5-Day Avg Max (Temp, Ravenswood)",35.802734375
1992,DJF,"Average (Temp, Ravenswood)",28.389353322458792
1992,DJF,"Max Day (Temp, Ravenswood)",39.2421875
1992,DJF,"Avg Max (Temp, Ravenswood)",34.48407451923077
1992,DJF,"Days 37C 3h est (Temp, Ravenswood)",14.0
1992,DJF,"Days 40C 3h est (Temp, Ravenswood)",0.0
1992,DJF,"5-Day Avg Max (Temp, Ravenswood)",37.9828125
1992,MAM,"Average (Temp, Ravenswood)",24.155326511548914
1992,MAM,"Max Day (Temp, Ravenswood)",38.138671875
1992,MAM,"Avg Max (Temp, Ravenswood)",30.304146144701086
1992,MAM,"Days 37C 3h est (Temp, Ravenswood)",2.0
1992,MAM,"Days 40C 3h est (Temp, Ravenswood)",0.0
1992,MAM,"5-Day Avg Max (Temp, Ravenswood)",36.1169921875
1992,JJA,"Average (Temp, Ravenswood)",18.292252250339676
1992,JJA,"Max Day (Temp, Ravenswood)",31.509765625
1992,JJA,"Avg Max (Temp, Ravenswood)",25.58812415081522
1992,JJA,"Days 37C 3h est (Temp, Ravenswood)",0.0
1992,JJA,"Days 40C 3h est (Temp, Ravenswood)",0.0
1992,JJA,"5-Day Avg Max (Temp, Ravenswood)",30.2259765625
1992,SON,"Average (Temp, Ravenswood)",24.548076923076923
1992,SON,"Max Day (Temp, Ravenswood)",40.2490234375
1992,SON,"Avg Max (Temp, Ravenswood)",31.494580614697803
1992,SON,"Days 37C 3h est (Temp, Ravenswood)",5.0
1992,SON,"Days 40C 3h est (Temp, Ravenswood)",1.0
1992,SON,"5-Day Avg Max (Temp, Ravenswood)",37.7490234375
1993,DJF,"Average (Temp, Ravenswood)",26.577381727430556
1993,DJF,"Max Day (Temp, Ravenswood)",36.8818359375
1993,DJF,"Avg Max (Temp, Ravenswood)",32.22995876736111
1993,DJF,"Days 37C 3h est (Temp, Ravenswood)",0.0
1993,DJF,"Days 40C 3h est (Temp, Ravenswood)",0.0
1993,DJF,"5-Day Avg Max (Temp, Ravenswood)",37.64375
1993,MAM,"Average (Temp, Ravenswood)",23.50294030230978
1993,MAM,"Max Day (Temp, Ravenswood)",36.958984375
1993,MAM,"Avg Max (Temp, Ravenswood)",30.28381878396739
1993,MAM,"Days 37C 3h est (Temp, Ravenswood)",0.0
1993,MAM,"Days 40C 3h est (Temp, Ravenswood)",0.0
1993,MAM,"5-Day Avg Max (Temp, Ravenswood)",35.6228515625
1993,JJA,"Average (Temp, Ravenswood)",19.181216032608695
1993,JJA,"Max Day (Temp, Ravenswood)",29.2919921875
1993,JJA,"Avg Max (Temp, Ravenswood)",25.781844429347824
1993,JJA,"Days 37C 3h est (Temp, Ravenswood)",0.0
1993,JJA,"Days 40C 3h est (Temp, Ravenswood)",0.0
1993,JJA,"5-Day Avg Max (Temp, Ravenswood)",27.9779296875
1993,SON,"Average (Temp, Ravenswood)",24.469908997252748
1993,SON,"Max Day (Temp, Ravenswood)",36.2490234375
1993,SON,"Avg Max (Temp, Ravenswood)",30.756417410714285
1993,SON,"Days 37C 3h est (Temp, Ravenswood)",0.0
1993,SON,"Days 40C 3h est (Temp, Ravenswood)",0.0
1993,SON,"5-Day Avg Max (Temp, Ravenswood)",35.37890625
1994,DJF,"Average (Temp, Ravenswood)",28.009884982638887
1994,DJF,"Max Day (Temp, Ravenswood)",43.29296875
1994,DJF,"Avg Max (Temp, Ravenswood)",33.72185329861111
1994,DJF,"Days 37C 3h est (Temp, Ravenswood)",11.0
1994,DJF,"Days 40C 3h est (Temp, Ravenswood)",4.0
1994,DJF,"5-Day Avg Max (Temp, Ravenswood)",41.34296875
1994,MAM,"Average (Temp, Ravenswood)",22.82188879925272
1994,MAM,"Max Day (Temp, Ravenswood)",32.359375
1994,MAM,"Avg Max (Temp, Ravenswood)",28.761326002038043
1994,MAM,"Days 37C 3h est (Temp, Ravenswood)",0.0
1994,MAM,"Days 40C 3h est (Temp, Ravenswood)",0.0
1994,MAM,"5-Day Avg Max (Temp, Ravenswood)",32.0509765625
1994,JJA,"Average (Temp, Ravenswood)",17.80289359714674
1994,JJA,"Max Day (Temp, Ravenswood)",28.0498046875
1994,JJA,"Avg Max (Temp, Ravenswood)",25.11397121263587
1994,JJA,"Days 37C 3h est (Temp, Ravenswood)",0.0
1994,JJA,"Days 40C 3h est (Temp, Ravenswood)",0.0
1994,JJA,"5-Day Avg Max (Temp, Ravenswood)",27.3919921875
1994,SON,"Average (Temp, Ravenswood)",24.186314174107142
1994,SON,"Max Day (Temp, Ravenswood)",36.5087890625
1994,SON,"Avg Max (Temp, Ravenswood)",31.2854245364011
1994,SON,"Days 37C 3h est (Temp, Ravenswood)",0.0
1994,SON,"Days 40C 3h est (Temp, Ravenswood)",0.0
1994,SON,"5-Day Avg Max (Temp, Ravenswood)",35.69296875
1995,DJF,"Average (Temp, Ravenswood)",27.431190321180555
1995,DJF,"Max Day (Temp, Ravenswood)",39.693359375
1995,DJF,"Avg Max (Temp, Ravenswood)",32.83563368055555
1995,DJF,"Days 37C 3h est (Temp, Ravenswood)",1.0
1995,DJF,"Days 40C 3h est (Temp, Ravenswood)",0.0
1995,DJF,"5-Day Avg Max (Temp, Ravenswood)",36.564453125
1995,MAM,"Average (Temp, Ravenswood)",24.393660835597824
1995,MAM,"Max Day (Temp, Ravenswood)",37.4892578125
1995,MAM,"Avg Max (Temp, Ravenswood)",30.285697605298914
1995,MAM,"Days 37C 3h est (Temp, Ravenswood)",1.0
1995,MAM,"Days 40C 3h est (Temp, Ravenswood)",0.0
1995,MAM,"5-Day Avg Max (Temp, Ravenswood)",35.501171875
1995,JJA,"Average (Temp, Ravenswood)",18.26966393512228
1995,JJA,"Max Day (Temp, Ravenswood)",30.4384765625
1995,JJA,"Avg Max (Temp, Ravenswood)",24.81359332540761
1995,JJA,"Days 37C 3h est (Temp, Ravenswood)",0.0
1995,JJA,"Days 40C 3h est (Temp, Ravenswood)",0.0
1995,JJA,"5-Day Avg Max (Temp, Ravenswood)",28.748046875
1995,SON,"Average (Temp, Ravenswood)",24.169412130837912
1995,SON,"Max Day (Temp, Ravenswood)",35.5185546875
1995,SON,"Avg Max (Temp, Ravenswood)",30.62144788804945
1995,SON,"Days 37C 3h est (Temp, Ravenswood)",0.0
1995,SON,"Days 40C 3h est (Temp, Ravenswood)",0.0
1995,SON,"5-Day Avg Max (Temp, Ravenswood)",34.10078125
1996,DJF,"Average (Temp, Ravenswood)",27.67987530048077
1996,DJF,"Max Day (Temp, Ravenswood)",42.76171875
1996,DJF,"Avg Max (Temp, Ravenswood)",33.347409426510985
1996,DJF,"Days 37C 3h est (Temp, Ravenswood)",5.0
1996,DJF,"Days 40C 3h est (Temp, Ravenswood)",2.0
1996,DJF,"5-Day Avg Max (Temp, Ravenswood)",39.7859375
1996,MAM,"Average (Temp, Ravenswood)",24.422909943953805
1996,MAM,"Max Day (Temp, Ravenswood)",34.369140625
1996,MAM,"Avg Max (Temp, Ravenswood)",30.48189113451087
1996,MAM,"Days 37C 3h est (Temp, Ravenswood)",0.0
1996,MAM,"Days 40C 3h est (Temp, Ravenswood)",0.0
1996,MAM,"5-Day Avg Max (Temp, Ravenswood)",33.75703125
1996,JJA,"Average (Temp, Ravenswood)",18.663632600203805
1996,JJA,"Max Day (Temp, Ravenswood)",30.76953125
1996,JJA,"Avg Max (Temp, Ravenswood)",25.926460597826086
1996,JJA,"Days 37C 3h est (Temp, Ravenswood)",0.0
1996,JJA,"Days 40C 3h est (Temp, Ravenswood)",0.0
1996,JJA,"5-Day Avg Max (Temp, Ravenswood)",29.3380859375
1996,SON,"Average (Temp, Ravenswood)",24.174547132554945
1996,SON,"Max Day (Temp, Ravenswood)",37.888671875
1996,SON,"Avg Max (Temp, Ravenswood)",31.177509014423077
1996,SON,"Days 37C 3h est (Temp, Ravenswood)",3.0
1996,SON,"Days 40C 3h est (Temp, Ravenswood)",0.0
1996,SON,"5-Day Avg Max (Temp, Ravenswood)",36.844921875
1997,DJF,"Average (Temp, Ravenswood)",27.51874457465278
1997,DJF,"Max Day (Temp, Ravenswood)",38.4716796875
1997,DJF,"Avg Max (Temp, Ravenswood)",32.82293836805555
1997,DJF,"Days 37C 3h est (Temp, Ravenswood)",3.0
1997,DJF,"Days 40C 3h est (Temp, Ravenswood)",0.0
1997,DJF,"5-Day Avg Max (Temp, Ravenswood)",36.983203125
1997,MAM,"Average (Temp, Ravenswood)",22.279891304347824
1997,MAM,"Max Day (Temp, Ravenswood)",32.458984375
1997,MAM,"Avg Max (Temp, Ravenswood)",27.933179772418477
1997,MAM,"Days 37C 3h est (Temp, Ravenswood)",0.0
1997,MAM,"Days 40C 3h est (Temp, Ravenswood)",0.0
1997,MAM,"5-Day Avg Max (Temp, Ravenswood)",31.4349609375
1997,JJA,"Average (Temp, Ravenswood)",17.792793605638586
1997,JJA,"Max Day (Temp, Ravenswood)",28.0498046875
1997,JJA,"Avg Max (Temp, Ravenswood)",24.56998344089674
1997,JJA,"Days 37C 3h est (Temp, Ravenswood)",0.0
1997,JJA,"Days 40C 3h est (Temp, Ravenswood)",0.0
1997,JJA,"5-Day Avg Max (Temp, Ravenswood)",27.1359375
1997,SON,"Average (Temp, Ravenswood)",24.29235169127747
1997,SON,"Max Day (Temp, Ravenswood)",36.62890625
1997,SON,"Avg Max (Temp, Ravenswood)",31.288965916895606
1997,SON,"Days 37C 3h est (Temp, Ravenswood)",0.0
1997,SON,"Days 40C 3h est (Temp, Ravenswood)",0.0
1997,SON,"5-Day Avg Max (Temp, Ravenswood)",35.4529296875
1998,DJF,"Average (Temp, Ravenswood)",27.51665581597222
1998,DJF,"Max Day (Temp, Ravenswood)",36.572265625
1998,DJF,"Avg Max (Temp, Ravenswood)",32.420399305555556
1998,DJF,"Days 37C 3h est (Temp, Ravenswood)",0.0
1998,DJF,"Days 40C 3h est (Temp, Ravenswood)",0.0
1998,DJF,"5-Day Avg Max (Temp, Ravenswood)",36.1162109375
1998,MAM,"Average (Temp, Ravenswood)",24.095076851222824
1998,MAM,"Max Day (Temp, Ravenswood)",35.109375
1998,MAM,"Avg Max (Temp, Ravenswood)",29.871072520380434
1998,MAM,"Days 37C 3h est (Temp, Ravenswood)",0.0
1998,MAM,"Days 40C 3h est (Temp, Ravenswood)",0.0
1998,MAM,"5-Day Avg Max (Temp, Ravenswood)",33.8412109375
1998,JJA,"Average (Temp, Ravenswood)",19.14273734714674
1998,JJA,"Max Day (Temp, Ravenswood)",30.08984375
1998,JJA,"Avg Max (Temp, Ravenswood)",25.553562330163043
1998,JJA,"Days 37C 3h est (Temp, Ravenswood)",0.0
1998,JJA,"Days 40C 3h est (Temp, Ravenswood)",0.0
1998,JJA,"5-Day Avg Max (Temp, Ravenswood)",28.9400390625
1998,SON,"Average (Temp, Ravenswood)",24.474990341689562
1998,SON,"Max Day (Temp, Ravenswood)",34.765625
1998,SON,"Avg Max (Temp, Ravenswood)",30.121512276785715
1998,SON,"Days 37C 3h est (Temp, Ravenswood)",0.0
1998,SON,"Days 40C 3h est (Temp, Ravenswood)",0.0
1998,SON,"5-Day Avg Max (Temp, Ravenswood)",33.1611328125
1999,DJF,"Average (Temp, Ravenswood)",27.095062934027776
1999,DJF,"Max Day (Temp, Ravenswood)",36.0234375
1999,DJF,"Avg Max (Temp, Ravenswood)",32.29193793402778
1999,DJF,"Days 37C 3h est (Temp, Ravenswood)",0.0
1999,DJF,"Days 40C 3h est (Temp, Ravenswood)",0.0
1999,DJF,"5-Day Avg Max (Temp, Ravenswood)",34.49609375
1999,MAM,"Average (Temp, Ravenswood)",23.162979789402176
1999,MAM,"Max Day (Temp, Ravenswood)",33.1494140625
1999,MAM,"Avg Max (Temp, Ravenswood)",28.712550951086957
1999,MAM,"Days 37C 3h est (Temp, Ravenswood)",0.0
1999,MAM,"Days 40C 3h est (Temp, Ravenswood)",0.0
1999,MAM,"5-Day Avg Max (Temp, Ravenswood)",32.3470703125
1999,JJA,"Average (Temp, Ravenswood)",17.859958814538043
1999,JJA,"Max Day (Temp, Ravenswood)",29.2021484375
1999,JJA,"Avg Max (Temp, Ravenswood)",25.20960003396739
1999,JJA,"Days 37C 3h est (Temp, Ravenswood)",0.0
1999,JJA,"Days 40C 3h est (Temp, Ravenswood)",0.0
1999,JJA,"5-Day Avg Max (Temp, Ravenswood)",28.8845703125
1999,SON,"Average (Temp, Ravenswood)",23.722173334478022
1999,SON,"Max Day (Temp, Ravenswood)",34.9462890625
1999,SON,"Avg Max (Temp, Ravenswood)",30.337869162087912
1999,SON,"Days 37C 3h est (Temp, Ravenswood)",0.0
1999,SON,"Days 40C 3h est (Temp, Ravenswood)",0.0
1999,SON,"5-Day Avg Max (Temp, Ravenswood)",34.3240234375
2000,DJF,"Average (Temp, Ravenswood)",26.046531593406595
2000,DJF,"Max Day (Temp, Ravenswood)",36.943359375
2000,DJF,"Avg Max (Temp, Ravenswood)",31.161572802197803
2000,DJF,"Days 37C 3h est (Temp, Ravenswood)",0.0
2000,DJF,"Days 40C 3h est (Temp, Ravenswood)",0.0
2000,DJF,"5-Day Avg Max (Temp, Ravenswood)",35.4529296875
2000,MAM,"Average (Temp, Ravenswood)",22.868954865828805
2000,MAM,"Max Day (Temp, Ravenswood)",32.46875
2000,MAM,"Avg Max (Temp, Ravenswood)",27.886453379755434
2000,MAM,"Days 37C 3h est (Temp, Ravenswood)",0.0
2000,MAM,"Days 40C 3h est (Temp, Ravenswood)",0.0
2000,MAM,"5-Day Avg Max (Temp, Ravenswood)",31.4388671875
2000,JJA,"Average (Temp, Ravenswood)",16.95601753566576
2000,JJA,"Max Day (Temp, Ravenswood)",32.349609375
2000,JJA,"Avg Max (Temp, Ravenswood)",24.29984714673913
2000,JJA,"Days 37C 3h est (Temp, Ravenswood)",0.0
2000,JJA,"Days 40C 3h est (Temp, Ravenswood)",0.0
2000,JJA,"5-Day Avg Max (Temp, Ravenswood)",30.6220703125
2000,SON,"Average (Temp, Ravenswood)",23.550496866414836
2000,SON,"Max Day (Temp, Ravenswood)",36.048828125
2000,SON,"Avg Max (Temp, Ravenswood)",30.089833018543956
2000,SON,"Days 37C 3h est (Temp, Ravenswood)",0.0
2000,SON,"Days 40C 3h est (Temp, Ravenswood)",0.0
2000,SON,"5-Day Avg Max (Temp, Ravenswood)",33.666796875
2001,DJF,"Average (Temp, Ravenswood)",25.74853515625
2001,DJF,"Max Day (Temp, Ravenswood)",34.619140625
2001,DJF,"Avg Max (Temp, Ravenswood)",30.969086371527776
2001,DJF,"Days 37C 3h est (Temp, Ravenswood)",0.0
2001,DJF,"Days 40C 3h est (Temp, Ravenswood)",0.0
2001,DJF,"5-Day Avg Max (Temp, Ravenswood)",33.3390625
2001,MAM,"Average (Temp, Ravenswood)",23.358907948369566
2001,MAM,"Max Day (Temp, Ravenswood)",34.0185546875
2001,MAM,"Avg Max (Temp, Ravenswood)",30.047947095788043
2001,MAM,"Days 37C 3h est (Temp, Ravenswood)",0.0
2001,MAM,"Days 40C 3h est (Temp, Ravenswood)",0.0
2001,MAM,"5-Day Avg Max (Temp, Ravenswood)",33.7509765625
2001,JJA,"Average (Temp, Ravenswood)",18.35770316745924
2001,JJA,"Max Day (Temp, Ravenswood)",29.6396484375
2001,JJA,"Avg Max (Temp, Ravenswood)",26.10729449728261
2001,JJA,"Days 37C 3h est (Temp, Ravenswood)",0.0
2001,JJA,"Days 40C 3h est (Temp, Ravenswood)",0.0
2001,JJA,"5-Day Avg Max (Temp, Ravenswood)",28.14609375
2001,SON,"Average (Temp, Ravenswood)",24.96129163804945
2001,SON,"Max Day (Temp, Ravenswood)",38.095703125
2001,SON,"Avg Max (Temp, Ravenswood)",31.961280906593405
2001,SON,"Days 37C 3h est (Temp, Ravenswood)",2.0
2001,SON,"Days 40C 3h est (Temp, Ravenswood)",0.0
2001,SON,"5-Day Avg Max (Temp, Ravenswood)",36.7677734375
2002,DJF,"Average (Temp, Ravenswood)",28.636360677083335
2002,DJF,"Max Day (Temp, Ravenswood)",39.4521484375
2002,DJF,"Avg Max (Temp, Ravenswood)",34.35751953125
2002,DJF,"Days 37C 3h est (Temp, Ravenswood)",10.0
2002,DJF,"Days 40C 3h est (Temp, Ravenswood)",0.0
2002,DJF,"5-Day Avg Max (Temp, Ravenswood)",37.6759765625
2002,MAM,"Average (Temp, Ravenswood)",23.78311820652174
2002,MAM,"Max Day (Temp, Ravenswood)",34.2392578125
2002,MAM,"Avg Max (Temp, Ravenswood)",30.556778617527176
2002,MAM,"Days 37C 3h est (Temp, Ravenswood)",0.0
2002,MAM,"Days 40C 3h est (Temp, Ravenswood)",0.0
2002,MAM,"5-Day Avg Max (Temp, Ravenswood)",32.941015625
2002,JJA,"Average (Temp, Ravenswood)",17.832546068274457
2002,JJA,"Max Day (Temp, Ravenswood)",29.421875
2002,JJA,"Avg Max (Temp, Ravenswood)",25.34871773097826
2002,JJA,"Days 37C 3h est (Temp, Ravenswood)",0.0
2002,JJA,"Days 40C 3h est (Temp, Ravenswood)",0.0
2002,JJA,"5-Day Avg Max (Temp, Ravenswood)",28.9599609375
2002,SON,"Average (Temp, Ravenswood)",24.16905799278846
2002,SON,"Max Day (Temp, Ravenswood)",37.0556640625
2002,SON,"Avg Max (Temp, Ravenswood)",31.85631653502747
2002,SON,"Days 37C 3h est (Temp, Ravenswood)",1.0
2002,SON,"Days 40C 3h est (Temp, Ravenswood)",0.0
2002,SON,"5-Day Avg Max (Temp, Ravenswood)",35.2837890625
2003,DJF,"Average (Temp, Ravenswood)",27.839143880208333
2003,DJF,"Max Day (Temp, Ravenswood)",37.501953125
2003,DJF,"Avg Max (Temp, Ravenswood)",33.66808810763889
2003,DJF,"Days 37C 3h est (Temp, Ravenswood)",1.0
2003,DJF,"Days 40C 3h est (Temp, Ravenswood)",0.0
2003,DJF,"5-Day Avg Max (Temp, Ravenswood)",36.1455078125
2003,MAM,"Average (Temp, Ravenswood)",23.592332922894023
2003,MAM,"Max Day (Temp, Ravenswood)",32.845703125
2003,MAM,"Avg Max (Temp, Ravenswood)",29.645454738451086
2003,MAM,"Days 37C 3h est (Temp, Ravenswood)",0.0
2003,MAM,"Days 40C 3h est (Temp, Ravenswood)",0.0
2003,MAM,"5-Day Avg Max (Temp, Ravenswood)",32.0591796875
2003,JJA,"Average (Temp, Ravenswood)",19.186098845108695
2003,JJA,"Max Day (Temp, Ravenswood)",29.8017578125
2003,JJA,"Avg Max (Temp, Ravenswood)",26.176163383152176
2003,JJA,"Days 37C 3h est (Temp, Ravenswood)",0.0
2003,JJA,"Days 40C 3h est (Temp, Ravenswood)",0.0
2003,JJA,"5-Day Avg Max (Temp, Ravenswood)",29.20390625
2003,SON,"Average (Temp, Ravenswood)",24.71335207760989
2003,SON,"Max Day (Temp, Ravenswood)",38.2060546875
2003,SON,"Avg Max (Temp, Ravenswood)",32.050791981456044
2003,SON,"Days 37C 3h est (Temp, Ravenswood)",3.0
2003,SON,"Days 40C 3h est (Temp, Ravenswood)",0.0
2003,SON,"5-Day Avg Max (Temp, Ravenswood)",36.9564453125
2004,DJF,"Average (Temp, Ravenswood)",28.054778717376372
2004,DJF,"Max Day (Temp, Ravenswood)",37.2529296875
2004,DJF,"Avg Max (Temp, Ravenswood)",33.45579713255494
2004,DJF,"Days 37C 3h est (Temp, Ravenswood)",1.0
2004,DJF,"Days 40C 3h est (Temp, Ravenswood)",0.0
2004,DJF,"5-Day Avg Max (Temp, Ravenswood)",36.1419921875
2004,MAM,"Average (Temp, Ravenswood)",23.79752250339674
2004,MAM,"Max Day (Temp, Ravenswood)",36.298828125
2004,MAM,"Avg Max (Temp, Ravenswood)",29.988525390625
2004,MAM,"Days 37C 3h est (Temp, Ravenswood)",0.0
2004,MAM,"Days 40C 3h est (Temp, Ravenswood)",0.0
2004,MAM,"5-Day Avg Max (Temp, Ravenswood)",34.8810546875
2004,JJA,"Average (Temp, Ravenswood)",18.004691745923914
2004,JJA,"Max Day (Temp, Ravenswood)",29.4501953125
2004,JJA,"Avg Max (Temp, Ravenswood)",25.79822308084239
2004,JJA,"Days 37C 3h est (Temp, Ravenswood)",0.0
2004,JJA,"Days 40C 3h est (Temp, Ravenswood)",0.0
2004,JJA,"5-Day Avg Max (Temp, Ravenswood)",28.1041015625
2004,SON,"Average (Temp, Ravenswood)",24.40762899210165
2004,SON,"Max Day (Temp, Ravenswood)",37.458984375
2004,SON,"Avg Max (Temp, Ravenswood)",31.59234417925824
2004,SON,"Days 37C 3h est (Temp, Ravenswood)",2.0
2004,SON,"Days 40C 3h est (Temp, Ravenswood)",0.0
2004,SON,"5-Day Avg Max (Temp, Ravenswood)",36.2689453125
2005,DJF,"Average (Temp, Ravenswood)",27.560655381944443
2005,DJF,"Max Day (Temp, Ravenswood)",38.421875
2005,DJF,"Avg Max (Temp, Ravenswood)",33.23586154513889
2005,DJF,"Days 37C 3h est (Temp, Ravenswood)",2.0
2005,DJF,"Days 40C 3h est (Temp, Ravenswood)",0.0
2005,DJF,"5-Day Avg Max (Temp, Ravenswood)",36.2640625
2005,MAM,"Average (Temp, Ravenswood)",23.332546068274457
2005,MAM,"Max Day (Temp, Ravenswood)",36.1689453125
2005,MAM,"Avg Max (Temp, Ravenswood)",30.14457370923913
2005,MAM,"Days 37C 3h est (Temp, Ravenswood)",0.0
2005,MAM,"Days 40C 3h est (Temp, Ravenswood)",0.0
2005,MAM,"5-Day Avg Max (Temp, Ravenswood)",35.3888671875
2005,JJA,"Average (Temp, Ravenswood)",18.733716881793477
2005,JJA,"Max Day (Temp, Ravenswood)",29.08203125
2005,JJA,"Avg Max (Temp, Ravenswood)",24.80399753736413
2005,JJA,"Days 37C 3h est (Temp, Ravenswood)",0.0
2005,JJA,"Days 40C 3h est (Temp, Ravenswood)",0.0
2005,JJA,"5-Day Avg Max (Temp, Ravenswood)",27.341796875
2005,SON,"Average (Temp, Ravenswood)",24.973219651442307
2005,SON,"Max Day (Temp, Ravenswood)",36.0087890625
2005,SON,"Avg Max (Temp, Ravenswood)",31.711978451236263
2005,SON,"Days 37C 3h est (Temp, Ravenswood)",0.0
2005,SON,"Days 40C 3h est (Temp, Ravenswood)",0.0
2005,SON,"5-Day Avg Max (Temp, Ravenswood)",35.1650390625
2006,DJF,"Average (Temp, Ravenswood)",28.340890842013888
2006,DJF,"Max Day (Temp, Ravenswood)",40.6220703125
2006,DJF,"Avg Max (Temp, Ravenswood)",34.13662109375
2006,DJF,"Days 37C 3h est (Temp, Ravenswood)",6.0
2006,DJF,"Days 40C 3h est (Temp, Ravenswood)",1.0
2006,DJF,"5-Day Avg Max (Temp, Ravenswood)",37.6201171875
2006,MAM,"Average (Temp, Ravenswood)",23.59122367527174
2006,MAM,"Max Day (Temp, Ravenswood)",33.439453125
2006,MAM,"Avg Max (Temp, Ravenswood)",28.43758491847826
2006,MAM,"Days 37C 3h est (Temp, Ravenswood)",0.0
2006,MAM,"Days 40C 3h est (Temp, Ravenswood)",0.0
2006,MAM,"5-Day Avg Max (Temp, Ravenswood)",33.141015625
2006,JJA,"Average (Temp, Ravenswood)",17.815477454144023
2006,JJA,"Max Day (Temp, Ravenswood)",29.6796875
2006,JJA,"Avg Max (Temp, Ravenswood)",24.641421110733695
2006,JJA,"Days 37C 3h est (Temp, Ravenswood)",0.0
2006,JJA,"Days 40C 3h est (Temp, Ravenswood)",0.0
2006,JJA,"5-Day Avg Max (Temp, Ravenswood)",29.201953125
2006,SON,"Average (Temp, Ravenswood)",23.158342633928573
2006,SON,"Max Day (Temp, Ravenswood)",37.939453125
2006,SON,"Avg Max (Temp, Ravenswood)",30.27517599587912
2006,SON,"Days 37C 3h est (Temp, Ravenswood)",1.0
2006,SON,"Days 40C 3h est (Temp, Ravenswood)",0.0
2006,SON,"5-Day Avg Max (Temp, Ravenswood)",34.565234375
2007,DJF,"Average (Temp, Ravenswood)",26.60337456597222
2007,DJF,"Max Day (Temp, Ravenswood)",35.40234375
2007,DJF,"Avg Max (Temp, Ravenswood)",31.69240451388889
2007,DJF,"Days 37C 3h est (Temp, Ravenswood)",0.0
2007,DJF,"Days 40C 3h est (Temp, Ravenswood)",0.0
2007,DJF,"5-Day Avg Max (Temp, Ravenswood)",35.1650390625
2007,MAM,"Average (Temp, Ravenswood)",23.945121433423914
2007,MAM,"Max Day (Temp, Ravenswood)",36.4990234375
2007,MAM,"Avg Max (Temp, Ravenswood)",29.98656165081522
2007,MAM,"Days 37C 3h est (Temp, Ravenswood)",0.0
2007,MAM,"Days 40C 3h est (Temp, Ravenswood)",0.0
2007,MAM,"5-Day Avg Max (Temp, Ravenswood)",34.076953125
2007,JJA,"Average (Temp, Ravenswood)",16.662135912024457
2007,JJA,"Max Day (Temp, Ravenswood)",28.58203125
2007,JJA,"Avg Max (Temp, Ravenswood)",23.082381538722824
2007,JJA,"Days 37C 3h est (Temp, Ravenswood)",0.0
2007,JJA,"Days 40C 3h est (Temp, Ravenswood)",0.0
2007,JJA,"5-Day Avg Max (Temp, Ravenswood)",28.0453125
2007,SON,"Average (Temp, Ravenswood)",24.124978537087912
2007,SON,"Max Day (Temp, Ravenswood)",34.5693359375
2007,SON,"Avg Max (Temp, Ravenswood)",30.871630322802197
2007,SON,"Days 37C 3h est (Temp, Ravenswood)",0.0
2007,SON,"Days 40C 3h est (Temp, Ravenswood)",0.0
2007,SON,"5-Day Avg Max (Temp, Ravenswood)",33.83203125
2008,DJF,"Average (Temp, Ravenswood)",26.97371329842033
2008,DJF,"Max Day (Temp, Ravenswood)",35.431640625
2008,DJF,"Avg Max (Temp, Ravenswood)",31.835551167582416
2008,DJF,"Days 37C 3h est (Temp, Ravenswood)",0.0
2008,DJF,"Days 40C 3h est (Temp, Ravenswood)",0.0
2008,DJF,"5-Day Avg Max (Temp, Ravenswood)",34.72578125
2008,MAM,"Average (Temp, Ravenswood)",22.100814155910324
2008,MAM,"Max Day (Temp, Ravenswood)",32.109375
2008,MAM,"Avg Max (Temp, Ravenswood)",28.541556980298914
2008,MAM,"Days 37C 3h est (Temp, Ravenswood)",0.0
2008,MAM,"Days 40C 3h est (Temp, Ravenswood)",0.0
2008,MAM,"5-Day Avg Max (Temp, Ravenswood)",31.7591796875
2008,JJA,"Average (Temp, Ravenswood)",17.681932532269023
2008,JJA,"Max Day (Temp, Ravenswood)",28.841796875
2008,JJA,"Avg Max (Temp, Ravenswood)",24.588569972826086
2008,JJA,"Days 37C 3h est (Temp, Ravenswood)",0.0
2008,JJA,"Days 40C 3h est (Temp, Ravenswood)",0.0
2008,JJA,"5-Day Avg Max (Temp, Ravenswood)",28.0400390625
2008,SON,"Average (Temp, Ravenswood)",24.45201966002747
2008,SON,"Max Day (Temp, Ravenswood)",37.7490234375
2008,SON,"Avg Max (Temp, Ravenswood)",31.16832288804945
2008,SON,"Days 37C 3h est (Temp, Ravenswood)",2.0
2008,SON,"Days 40C 3h est (Temp, Ravenswood)",0.0
2008,SON,"5-Day Avg Max (Temp, Ravenswood)",36.6369140625
2009,DJF,"Average (Temp, Ravenswood)",27.033902994791667
2009,DJF,"Max Day (Temp, Ravenswood)",35.9423828125
2009,DJF,"Avg Max (Temp, Ravenswood)",31.642078993055556
2009,DJF,"Days 37C 3h est (Temp, Ravenswood)",0.0
2009,DJF,"Days 40C 3h est (Temp, Ravenswood)",0.0
2009,DJF,"5-Day Avg Max (Temp, Ravenswood)",35.30390625
2009,MAM,"Average (Temp, Ravenswood)",23.09806492017663
2009,MAM,"Max Day (Temp, Ravenswood)",33.06640625
2009,MAM,"Avg Max (Temp, Ravenswood)",29.04667331861413
2009,MAM,"Days 37C 3h est (Temp, Ravenswood)",0.0
2009,MAM,"Days 40C 3h est (Temp, Ravenswood)",0.0
2009,MAM,"5-Day Avg Max (Temp, Ravenswood)",32.47421875
2009,JJA,"Average (Temp, Ravenswood)",18.778251316236414
2009,JJA,"Max Day (Temp, Ravenswood)",32.009765625
2009,JJA,"Avg Max (Temp, Ravenswood)",26.704006029211957
2009,JJA,"Days 37C 3h est (Temp, Ravenswood)",0.0
2009,JJA,"Days 40C 3h est (Temp, Ravenswood)",0.0
2009,JJA,"5-Day Avg Max (Temp, Ravenswood)",30.71796875
2009,SON,"Average (Temp, Ravenswood)",24.24584692651099
2009,SON,"Max Day (Temp, Ravenswood)",37.298828125
2009,SON,"Avg Max (Temp, Ravenswood)",31.74060997596154
2009,SON,"Days 37C 3h est (Temp, Ravenswood)",1.0
2009,SON,"Days 40C 3h est (Temp, Ravenswood)",0.0
2009,SON,"5-Day Avg Max (Temp, Ravenswood)",34.9068359375
2010,DJF,"Average (Temp, Ravenswood)",27.376866319444446
2010,DJF,"Max Day (Temp, Ravenswood)",37.3720703125
2010,DJF,"Avg Max (Temp, Ravenswood)",32.602756076388886
2010,DJF,"Days 37C 3h est (Temp, Ravenswood)",1.0
2010,DJF,"Days 40C 3h est (Temp, Ravenswood)",0.0
2010,DJF,"5-Day Avg Max (Temp, Ravenswood)",36.1380859375
2010,MAM,"Average (Temp, Ravenswood)",23.212020210597824
2010,MAM,"Max Day (Temp, Ravenswood)",34.279296875
2010,MAM,"Avg Max (Temp, Ravenswood)",28.61807914402174
2010,MAM,"Days 37C 3h est (Temp, Ravenswood)",0.0
2010,MAM,"Days 40C 3h est (Temp, Ravenswood)",0.0
2010,MAM,"5-Day Avg Max (Temp, Ravenswood)",33.2150390625
2010,JJA,"Average (Temp, Ravenswood)",19.111917246942934
2010,JJA,"Max Day (Temp, Ravenswood)",29.75
2010,JJA,"Avg Max (Temp, Ravenswood)",25.540739639945652
2010,JJA,"Days 37C 3h est (Temp, Ravenswood)",0.0
2010,JJA,"Days 40C 3h est (Temp, Ravenswood)",0.0
2010,JJA,"5-Day Avg Max (Temp, Ravenswood)",28.5958984375
2010,SON,"Average (Temp, Ravenswood)",23.873830271291208
2010,SON,"Max Day (Temp, Ravenswood)",32.720703125
2010,SON,"Avg Max (Temp, Ravenswood)",29.18812242445055
2010,SON,"Days 37C 3h est (Temp, Ravenswood)",0.0
2010,SON,"Days 40C 3h est (Temp, Ravenswood)",0.0
2010,SON,"5-Day Avg Max (Temp, Ravenswood)",30.933984375
2011,DJF,"Average (Temp, Ravenswood)",26.723323567708334
2011,DJF,"Max Day (Temp, Ravenswood)",34.40234375
2011,DJF,"Avg Max (Temp, Ravenswood)",31.535557725694446
2011,DJF,"Days 37C 3h est (Temp, Ravenswood)",0.0
2011,DJF,"Days 40C 3h est (Temp, Ravenswood)",0.0
2011,DJF,"5-Day Avg Max (Temp, Ravenswood)",33.480078125
2011,MAM,"Average (Temp, Ravenswood)",22.046455715013586
2011,MAM,"Max Day (Temp, Ravenswood)",32.529296875
2011,MAM,"Avg Max (Temp, Ravenswood)",27.577976392663043
2011,MAM,"Days 37C 3h est (Temp, Ravenswood)",0.0
2011,MAM,"Days 40C 3h est (Temp, Ravenswood)",0.0
2011,MAM,"5-Day Avg Max (Temp, Ravenswood)",32.275
2011,JJA,"Average (Temp, Ravenswood)",16.912045686141305
2011,JJA,"Max Day (Temp, Ravenswood)",29.3701171875
2011,JJA,"Avg Max (Temp, Ravenswood)",24.543043053668477
2011,JJA,"Days 37C 3h est (Temp, Ravenswood)",0.0
2011,JJA,"Days 40C 3h est (Temp, Ravenswood)",0.0
2011,JJA,"5-Day Avg Max (Temp, Ravenswood)",27.8341796875
2011,SON,"Average (Temp, Ravenswood)",23.63501244848901
2011,SON,"Max Day (Temp, Ravenswood)",36.0263671875
2011,SON,"Avg Max (Temp, Ravenswood)",30.758445655906595
2011,SON,"Days 37C 3h est (Temp, Ravenswood)",0.0
2011,SON,"Days 40C 3h est (Temp, Ravenswood)",0.0
2011,SON,"5-Day Avg Max (Temp, Ravenswood)",34.45
2012,DJF,"Average (Temp, Ravenswood)",27.127951150412088
2012,DJF,"Max Day (Temp, Ravenswood)",37.2724609375
2012,DJF,"Avg Max (Temp, Ravenswood)",32.51918784340659
2012,DJF,"Days 37C 3h est (Temp, Ravenswood)",1.0
2012,DJF,"Days 40C 3h est (Temp, Ravenswood)",0.0
2012,DJF,"5-Day Avg Max (Temp, Ravenswood)",35.2671875
2012,MAM,"Average (Temp, Ravenswood)",22.48539402173913
2012,MAM,"Max Day (Temp, Ravenswood)",33.05859375
2012,MAM,"Avg Max (Temp, Ravenswood)",28.084748641304348
2012,MAM,"Days 37C 3h est (Temp, Ravenswood)",0.0
2012,MAM,"Days 40C 3h est (Temp, Ravenswood)",0.0
2012,MAM,"5-Day Avg Max (Temp, Ravenswood)",32.2068359375
2012,JJA,"Average (Temp, Ravenswood)",17.059034264605977
2012,JJA,"Max Day (Temp, Ravenswood)",29.4296875
2012,JJA,"Avg Max (Temp, Ravenswood)",23.877505095108695
2012,JJA,"Days 37C 3h est (Temp, Ravenswood)",0.0
2012,JJA,"Days 40C 3h est (Temp, Ravenswood)",0.0
2012,JJA,"5-Day Avg Max (Temp, Ravenswood)",28.237890625
2012,SON,"Average (Temp, Ravenswood)",23.34182370364011
2012,SON,"Max Day (Temp, Ravenswood)",35.958984375
2012,SON,"Avg Max (Temp, Ravenswood)",30.64806189903846
2012,SON,"Days 37C 3h est (Temp, Ravenswood)",0.0
2012,SON,"Days 40C 3h est (Temp, Ravenswood)",0.0
2012,SON,"5-Day Avg Max (Temp, Ravenswood)",34.948828125
2013,DJF,"Average (Temp, Ravenswood)",27.543142361111112
2013,DJF,"Max Day (Temp, Ravenswood)",37.642578125
2013,DJF,"Avg Max (Temp, Ravenswood)",33.484646267361114
2013,DJF,"Days 37C 3h est (Temp, Ravenswood)",4.0
2013,DJF,"Days 40C 3h est (Temp, Ravenswood)",0.0
2013,DJF,"5-Day Avg Max (Temp, Ravenswood)",36.4607421875
2013,MAM,"Average (Temp, Ravenswood)",23.015168563179348
2013,MAM,"Max Day (Temp, Ravenswood)",34.0390625
2013,MAM,"Avg Max (Temp, Ravenswood)",28.478855298913043
2013,MAM,"Days 37C 3h est (Temp, Ravenswood)",0.0
2013,MAM,"Days 40C 3h est (Temp, Ravenswood)",0.0
2013,MAM,"5-Day Avg Max (Temp, Ravenswood)",32.4431640625
2013,JJA,"Average (Temp, Ravenswood)",18.861678413722824
2013,JJA,"Max Day (Temp, Ravenswood)",31.6103515625
2013,JJA,"Avg Max (Temp, Ravenswood)",26.07653277853261
2013,JJA,"Days 37C 3h est (Temp, Ravenswood)",0.0
2013,JJA,"Days 40C 3h est (Temp, Ravenswood)",0.0
2013,JJA,"5-Day Avg Max (Temp, Ravenswood)",30.00390625
2013,SON,"Average (Temp, Ravenswood)",24.983747209821427
2013,SON,"Max Day (Temp, Ravenswood)",36.42578125
2013,SON,"Avg Max (Temp, Ravenswood)",32.01622596153846
2013,SON,"Days 37C 3h est (Temp, Ravenswood)",0.0
2013,SON,"Days 40C 3h est (Temp, Ravenswood)",0.0
2013,SON,"5-Day Avg Max (Temp, Ravenswood)",33.7890625
2014,DJF,"Average (Temp, Ravenswood)",27.0142578125
2014,DJF,"Max Day (Temp, Ravenswood)",37.9326171875
2014,DJF,"Avg Max (Temp, Ravenswood)",32.60418836805555
2014,DJF,"Days 37C 3h est (Temp, Ravenswood)",4.0
2014,DJF,"Days 40C 3h est (Temp, Ravenswood)",0.0
2014,DJF,"5-Day Avg Max (Temp, Ravenswood)",36.6248046875
2014,MAM,"Average (Temp, Ravenswood)",23.213283372961957
2014,MAM,"Max Day (Temp, Ravenswood)",32.458984375
2014,MAM,"Avg Max (Temp, Ravenswood)",28.6572265625
2014,MAM,"Days 37C 3h est (Temp, Ravenswood)",0.0
2014,MAM,"Days 40C 3h est (Temp, Ravenswood)",0.0
2014,MAM,"5-Day Avg Max (Temp, Ravenswood)",31.9830078125
2014,JJA,"Average (Temp, Ravenswood)",17.869650135869566
2014,JJA,"Max Day (Temp, Ravenswood)",28.1123046875
2014,JJA,"Avg Max (Temp, Ravenswood)",24.91272503396739
2014,JJA,"Days 37C 3h est (Temp, Ravenswood)",0.0
2014,JJA,"Days 40C 3h est (Temp, Ravenswood)",0.0
2014,JJA,"5-Day Avg Max (Temp, Ravenswood)",27.76796875
2014,SON,"Average (Temp, Ravenswood)",23.91430932348901
2014,SON,"Max Day (Temp, Ravenswood)",35.888671875
2014,SON,"Avg Max (Temp, Ravenswood)",31.16443810096154
2014,SON,"Days 37C 3h est (Temp, Ravenswood)",0.0
2014,SON,"Days 40C 3h est (Temp, Ravenswood)",0.0
2014,SON,"5-Day Avg Max (Temp, Ravenswood)",35.2888671875
2015,DJF,"Average (Temp, Ravenswood)",28.057790798611112
2015,DJF,"Max Day (Temp, Ravenswood)",36.859375
2015,DJF,"Avg Max (Temp, Ravenswood)",33.61218532986111
2015,DJF,"Days 37C 3h est (Temp, Ravenswood)",0.0
2015,DJF,"Days 40C 3h est (Temp, Ravenswood)",0.0
2015,DJF,"5-Day Avg Max (Temp, Ravenswood)",35.8130859375
2015,MAM,"Average (Temp, Ravenswood)",24.33545452615489
2015,MAM,"Max Day (Temp, Ravenswood)",36.869140625
2015,MAM,"Avg Max (Temp, Ravenswood)",30.906356148097824
2015,MAM,"Days 37C 3h est (Temp, Ravenswood)",0.0
2015,MAM,"Days 40C 3h est (Temp, Ravenswood)",0.0
2015,MAM,"5-Day Avg Max (Temp, Ravenswood)",34.22109375
2015,JJA,"Average (Temp, Ravenswood)",19.184172257133152
2015,JJA,"Max Day (Temp, Ravenswood)",29.9404296875
2015,JJA,"Avg Max (Temp, Ravenswood)",26.10689113451087
2015,JJA,"Days 37C 3h est (Temp, Ravenswood)",0.0
2015,JJA,"Days 40C 3h est (Temp, Ravenswood)",0.0
2015,JJA,"5-Day Avg Max (Temp, Ravenswood)",29.198046875
2015,SON,"Average (Temp, Ravenswood)",24.3723385989011
2015,SON,"Max Day (Temp, Ravenswood)",36.44921875
2015,SON,"Avg Max (Temp, Ravenswood)",31.220198746565934
2015,SON,"Days 37C 3h est (Temp, Ravenswood)",0.0
2015,SON,"Days 40C 3h est (Temp, Ravenswood)",0.0
2015,SON,"5-Day Avg Max (Temp, Ravenswood)",35.587109375
2016,DJF,"Average (Temp, Ravenswood)",28.367391397664836
2016,DJF,"Max Day (Temp, Ravenswood)",39.298828125
2016,DJF,"Avg Max (Temp, Ravenswood)",34.01973514766483
2016,DJF,"Days 37C 3h est (Temp, Ravenswood)",7.0
2016,DJF,"Days 40C 3h est (Temp, Ravenswood)",0.0
2016,DJF,"5-Day Avg Max (Temp, Ravenswood)",37.8689453125
2016,MAM,"Average (Temp, Ravenswood)",24.76905358355978
2016,MAM,"Max Day (Temp, Ravenswood)",34.0390625
2016,MAM,"Avg Max (Temp, Ravenswood)",30.345841117527176
2016,MAM,"Days 37C 3h est (Temp, Ravenswood)",0.0
2016,MAM,"Days 40C 3h est (Temp, Ravenswood)",0.0
2016,MAM,"5-Day Avg Max (Temp, Ravenswood)",35.5771484375
2016,JJA,"Average (Temp, Ravenswood)",19.12117866847826
2016,JJA,"Max Day (Temp, Ravenswood)",30.4501953125
2016,JJA,"Avg Max (Temp, Ravenswood)",25.357198963994566
2016,JJA,"Days 37C 3h est (Temp, Ravenswood)",0.0
2016,JJA,"Days 40C 3h est (Temp, Ravenswood)",0.0
2016,JJA,"5-Day Avg Max (Temp, Ravenswood)",29.4158203125
2016,SON,"Average (Temp, Ravenswood)",25.07635967548077
2016,SON,"Max Day (Temp, Ravenswood)",37.609375
2016,SON,"Avg Max (Temp, Ravenswood)",31.632855425824175
2016,SON,"Days 37C 3h est (Temp, Ravenswood)",1.0
2016,SON,"Days 40C 3h est (Temp, Ravenswood)",0.0
2016,SON,"5-Day Avg Max (Temp, Ravenswood)",35.905078125
2017,DJF,"Average (Temp, Ravenswood)",28.037489149305557
2017,DJF,"Max Day (Temp, Ravenswood)",38.548828125
2017,DJF,"Avg Max (Temp, Ravenswood)",33.518315972222226
2017,DJF,"Days 37C 3h est (Temp, Ravenswood)",2.0
2017,DJF,"Days 40C 3h est (Temp, Ravenswood)",0.0
2017,DJF,"5-Day Avg Max (Temp, Ravenswood)",36.1013671875
2017,MAM,"Average (Temp, Ravenswood)",23.82083793308424
2017,MAM,"Max Day (Temp, Ravenswood)",34.8486328125
2017,MAM,"Avg Max (Temp, Ravenswood)",29.53678031589674
2017,MAM,"Days 37C 3h est (Temp, Ravenswood)",0.0
2017,MAM,"Days 40C 3h est (Temp, Ravenswood)",0.0
2017,MAM,"5-Day Avg Max (Temp, Ravenswood)",34.105078125
2017,JJA,"Average (Temp, Ravenswood)",19.081596042798914
2017,JJA,"Max Day (Temp, Ravenswood)",30.8798828125
2017,JJA,"Avg Max (Temp, Ravenswood)",26.182787024456523
2017,JJA,"Days 37C 3h est (Temp, Ravenswood)",0.0
2017,JJA,"Days 40C 3h est (Temp, Ravenswood)",0.0
2017,JJA,"5-Day Avg Max (Temp, Ravenswood)",29.3419921875
2017,SON,"Average (Temp, Ravenswood)",24.292255108173077
2017,SON,"Max Day (Temp, Ravenswood)",35.095703125
2017,SON,"Avg Max (Temp, Ravenswood)",31.02034684065934
2017,SON,"Days 37C 3h est (Temp, Ravenswood)",0.0
2017,SON,"Days 40C 3h est (Temp, Ravenswood)",0.0
2017,SON,"5-Day Avg Max (Temp, Ravenswood)",34.433984375
2018,DJF,"Average (Temp, Ravenswood)",27.63804253472222
2018,DJF,"Max Day (Temp, Ravenswood)",39.5126953125
2018,DJF,"Avg Max (Temp, Ravenswood)",33.71566840277778
2018,DJF,"Days 37C 3h est (Temp, Ravenswood)",6.0
2018,DJF,"Days 40C 3h est (Temp, Ravenswood)",0.0
2018,DJF,"5-Day Avg Max (Temp, Ravenswood)",37.453125
2018,MAM,"Average (Temp, Ravenswood)",23.26488727072011
2018,MAM,"Max Day (Temp, Ravenswood)",33.5185546875
2018,MAM,"Avg Max (Temp, Ravenswood)",29.25232464334239
2018,MAM,"Days 37C 3h est (Temp, Ravenswood)",0.0
2018,MAM,"Days 40C 3h est (Temp, Ravenswood)",0.0
2018,MAM,"5-Day Avg Max (Temp, Ravenswood)",32.146875
2018,JJA,"Average (Temp, Ravenswood)",18.57164996603261
2018,JJA,"Max Day (Temp, Ravenswood)",30.400390625
2018,JJA,"Avg Max (Temp, Ravenswood)",26.522110648777176
2018,JJA,"Days 37C 3h est (Temp, Ravenswood)",0.0
2018,JJA,"Days 40C 3h est (Temp, Ravenswood)",0.0
2018,JJA,"5-Day Avg Max (Temp, Ravenswood)",28.941796875
2018,SON,"Average (Temp, Ravenswood)",25.244430374313186
2018,SON,"Max Day (Temp, Ravenswood)",42.189453125
2018,SON,"Avg Max (Temp, Ravenswood)",32.72438401442308
2018,SON,"Days 37C 3h est (Temp, Ravenswood)",9.0
2018,SON,"Days 40C 3h est (Temp, Ravenswood)",3.0
2018,SON,"5-Day Avg Max (Temp, Ravenswood)",40.5291015625
2019,DJF,"Average (Temp, Ravenswood)",26.903304036458334
2019,DJF,"Max Day (Temp, Ravenswood)",39.5615234375
2019,DJF,"Avg Max (Temp, Ravenswood)",32.040440538194446
2019,DJF,"Days 37C 3h est (Temp, Ravenswood)",6.0
2019,DJF,"Days 40C 3h est (Temp, Ravenswood)",0.0
2019,DJF,"5-Day Avg Max (Temp, Ravenswood)",39.453515625
2019,MAM,"Average (Temp, Ravenswood)",23.71326745074728
2019,MAM,"Max Day (Temp, Ravenswood)",34.109375
2019,MAM,"Avg Max (Temp, Ravenswood)",29.313200577445652
2019,MAM,"Days 37C 3h est (Temp, Ravenswood)",0.0
2019,MAM,"Days 40C 3h est (Temp, Ravenswood)",0.0
2019,MAM,"5-Day Avg Max (Temp, Ravenswood)",33.4990234375
2019,JJA,"Average (Temp, Ravenswood)",18.104800016983695
2019,JJA,"Max Day (Temp, Ravenswood)",29.9501953125
2019,JJA,"Avg Max (Temp, Ravenswood)",25.251687754755434
2019,JJA,"Days 37C 3h est (Temp, Ravenswood)",0.0
2019,JJA,"Days 40C 3h est (Temp, Ravenswood)",0.0
2019,JJA,"5-Day Avg Max (Temp, Ravenswood)",28.49609375
2019,SON,"Average (Temp, Ravenswood)",24.322609031593405
2019,SON,"Max Day (Temp, Ravenswood)",38.1787109375
2019,SON,"Avg Max (Temp, Ravenswood)",32.321160285027474
2019,SON,"Days 37C 3h est (Temp, Ravenswood)",2.0
2019,SON,"Days 40C 3h est (Temp, Ravenswood)",0.0
2019,SON,"5-Day Avg Max (Temp, Ravenswood)",36.196875
2020,DJF,"Average (Temp, Ravenswood)",28.765286959134617
2020,DJF,"Max Day (Temp, Ravenswood)",39.15234375
2020,DJF,"Avg Max (Temp, Ravenswood)",35.02834177541209
2020,DJF,"Days 37C 3h est (Temp, Ravenswood)",20.0
2020,DJF,"Days 40C 3h est (Temp, Ravenswood)",0.0
2020,DJF,"5-Day Avg Max (Temp, Ravenswood)",37.88203125
2020,MAM,"Average (Temp, Ravenswood)",23.44200598675272
2020,MAM,"Max Day (Temp, Ravenswood)",34.416015625
2020,MAM,"Avg Max (Temp, Ravenswood)",29.573507557744566
2020,MAM,"Days 37C 3h est (Temp, Ravenswood)",0.0
2020,MAM,"Days 40C 3h est (Temp, Ravenswood)",0.0
2020,MAM,"5-Day Avg Max (Temp, Ravenswood)",33.4810546875
2020,JJA,"Average (Temp, Ravenswood)",18.673631751019023
2020,JJA,"Max Day (Temp, Ravenswood)",31.490234375
2020,JJA,"Avg Max (Temp, Ravenswood)",25.70389988111413
2020,JJA,"Days 37C 3h est (Temp, Ravenswood)",0.0
2020,JJA,"Days 40C 3h est (Temp, Ravenswood)",0.0
2020,JJA,"5-Day Avg Max (Temp, Ravenswood)",30.019921875
2020,SON,"Average (Temp, Ravenswood)",25.004024296016482
2020,SON,"Max Day (Temp, Ravenswood)",38.1494140625
2020,SON,"Avg Max (Temp, Ravenswood)",32.17144574175824
2020,SON,"Days 37C 3h est (Temp, Ravenswood)",1.0
2020,SON,"Days 40C 3h est (Temp, Ravenswood)",0.0
2020,SON,"5-Day Avg Max (Temp, Ravenswood)",35.644921875
2021,DJF,"Average (Temp, Ravenswood)",27.301182725694446
2021,DJF,"Max Day (Temp, Ravenswood)",37.9921875
2021,DJF,"Avg Max (Temp, Ravenswood)",32.44583333333333
2021,DJF,"Days 37C 3h est (Temp, Ravenswood)",4.0
2021,DJF,"Days 40C 3h est (Temp, Ravenswood)",0.0
2021,DJF,"5-Day Avg Max (Temp, Ravenswood)",36.9201171875
2021,MAM,"Average (Temp, Ravenswood)",23.47472613790761
2021,MAM,"Max Day (Temp, Ravenswood)",34.5693359375
2021,MAM,"Avg Max (Temp, Ravenswood)",29.314283288043477
2021,MAM,"Days 37C 3h est (Temp, Ravenswood)",0.0
2021,MAM,"Days 40C 3h est (Temp, Ravenswood)",0.0
2021,MAM,"5-Day Avg Max (Temp, Ravenswood)",32.846875
2021,JJA,"Average (Temp, Ravenswood)",19.659238068953805
2021,JJA,"Max Day (Temp, Ravenswood)",30.9580078125
2021,JJA,"Avg Max (Temp, Ravenswood)",26.448900305706523
2021,JJA,"Days 37C 3h est (Temp, Ravenswood)",0.0
2021,JJA,"Days 40C 3h est (Temp, Ravenswood)",0.0
2021,JJA,"5-Day Avg Max (Temp, Ravenswood)",29.666796875
2021,SON,"Average (Temp, Ravenswood)",25.11312027815934
2021,SON,"Max Day (Temp, Ravenswood)",36.845703125
2021,SON,"Avg Max (Temp, Ravenswood)",32.02354481456044
2021,SON,"Days 37C 3h est (Temp, Ravenswood)",0.0
2021,SON,"Days 40C 3h est (Temp, Ravenswood)",0.0
2021,SON,"5-Day Avg Max (Temp, Ravenswood)",35.5
2022,DJF,"Average (Temp, Ravenswood)",28.05744900173611
2022,DJF,"Max Day (Temp, Ravenswood)",38.7626953125
2022,DJF,"Avg Max (Temp, Ravenswood)",33.94901258680556
2022,DJF,"Days 37C 3h est (Temp, Ravenswood)",6.0
2022,DJF,"Days 40C 3h est (Temp, Ravenswood)",0.0
2022,DJF,"5-Day Avg Max (Temp, Ravenswood)",37.6951171875
2022,MAM,"Average (Temp, Ravenswood)",25.021744437839676
2022,MAM,"Max Day (Temp, Ravenswood)",39.298828125
2022,MAM,"Avg Max (Temp, Ravenswood)",30.959164826766305
2022,MAM,"Days 37C 3h est (Temp, Ravenswood)",9.0
2022,MAM,"Days 40C 3h est (Temp, Ravenswood)",0.0
2022,MAM,"5-Day Avg Max (Temp, Ravenswood)",38.66484375
2022,JJA,"Average (Temp, Ravenswood)",17.36937945822011
2022,JJA,"Max Day (Temp, Ravenswood)",29.8203125
2022,JJA,"Avg Max (Temp, Ravenswood)",24.271834663722824
2022,JJA,"Days 37C 3h est (Temp, Ravenswood)",0.0
2022,JJA,"Days 40C 3h est (Temp, Ravenswood)",0.0
2022,JJA,"5-Day Avg Max (Temp, Ravenswood)",28.13203125
2022,SON,"Average (Temp, Ravenswood)",24.985367659684066
2022,SON,"Max Day (Temp, Ravenswood)",37.37890625
2022,SON,"Avg Max (Temp, Ravenswood)",31.355694110576923
2022,SON,"Days 37C 3h est (Temp, Ravenswood)",2.0
2022,SON,"Days 40C 3h est (Temp, Ravenswood)",0.0
2022,SON,"5-Day Avg Max (Temp, Ravenswood)",35.446875
2023,DJF,"Average (Temp, Ravenswood)",26.522417534722223
2023,DJF,"Max Day (Temp, Ravenswood)",36.501953125
2023,DJF,"Avg Max (Temp, Ravenswood)",31.770518663194444
2023,DJF,"Days 37C 3h est (Temp, Ravenswood)",0.0
2023,DJF,"Days 40C 3h est (Temp, Ravenswood)",0.0
2023,DJF,"5-Day Avg Max (Temp, Ravenswood)",35.2740234375
2023,MAM,"Average (Temp, Ravenswood)",23.778336234714676
2023,MAM,"Max Day (Temp, Ravenswood)",35.7587890625
2023,MAM,"Avg Max (Temp, Ravenswood)",30.290378736413043
2023,MAM,"Days 37C 3h est (Temp, Ravenswood)",0.0
2023,MAM,"Days 40C 3h est (Temp, Ravenswood)",0.0
2023,MAM,"5-Day Avg Max (Temp, Ravenswood)",34.730078125
2023,JJA,"Average (Temp, Ravenswood)",19.633974821671195
2023,JJA,"Max Day (Temp, Ravenswood)",30.6796875
2023,JJA,"Avg Max (Temp, Ravenswood)",26.87560504415761
2023,JJA,"Days 37C 3h est (Temp, Ravenswood)",0.0
2023,JJA,"Days 40C 3h est (Temp, Ravenswood)",0.0
2023,JJA,"5-Day Avg Max (Temp, Ravenswood)",29.3978515625
2023,SON,"Average (Temp, Ravenswood)",24.373036143543956
2023,SON,"Max Day (Temp, Ravenswood)",38.029296875
2023,SON,"Avg Max (Temp, Ravenswood)",31.937178056318682
2023,SON,"Days 37C 3h est (Temp, Ravenswood)",2.0
2023,SON,"Days 40C 3h est (Temp, Ravenswood)",0.0
2023,SON,"5-Day Avg Max (Temp, Ravenswood)",35.0359375
2024,DJF,"Average (Temp, Ravenswood)",27.977576622596153
2024,DJF,"Max Day (Temp, Ravenswood)",37.2822265625
2024,DJF,"Avg Max (Temp, Ravenswood)",33.174439817994504
2024,DJF,"Days 37C 3h est (Temp, Ravenswood)",1.0
2024,DJF,"Days 40C 3h est (Temp, Ravenswood)",0.0
2024,DJF,"5-Day Avg Max (Temp, Ravenswood)",37.1009765625
2024,MAM,"Average (Temp, Ravenswood)",23.92662512737772
2024,MAM,"Max Day (Temp, Ravenswood)",34.3193359375
2024,MAM,"Avg Max (Temp, Ravenswood)",29.884489639945652
2024,MAM,"Days 37C 3h est (Temp, Ravenswood)",0.0
2024,MAM,"Days 40C 3h est (Temp, Ravenswood)",0.0
2024,MAM,"5-Day Avg Max (Temp, Ravenswood)",33.0267578125
2024,JJA,"Average (Temp, Ravenswood)",18.679788340692934
2024,JJA,"Max Day (Temp, Ravenswood)",30.990234375
2024,JJA,"Avg Max (Temp, Ravenswood)",26.01490319293478
2024,JJA,"Days 37C 3h est (Temp, Ravenswood)",0.0
2024,JJA,"Days 40C 3h est (Temp, Ravenswood)",0.0
2024,JJA,"5-Day Avg Max (Temp, Ravenswood)",29.612109375
2024,SON,"Average (Temp, Ravenswood)",24.99270260989011
2024,SON,"Max Day (Temp, Ravenswood)",36.869140625
2024,SON,"Avg Max (Temp, Ravenswood)",32.134486607142854
2024,SON,"Days 37C 3h est (Temp, Ravenswood)",0.0
2024,SON,"Days 40C 3h est (Temp, Ravenswood)",0.0
2024,SON,"5-Day Avg Max (Temp, Ravenswood)",36.1109375
2025,DJF,"Average (Temp, Ravenswood)",27.652800529233872
2025,DJF,"Max Day (Temp, Ravenswood)",36.841796875
2025,DJF,"Avg Max (Temp, Ravenswood)",33.090725806451616
2025,DJF,"Days 37C 3h est (Temp, Ravenswood)",0.0
2025,DJF,"Days 40C 3h est (Temp, Ravenswood)",0.0
2025,DJF,"5-Day Avg Max (Temp, Ravenswood)",34.5638671875
1971,Annual,"Average (Temp, Ravenswood)",23.104909567636987
1971,Annual,"Max Day (Temp, Ravenswood)",38.6728515625
1971,Annual,"Avg Max (Temp, Ravenswood)",29.4429660744863
1971,Annual,"Days 37C 3h est (Temp, Ravenswood)",10.0
1971,Annual,"Days 40C 3h est (Temp, Ravenswood)",0.0
1971,Annual,"5-Day Avg Max (Temp, Ravenswood)",37.0470703125
1972,Annual,"Average (Temp, Ravenswood)",22.47695205771858
1972,Annual,"Max Day (Temp, Ravenswood)",36.6025390625
1972,Annual,"Avg Max (Temp, Ravenswood)",28.923222442793715
1972,Annual,"Days 37C 3h est (Temp, Ravenswood)",0.0
1972,Annual,"Days 40C 3h est (Temp, Ravenswood)",0.0
1972,Annual,"5-Day Avg Max (Temp, Ravenswood)",35.428125
1973,Annual,"Average (Temp, Ravenswood)",23.806298159246577
1973,Annual,"Max Day (Temp, Ravenswood)",37.392578125
1973,Annual,"Avg Max (Temp, Ravenswood)",29.269678403253426
1973,Annual,"Days 37C 3h est (Temp, Ravenswood)",1.0
1973,Annual,"Days 40C 3h est (Temp, Ravenswood)",0.0
1973,Annual,"5-Day Avg Max (Temp, Ravenswood)",36.066796875
1974,Annual,"Average (Temp, Ravenswood)",22.5483425192637
1974,Annual,"Max Day (Temp, Ravenswood)",36.322265625
1974,Annual,"Avg Max (Temp, Ravenswood)",28.502573844178084
1974,Annual,"Days 37C 3h est (Temp, Ravenswood)",0.0
1974,Annual,"Days 40C 3h est (Temp, Ravenswood)",0.0
1974,Annual,"5-Day Avg Max (Temp, Ravenswood)",34.8650390625
1975,Annual,"Average (Temp, Ravenswood)",23.14367107234589
1975,Annual,"Max Day (Temp, Ravenswood)",34.8193359375
1975,Annual,"Avg Max (Temp, Ravenswood)",28.78689533390411
1975,Annual,"Days 37C 3h est (Temp, Ravenswood)",0.0
1975,Annual,"Days 40C 3h est (Temp, Ravenswood)",0.0
1975,Annual,"5-Day Avg Max (Temp, Ravenswood)",33.455078125
1976,Annual,"Average (Temp, Ravenswood)",22.812996285860656
1976,Annual,"Max Day (Temp, Ravenswood)",36.5615234375
1976,Annual,"Avg Max (Temp, Ravenswood)",28.9590510800888
1976,Annual,"Days 37C 3h est (Temp, Ravenswood)",0.0
1976,Annual,"Days 40C 3h est (Temp, Ravenswood)",0.0
1976,Annual,"5-Day Avg Max (Temp, Ravenswood)",35.0701171875
1977,Annual,"Average (Temp, Ravenswood)",22.405793824914383
1977,Annual,"Max Day (Temp, Ravenswood)",37.7421875
1977,Annual,"Avg Max (Temp, Ravenswood)",28.52117133989726
1977,Annual,"Days 37C 3h est (Temp, Ravenswood)",2.0
1977,Annual,"Days 40C 3h est (Temp, Ravenswood)",0.0
1977,Annual,"5-Day Avg Max (Temp, Ravenswood)",35.555859375
1978,Annual,"Average (Temp, Ravenswood)",22.65709011130137
1978,Annual,"Max Day (Temp, Ravenswood)",35.65234375
1978,Annual,"Avg Max (Temp, Ravenswood)",28.62853435359589
1978,Annual,"Days 37C 3h est (Temp, Ravenswood)",0.0
1978,Annual,"Days 40C 3h est (Temp, Ravenswood)",0.0
1978,Annual,"5-Day Avg Max (Temp, Ravenswood)",34.916796875
1979,Annual,"Average (Temp, Ravenswood)",22.88175834760274
1979,Annual,"Max Day (Temp, Ravenswood)",37.6318359375
1979,Annual,"Avg Max (Temp, Ravenswood)",28.90167754708904
1979,Annual,"Days 37C 3h est (Temp, Ravenswood)",2.0
1979,Annual,"Days 40C 3h est (Temp, Ravenswood)",0.0
1979,Annual,"5-Day Avg Max (Temp, Ravenswood)",36.84609375
1980,Annual,"Average (Temp, Ravenswood)",23.27171917691257
1980,Annual,"Max Day (Temp, Ravenswood)",37.453125
1980,Annual,"Avg Max (Temp, Ravenswood)",29.484593792691257
1980,Annual,"Days 37C 3h est (Temp, Ravenswood)",2.0
1980,Annual,"Days 40C 3h est (Temp, Ravenswood)",0.0
1980,Annual,"5-Day Avg Max (Temp, Ravenswood)",36.358984375
1981,Annual,"Average (Temp, Ravenswood)",22.953278842037673
1981,Annual,"Max Day (Temp, Ravenswood)",37.369140625
1981,Annual,"Avg Max (Temp, Ravenswood)",28.78126872859589
1981,Annual,"Days 37C 3h est (Temp, Ravenswood)",2.0
1981,Annual,"Days 40C 3h est (Temp, Ravenswood)",0.0
1981,Annual,"5-Day Avg Max (Temp, Ravenswood)",36.1359375
1982,Annual,"Average (Temp, Ravenswood)",22.74787029109589
1982,Annual,"Max Day (Temp, Ravenswood)",38.1923828125
1982,Annual,"Avg Max (Temp, Ravenswood)",29.447945205479453
1982,Annual,"Days 37C 3h est (Temp, Ravenswood)",3.0
1982,Annual,"Days 40C 3h est (Temp, Ravenswood)",0.0
1982,Annual,"5-Day Avg Max (Temp, Ravenswood)",36.6201171875
1983,Annual,"Average (Temp, Ravenswood)",23.54751979880137
1983,Annual,"Max Day (Temp, Ravenswood)",40.962890625
1983,Annual,"Avg Max (Temp, Ravenswood)",29.245087756849315
1983,Annual,"Days 37C 3h est (Temp, Ravenswood)",3.0
1983,Annual,"Days 40C 3h est (Temp, Ravenswood)",1.0
1983,Annual,"5-Day Avg Max (Temp, Ravenswood)",38.2830078125
1984,Annual,"Average (Temp, Ravenswood)",23.273244055242486
1984,Annual,"Max Day (Temp, Ravenswood)",41.1416015625
1984,Annual,"Avg Max (Temp, Ravenswood)",29.246048390539617
1984,Annual,"Days 37C 3h est (Temp, Ravenswood)",2.0
1984,Annual,"Days 40C 3h est (Temp, Ravenswood)",2.0
1984,Annual,"5-Day Avg Max (Temp, Ravenswood)",37.9939453125
1985,Annual,"Average (Temp, Ravenswood)",23.141378157106164
1985,Annual,"Max Day (Temp, Ravenswood)",39.8427734375
1985,Annual,"Avg Max (Temp, Ravenswood)",29.107304152397262
1985,Annual,"Days 37C 3h est (Temp, Ravenswood)",8.0
1985,Annual,"Days 40C 3h est (Temp, Ravenswood)",0.0
1985,Annual,"5-Day Avg Max (Temp, Ravenswood)",39.3525390625
1986,Annual,"Average (Temp, Ravenswood)",23.815515303938355
1986,Annual,"Max Day (Temp, Ravenswood)",37.783203125
1986,Annual,"Avg Max (Temp, Ravenswood)",29.866077161815067
1986,Annual,"Days 37C 3h est (Temp, Ravenswood)",3.0
1986,Annual,"Days 40C 3h est (Temp, Ravenswood)",0.0
1986,Annual,"5-Day Avg Max (Temp, Ravenswood)",36.2658203125
1987,Annual,"Average (Temp, Ravenswood)",24.090990207619864
1987,Annual,"Max Day (Temp, Ravenswood)",40.0634765625
1987,Annual,"Avg Max (Temp, Ravenswood)",30.156988441780822
1987,Annual,"Days 37C 3h est (Temp, Ravenswood)",5.0
1987,Annual,"Days 40C 3h est (Temp, Ravenswood)",1.0
1987,Annual,"5-Day Avg Max (Temp, Ravenswood)",36.6490234375
1988,Annual,"Average (Temp, Ravenswood)",23.676010715505466
1988,Annual,"Max Day (Temp, Ravenswood)",37.0830078125
1988,Annual,"Avg Max (Temp, Ravenswood)",29.537141393442624
1988,Annual,"Days 37C 3h est (Temp, Ravenswood)",1.0
1988,Annual,"Days 40C 3h est (Temp, Ravenswood)",0.0
1988,Annual,"5-Day Avg Max (Temp, Ravenswood)",35.3732421875
1989,Annual,"Average (Temp, Ravenswood)",22.845047624143834
1989,Annual,"Max Day (Temp, Ravenswood)",38.181640625
1989,Annual,"Avg Max (Temp, Ravenswood)",28.41686911386986
1989,Annual,"Days 37C 3h est (Temp, Ravenswood)",1.0
1989,Annual,"Days 40C 3h est (Temp, Ravenswood)",0.0
1989,Annual,"5-Day Avg Max (Temp, Ravenswood)",35.1140625
1990,Annual,"Average (Temp, Ravenswood)",22.75517444349315
1990,Annual,"Max Day (Temp, Ravenswood)",42.119140625
1990,Annual,"Avg Max (Temp, Ravenswood)",29.021802761130136
1990,Annual,"Days 37C 3h est (Temp, Ravenswood)",12.0
1990,Annual,"Days 40C 3h est (Temp, Ravenswood)",2.0
1990,Annual,"5-Day Avg Max (Temp, Ravenswood)",37.130859375
1991,Annual,"Average (Temp, Ravenswood)",22.958754280821918
1991,Annual,"Max Day (Temp, Ravenswood)",39.728515625
1991,Annual,"Avg Max (Temp, Ravenswood)",29.414322024828767
1991,Annual,"Days 37C 3h est (Temp, Ravenswood)",6.0
1991,Annual,"Days 40C 3h est (Temp, Ravenswood)",0.0
1991,Annual,"5-Day Avg Max (Temp, Ravenswood)",36.3880859375
1992,Annual,"Average (Temp, Ravenswood)",23.743835115693305
1992,Annual,"Max Day (Temp, Ravenswood)",40.2490234375
1992,Annual,"Avg Max (Temp, Ravenswood)",30.311403368340162
1992,Annual,"Days 37C 3h est (Temp, Ravenswood)",17.0
1992,Annual,"Days 40C 3h est (Temp, Ravenswood)",1.0
1992,Annual,"5-Day Avg Max (Temp, Ravenswood)",37.9828125
1993,Annual,"Average (Temp, Ravenswood)",23.435267283818494
1993,Annual,"Max Day (Temp, Ravenswood)",36.958984375
1993,Annual,"Avg Max (Temp, Ravenswood)",29.76052547089041
1993,Annual,"Days 37C 3h est (Temp, Ravenswood)",0.0
1993,Annual,"Days 40C 3h est (Temp, Ravenswood)",0.0
1993,Annual,"5-Day Avg Max (Temp, Ravenswood)",36.133984375
1994,Annual,"Average (Temp, Ravenswood)",23.157916845034247
1994,Annual,"Max Day (Temp, Ravenswood)",43.29296875
1994,Annual,"Avg Max (Temp, Ravenswood)",29.687197666952056
1994,Annual,"Days 37C 3h est (Temp, Ravenswood)",11.0
1994,Annual,"Days 40C 3h est (Temp, Ravenswood)",4.0
1994,Annual,"5-Day Avg Max (Temp, Ravenswood)",41.34296875
1995,Annual,"Average (Temp, Ravenswood)",23.664752782534247
1995,Annual,"Max Day (Temp, Ravenswood)",42.76171875
1995,Annual,"Avg Max (Temp, Ravenswood)",29.751487585616438
1995,Annual,"Days 37C 3h est (Temp, Ravenswood)",7.0
1995,Annual,"Days 40C 3h est (Temp, Ravenswood)",2.0
1995,Annual,"5-Day Avg Max (Temp, Ravenswood)",39.7859375
1996,Annual,"Average (Temp, Ravenswood)",23.73412418886612
1996,Annual,"Max Day (Temp, Ravenswood)",38.4716796875
1996,Annual,"Avg Max (Temp, Ravenswood)",30.21829106898907
1996,Annual,"Days 37C 3h est (Temp, Ravenswood)",6.0
1996,Annual,"Days 40C 3h est (Temp, Ravenswood)",0.0
1996,Annual,"5-Day Avg Max (Temp, Ravenswood)",36.983203125
1997,Annual,"Average (Temp, Ravenswood)",22.87478595890411
1997,Annual,"Max Day (Temp, Ravenswood)",36.693359375
1997,Annual,"Avg Max (Temp, Ravenswood)",28.998525791952055
1997,Annual,"Days 37C 3h est (Temp, Ravenswood)",0.0
1997,Annual,"Days 40C 3h est (Temp, Ravenswood)",0.0
1997,Annual,"5-Day Avg Max (Temp, Ravenswood)",36.1162109375
1998,Annual,"Average (Temp, Ravenswood)",23.70823924443493
1998,Annual,"Max Day (Temp, Ravenswood)",35.822265625
1998,Annual,"Avg Max (Temp, Ravenswood)",29.444742615582193
1998,Annual,"Days 37C 3h est (Temp, Ravenswood)",0.0
1998,Annual,"Days 40C 3h est (Temp, Ravenswood)",0.0
1998,Annual,"5-Day Avg Max (Temp, Ravenswood)",35.0849609375
1999,Annual,"Average (Temp, Ravenswood)",22.835570954623286
1999,Annual,"Max Day (Temp, Ravenswood)",36.0234375
1999,Annual,"Avg Max (Temp, Ravenswood)",29.022431506849315
1999,Annual,"Days 37C 3h est (Temp, Ravenswood)",0.0
1999,Annual,"Days 40C 3h est (Temp, Ravenswood)",0.0
1999,Annual,"5-Day Avg Max (Temp, Ravenswood)",34.43515625
2000,Annual,"Average (Temp, Ravenswood)",22.30335206412227
2000,Annual,"Max Day (Temp, Ravenswood)",36.943359375
2000,Annual,"Avg Max (Temp, Ravenswood)",28.244610228825138
2000,Annual,"Days 37C 3h est (Temp, Ravenswood)",0.0
2000,Annual,"Days 40C 3h est (Temp, Ravenswood)",0.0
2000,Annual,"5-Day Avg Max (Temp, Ravenswood)",35.4529296875
2001,Annual,"Average (Temp, Ravenswood)",23.448564586900684
2001,Annual,"Max Day (Temp, Ravenswood)",39.4521484375
2001,Annual,"Avg Max (Temp, Ravenswood)",30.248541845034246
2001,Annual,"Days 37C 3h est (Temp, Ravenswood)",9.0
2001,Annual,"Days 40C 3h est (Temp, Ravenswood)",0.0
2001,Annual,"5-Day Avg Max (Temp, Ravenswood)",37.6759765625
2002,Annual,"Average (Temp, Ravenswood)",23.49121227525685
2002,Annual,"Max Day (Temp, Ravenswood)",38.3291015625
2002,Annual,"Avg Max (Temp, Ravenswood)",30.41564372859589
2002,Annual,"Days 37C 3h est (Temp, Ravenswood)",5.0
2002,Annual,"Days 40C 3h est (Temp, Ravenswood)",0.0
2002,Annual,"5-Day Avg Max (Temp, Ravenswood)",37.4931640625
2003,Annual,"Average (Temp, Ravenswood)",23.795883722174658
2003,Annual,"Max Day (Temp, Ravenswood)",38.2060546875
2003,Annual,"Avg Max (Temp, Ravenswood)",30.310429152397262
2003,Annual,"Days 37C 3h est (Temp, Ravenswood)",3.0
2003,Annual,"Days 40C 3h est (Temp, Ravenswood)",0.0
2003,Annual,"5-Day Avg Max (Temp, Ravenswood)",36.9564453125
2004,Annual,"Average (Temp, Ravenswood)",23.533699410860656
2004,Annual,"Max Day (Temp, Ravenswood)",38.421875
2004,Annual,"Avg Max (Temp, Ravenswood)",30.163093942110656
2004,Annual,"Days 37C 3h est (Temp, Ravenswood)",5.0
2004,Annual,"Days 40C 3h est (Temp, Ravenswood)",0.0
2004,Annual,"5-Day Avg Max (Temp, Ravenswood)",36.2689453125
2005,Annual,"Average (Temp, Ravenswood)",23.734540881849316
2005,Annual,"Max Day (Temp, Ravenswood)",40.6220703125
2005,Annual,"Avg Max (Temp, Ravenswood)",30.12009578339041
2005,Annual,"Days 37C 3h est (Temp, Ravenswood)",5.0
2005,Annual,"Days 40C 3h est (Temp, Ravenswood)",1.0
2005,Annual,"5-Day Avg Max (Temp, Ravenswood)",37.6201171875
2006,Annual,"Average (Temp, Ravenswood)",22.964994916523974
2006,Annual,"Max Day (Temp, Ravenswood)",38.212890625
2006,Annual,"Avg Max (Temp, Ravenswood)",29.054625963184932
2006,Annual,"Days 37C 3h est (Temp, Ravenswood)",2.0
2006,Annual,"Days 40C 3h est (Temp, Ravenswood)",0.0
2006,Annual,"5-Day Avg Max (Temp, Ravenswood)",36.5087890625
2007,Annual,"Average (Temp, Ravenswood)",22.887292647688355
2007,Annual,"Max Day (Temp, Ravenswood)",36.4990234375
2007,Annual,"Avg Max (Temp, Ravenswood)",28.94209118150685
2007,Annual,"Days 37C 3h est (Temp, Ravenswood)",0.0
2007,Annual,"Days 40C 3h est (Temp, Ravenswood)",0.0
2007,Annual,"5-Day Avg Max (Temp, Ravenswood)",34.72578125
2008,Annual,"Average (Temp, Ravenswood)",22.882404264856557
2008,Annual,"Max Day (Temp, Ravenswood)",37.7490234375
2008,Annual,"Avg Max (Temp, Ravenswood)",29.129821443818305
2008,Annual,"Days 37C 3h est (Temp, Ravenswood)",2.0
2008,Annual,"Days 40C 3h est (Temp, Ravenswood)",0.0
2008,Annual,"5-Day Avg Max (Temp, Ravenswood)",36.6369140625
2009,Annual,"Average (Temp, Ravenswood)",23.199608037243152
2009,Annual,"Max Day (Temp, Ravenswood)",37.3720703125
2009,Annual,"Avg Max (Temp, Ravenswood)",29.753713613013698
2009,Annual,"Days 37C 3h est (Temp, Ravenswood)",2.0
2009,Annual,"Days 40C 3h est (Temp, Ravenswood)",0.0
2009,Annual,"5-Day Avg Max (Temp, Ravenswood)",36.1380859375
2010,Annual,"Average (Temp, Ravenswood)",23.300129762414382
2010,Annual,"Max Day (Temp, Ravenswood)",36.943359375
2010,Annual,"Avg Max (Temp, Ravenswood)",28.751019370719177
2010,Annual,"Days 37C 3h est (Temp, Ravenswood)",0.0
2010,Annual,"Days 40C 3h est (Temp, Ravenswood)",0.0
2010,Annual,"5-Day Avg Max (Temp, Ravenswood)",35.451171875
2011,Annual,"Average (Temp, Ravenswood)",22.31486247859589
2011,Annual,"Max Day (Temp, Ravenswood)",37.2724609375
2011,Annual,"Avg Max (Temp, Ravenswood)",28.68870933219178
2011,Annual,"Days 37C 3h est (Temp, Ravenswood)",1.0
2011,Annual,"Days 40C 3h est (Temp, Ravenswood)",0.0
2011,Annual,"5-Day Avg Max (Temp, Ravenswood)",34.933984375
2012,Annual,"Average (Temp, Ravenswood)",22.51626803705601
2012,Annual,"Max Day (Temp, Ravenswood)",37.6318359375
2012,Annual,"Avg Max (Temp, Ravenswood)",28.858307718579233
2012,Annual,"Days 37C 3h est (Temp, Ravenswood)",3.0
2012,Annual,"Days 40C 3h est (Temp, Ravenswood)",0.0
2012,Annual,"5-Day Avg Max (Temp, Ravenswood)",35.9380859375
2013,Annual,"Average (Temp, Ravenswood)",23.549182630565067
2013,Annual,"Max Day (Temp, Ravenswood)",37.8818359375
2013,Annual,"Avg Max (Temp, Ravenswood)",29.96799015410959
2013,Annual,"Days 37C 3h est (Temp, Ravenswood)",3.0
2013,Annual,"Days 40C 3h est (Temp, Ravenswood)",0.0
2013,Annual,"5-Day Avg Max (Temp, Ravenswood)",36.469921875
2014,Annual,"Average (Temp, Ravenswood)",23.087825074914385
2014,Annual,"Max Day (Temp, Ravenswood)",37.9326171875
2014,Annual,"Avg Max (Temp, Ravenswood)",29.37845676369863
2014,Annual,"Days 37C 3h est (Temp, Ravenswood)",2.0
2014,Annual,"Days 40C 3h est (Temp, Ravenswood)",0.0
2014,Annual,"5-Day Avg Max (Temp, Ravenswood)",36.6248046875
2015,Annual,"Average (Temp, Ravenswood)",23.903504922945206
2015,Annual,"Max Day (Temp, Ravenswood)",36.869140625
2015,Annual,"Avg Max (Temp, Ravenswood)",30.35239726027397
2015,Annual,"Days 37C 3h est (Temp, Ravenswood)",0.0
2015,Annual,"Days 40C 3h est (Temp, Ravenswood)",0.0
2015,Annual,"5-Day Avg Max (Temp, Ravenswood)",35.8130859375
2016,Annual,"Average (Temp, Ravenswood)",24.349753457991802
2016,Annual,"Max Day (Temp, Ravenswood)",39.298828125
2016,Annual,"Avg Max (Temp, Ravenswood)",30.384474790812842
2016,Annual,"Days 37C 3h est (Temp, Ravenswood)",8.0
2016,Annual,"Days 40C 3h est (Temp, Ravenswood)",0.0
2016,Annual,"5-Day Avg Max (Temp, Ravenswood)",37.8689453125
2017,Annual,"Average (Temp, Ravenswood)",23.755815229023973
2017,Annual,"Max Day (Temp, Ravenswood)",38.548828125
2017,Annual,"Avg Max (Temp, Ravenswood)",30.068816887842466
2017,Annual,"Days 37C 3h est (Temp, Ravenswood)",2.0
2017,Annual,"Days 40C 3h est (Temp, Ravenswood)",0.0
2017,Annual,"5-Day Avg Max (Temp, Ravenswood)",35.9587890625
2018,Annual,"Average (Temp, Ravenswood)",23.63140517979452
2018,Annual,"Max Day (Temp, Ravenswood)",42.189453125
2018,Annual,"Avg Max (Temp, Ravenswood)",30.394212863869864
2018,Annual,"Days 37C 3h est (Temp, Ravenswood)",18.0
2018,Annual,"Days 40C 3h est (Temp, Ravenswood)",3.0
2018,Annual,"5-Day Avg Max (Temp, Ravenswood)",40.5291015625
2019,Annual,"Average (Temp, Ravenswood)",23.351965164811645
2019,Annual,"Max Day (Temp, Ravenswood)",39.15234375
2019,Annual,"Avg Max (Temp, Ravenswood)",30.00086419092466
2019,Annual,"Days 37C 3h est (Temp, Ravenswood)",16.0
2019,Annual,"Days 40C 3h est (Temp, Ravenswood)",0.0
2019,Annual,"5-Day Avg Max (Temp, Ravenswood)",37.88203125
2020,Annual,"Average (Temp, Ravenswood)",23.933390966530055
2020,Annual,"Max Day (Temp, Ravenswood)",38.3994140625
2020,Annual,"Avg Max (Temp, Ravenswood)",30.475524568818305
2020,Annual,"Days 37C 3h est (Temp, Ravenswood)",14.0
2020,Annual,"Days 40C 3h est (Temp, Ravenswood)",0.0
2020,Annual,"5-Day Avg Max (Temp, Ravenswood)",37.6330078125
2021,Annual,"Average (Temp, Ravenswood)",23.792699860873288
2021,Annual,"Max Day (Temp, Ravenswood)",36.982421875
2021,Annual,"Avg Max (Temp, Ravenswood)",29.95890678510274
2021,Annual,"Days 37C 3h est (Temp, Ravenswood)",0.0
2021,Annual,"Days 40C 3h est (Temp, Ravenswood)",0.0
2021,Annual,"5-Day Avg Max (Temp, Ravenswood)",35.676171875
2022,Annual,"Average (Temp, Ravenswood)",23.724368578767123
2022,Annual,"Max Day (Temp, Ravenswood)",39.298828125
2022,Annual,"Avg Max (Temp, Ravenswood)",29.99593589469178
2022,Annual,"Days 37C 3h est (Temp, Ravenswood)",17.0
2022,Annual,"Days 40C 3h est (Temp, Ravenswood)",0.0
2022,Annual,"5-Day Avg Max (Temp, Ravenswood)",38.66484375
2023,Annual,"Average (Temp, Ravenswood)",23.69371120505137
2023,Annual,"Max Day (Temp, Ravenswood)",38.029296875
2023,Annual,"Avg Max (Temp, Ravenswood)",30.319739940068494
2023,Annual,"Days 37C 3h est (Temp, Ravenswood)",3.0
2023,Annual,"Days 40C 3h est (Temp, Ravenswood)",0.0
2023,Annual,"5-Day Avg Max (Temp, Ravenswood)",37.1009765625
2024,Annual,"Average (Temp, Ravenswood)",23.8461580537056
2024,Annual,"Max Day (Temp, Ravenswood)",36.869140625
2024,Annual,"Avg Max (Temp, Ravenswood)",30.228318177937158
2024,Annual,"Days 37C 3h est (Temp, Ravenswood)",0.0
2024,Annual,"Days 40C 3h est (Temp, Ravenswood)",0.0
2024,Annual,"5-Day Avg Max (Temp, Ravenswood)",36.1109375
1971,DJF,"Average (Humidity, Ravenswood)",71.32628170607163
1971,MAM,"Average (Humidity, Ravenswood)",75.42712302858145
1971,JJA,"Average (Humidity, Ravenswood)",69.7289530853026
1971,SON,"Average (Humidity, Ravenswood)",60.975481969970595
1972,DJF,"Average (Humidity, Ravenswood)",69.05603028220713
1972,MAM,"Average (Humidity, Ravenswood)",68.088121463182
1972,JJA,"Average (Humidity, Ravenswood)",65.31570711157133
1972,SON,"Average (Humidity, Ravenswood)",59.993543099059224
1973,DJF,"Average (Humidity, Ravenswood)",67.51488822380462
1973,MAM,"Average (Humidity, Ravenswood)",74.07510828548524
1973,JJA,"Average (Humidity, Ravenswood)",71.42000418225521
1973,SON,"Average (Humidity, Ravenswood)",68.13028819833923
1974,DJF,"Average (Humidity, Ravenswood)",78.60085804749964
1974,MAM,"Average (Humidity, Ravenswood)",76.28711806985015
1974,JJA,"Average (Humidity, Ravenswood)",67.30042816370394
1974,SON,"Average (Humidity, Ravenswood)",62.035751633739785
1975,DJF,"Average (Humidity, Ravenswood)",70.47368346883918
1975,MAM,"Average (Humidity, Ravenswood)",73.01451220865964
1975,JJA,"Average (Humidity, Ravenswood)",68.02563356205238
1975,SON,"Average (Humidity, Ravenswood)",65.92803339279638
1976,DJF,"Average (Humidity, Ravenswood)",76.24456022722588
1976,MAM,"Average (Humidity, Ravenswood)",75.94695188431758
1976,JJA,"Average (Humidity, Ravenswood)",65.12985655860108
1976,SON,"Average (Humidity, Ravenswood)",64.09444806680756
1977,DJF,"Average (Humidity, Ravenswood)",70.2607716160944
1977,MAM,"Average (Humidity, Ravenswood)",75.22021364260924
1977,JJA,"Average (Humidity, Ravenswood)",66.12574994067636
1977,SON,"Average (Humidity, Ravenswood)",61.76686581818234
1978,DJF,"Average (Humidity, Ravenswood)",67.82402177376566
1978,MAM,"Average (Humidity, Ravenswood)",71.0096401793661
1978,JJA,"Average (Humidity, Ravenswood)",69.85061855624454
1978,SON,"Average (Humidity, Ravenswood)",65.69771654730481
1979,DJF,"Average (Humidity, Ravenswood)",70.68767321135236
1979,MAM,"Average (Humidity, Ravenswood)",72.2428758245475
1979,JJA,"Average (Humidity, Ravenswood)",69.51636749228483
1979,SON,"Average (Humidity, Ravenswood)",63.775400868133424
1980,DJF,"Average (Humidity, Ravenswood)",67.93411529314955
1980,MAM,"Average (Humidity, Ravenswood)",71.60235511861156
1980,JJA,"Average (Humidity, Ravenswood)",67.68397806341751
1980,SON,"Average (Humidity, Ravenswood)",63.834426205066165
1981,DJF,"Average (Humidity, Ravenswood)",73.3922894424778
1981,MAM,"Average (Humidity, Ravenswood)",72.89902699654569
1981,JJA,"Average (Humidity, Ravenswood)",70.86371142845286
1981,SON,"Average (Humidity, Ravenswood)",64.1346007465216
1982,DJF,"Average (Humidity, Ravenswood)",68.21989644716412
1982,MAM,"Average (Humidity, Ravenswood)",71.62838206241523
1982,JJA,"Average (Humidity, Ravenswood)",57.87231969800738
1982,SON,"Average (Humidity, Ravenswood)",57.24632611431169
1983,DJF,"Average (Humidity, Ravenswood)",61.407697234410534
1983,MAM,"Average (Humidity, Ravenswood)",72.68057574862497
1983,JJA,"Average (Humidity, Ravenswood)",67.76695696829697
1983,SON,"Average (Humidity, Ravenswood)",65.14164022133666
1984,DJF,"Average (Humidity, Ravenswood)",68.05347897700578
1984,MAM,"Average (Humidity, Ravenswood)",67.12457367181842
1984,JJA,"Average (Humidity, Ravenswood)",64.75665319330881
1984,SON,"Average (Humidity, Ravenswood)",61.05319784733859
1985,DJF,"Average (Humidity, Ravenswood)",63.88034859765232
1985,MAM,"Average (Humidity, Ravenswood)",71.0606806978911
1985,JJA,"Average (Humidity, Ravenswood)",68.05331819036891
1985,SON,"Average (Humidity, Ravenswood)",61.145963749519076
1986,DJF,"Average (Humidity, Ravenswood)",67.52667034762277
1986,MAM,"Average (Humidity, Ravenswood)",70.0261254926545
1986,JJA,"Average (Humidity, Ravenswood)",69.5550229915651
1986,SON,"Average (Humidity, Ravenswood)",63.21768931238945
1987,DJF,"Average (Humidity, Ravenswood)",66.48902598645601
1987,MAM,"Average (Humidity, Ravenswood)",69.83500129283176
1987,JJA,"Average (Humidity, Ravenswood)",64.43313139784271
1987,SON,"Average (Humidity, Ravenswood)",64.61882784296444
1988,DJF,"Average (Humidity, Ravenswood)",69.28241971532832
1988,MAM,"Average (Humidity, Ravenswood)",74.69419830742274
1988,JJA,"Average (Humidity, Ravenswood)",72.34382147320818
1988,SON,"Average (Humidity, Ravenswood)",62.80584072595449
1989,DJF,"Average (Humidity, Ravenswood)",71.50524097333461
1989,MAM,"Average (Humidity, Ravenswood)",78.85725226745106
1989,JJA,"Average (Humidity, Ravenswood)",74.07984880890827
1989,SON,"Average (Humidity, Ravenswood)",66.97779258427944
1990,DJF,"Average (Humidity, Ravenswood)",66.34832266575111
1990,MAM,"Average (Humidity, Ravenswood)",78.88960975181021
1990,JJA,"Average (Humidity, Ravenswood)",69.66846619610226
1990,SON,"Average (Humidity, Ravenswood)",62.420919336684804
1991,DJF,"Average (Humidity, Ravenswood)",76.95841286941744
1991,MAM,"Average (Humidity, Ravenswood)",73.26134500336468
1991,JJA,"Average (Humidity, Ravenswood)",72.31734073839844
1991,SON,"Average (Humidity, Ravenswood)",61.483414295170434
1992,DJF,"Average (Humidity, Ravenswood)",68.83702256298817
1992,MAM,"Average (Humidity, Ravenswood)",72.25482739024837
1992,JJA,"Average (Humidity, Ravenswood)",67.19171816550973
1992,SON,"Average (Humidity, Ravenswood)",59.50780670514848
1993,DJF,"Average (Humidity, Ravenswood)",72.69132407399886
1993,MAM,"Average (Humidity, Ravenswood)",70.19260971176382
1993,JJA,"Average (Humidity, Ravenswood)",69.64444924881954
1993,SON,"Average (Humidity, Ravenswood)",64.580139028359
1994,DJF,"Average (Humidity, Ravenswood)",66.26202784016502
1994,MAM,"Average (Humidity, Ravenswood)",67.7956142618942
1994,JJA,"Average (Humidity, Ravenswood)",62.42302414111691
1994,SON,"Average (Humidity, Ravenswood)",58.81169045259221
1995,DJF,"Average (Humidity, Ravenswood)",67.21140322756585
1995,MAM,"Average (Humidity, Ravenswood)",69.38185504540232
1995,JJA,"Average (Humidity, Ravenswood)",64.26084641061514
1995,SON,"Average (Humidity, Ravenswood)",65.11465516509524
1996,DJF,"Average (Humidity, Ravenswood)",66.91298442446585
1996,MAM,"Average (Humidity, Ravenswood)",67.74313013592233
1996,JJA,"Average (Humidity, Ravenswood)",66.76144213207904
1996,SON,"Average (Humidity, Ravenswood)",59.13044887165078
1997,DJF,"Average (Humidity, Ravenswood)",67.47830387126307
1997,MAM,"Average (Humidity, Ravenswood)",73.341676979948
1997,JJA,"Average (Humidity, Ravenswood)",68.07350481161372
1997,SON,"Average (Humidity, Ravenswood)",63.26536443202308
1998,DJF,"Average (Humidity, Ravenswood)",74.0900295411383
1998,MAM,"Average (Humidity, Ravenswood)",74.70489953935257
1998,JJA,"Average (Humidity, Ravenswood)",72.76082038358012
1998,SON,"Average (Humidity, Ravenswood)",73.5664699295466
1999,DJF,"Average (Humidity, Ravenswood)",74.62467614389772
1999,MAM,"Average (Humidity, Ravenswood)",77.38985972392456
1999,JJA,"Average (Humidity, Ravenswood)",69.41870670203669
1999,SON,"Average (Humidity, Ravenswood)",65.20083927576543
2000,DJF,"Average (Humidity, Ravenswood)",72.49908704121266
2000,MAM,"Average (Humidity, Ravenswood)",78.35103285615713
2000,JJA,"Average (Humidity, Ravenswood)",71.1225519030583
2000,SON,"Average (Humidity, Ravenswood)",68.51617764000142
2001,DJF,"Average (Humidity, Ravenswood)",74.88330625216688
2001,MAM,"Average (Humidity, Ravenswood)",69.81507987702956
2001,JJA,"Average (Humidity, Ravenswood)",67.02967310745726
2001,SON,"Average (Humidity, Ravenswood)",60.9949528702934
2002,DJF,"Average (Humidity, Ravenswood)",68.96953444906907
2002,MAM,"Average (Humidity, Ravenswood)",69.91722951732811
2002,JJA,"Average (Humidity, Ravenswood)",67.83630939217501
2002,SON,"Average (Humidity, Ravenswood)",59.15704522414536
2003,DJF,"Average (Humidity, Ravenswood)",64.92364678431368
2003,MAM,"Average (Humidity, Ravenswood)",71.76994096382722
2003,JJA,"Average (Humidity, Ravenswood)",67.056413705545
2003,SON,"Average (Humidity, Ravenswood)",54.31820193130622
2004,DJF,"Average (Humidity, Ravenswood)",70.64557801187946
2004,MAM,"Average (Humidity, Ravenswood)",69.33084625752245
2004,JJA,"Average (Humidity, Ravenswood)",61.13736223563587
2004,SON,"Average (Humidity, Ravenswood)",59.216522244837094
2005,DJF,"Average (Humidity, Ravenswood)",67.00166649641392
2005,MAM,"Average (Humidity, Ravenswood)",65.82528605281897
2005,JJA,"Average (Humidity, Ravenswood)",70.21631254738354
2005,SON,"Average (Humidity, Ravenswood)",62.69986331671739
2006,DJF,"Average (Humidity, Ravenswood)",66.50366930911134
2006,MAM,"Average (Humidity, Ravenswood)",76.69053825486083
2006,JJA,"Average (Humidity, Ravenswood)",69.48292863643276
2006,SON,"Average (Humidity, Ravenswood)",58.675787699410876
2007,DJF,"Average (Humidity, Ravenswood)",70.11761032581988
2007,MAM,"Average (Humidity, Ravenswood)",72.1690938153468
2007,JJA,"Average (Humidity, Ravenswood)",69.16532495005518
2007,SON,"Average (Humidity, Ravenswood)",64.49375966817063
2008,DJF,"Average (Humidity, Ravenswood)",74.35986008730018
2008,MAM,"Average (Humidity, Ravenswood)",69.65816066245205
2008,JJA,"Average (Humidity, Ravenswood)",69.97035077539952
2008,SON,"Average (Humidity, Ravenswood)",64.52887877683192
2009,DJF,"Average (Humidity, Ravenswood)",75.53400840376081
2009,MAM,"Average (Humidity, Ravenswood)",72.54766717416672
2009,JJA,"Average (Humidity, Ravenswood)",66.21577039829563
2009,SON,"Average (Humidity, Ravenswood)",57.028336780633275
2010,DJF,"Average (Humidity, Ravenswood)",69.9916106814711
2010,MAM,"Average (Humidity, Ravenswood)",74.03803947217568
2010,JJA,"Average (Humidity, Ravenswood)",69.50596658584212
2010,SON,"Average (Humidity, Ravenswood)",72.02248258926733
2011,DJF,"Average (Humidity, Ravenswood)",76.51360792862977
2011,MAM,"Average (Humidity, Ravenswood)",75.6099706924587
2011,JJA,"Average (Humidity, Ravenswood)",69.452294878166
2011,SON,"Average (Humidity, Ravenswood)",60.96841110284892
2012,DJF,"Average (Humidity, Ravenswood)",71.56693660084288
2012,MAM,"Average (Humidity, Ravenswood)",74.45176148304496
2012,JJA,"Average (Humidity, Ravenswood)",72.22681875806386
2012,SON,"Average (Humidity, Ravenswood)",62.28235579491462
2013,DJF,"Average (Humidity, Ravenswood)",66.62145316003723
2013,MAM,"Average (Humidity, Ravenswood)",75.64879193342756
2013,JJA,"Average (Humidity, Ravenswood)",68.6766522842661
2013,SON,"Average (Humidity, Ravenswood)",61.20749097067385
2014,DJF,"Average (Humidity, Ravenswood)",64.0351760424276
2014,MAM,"Average (Humidity, Ravenswood)",73.2574679481216
2014,JJA,"Average (Humidity, Ravenswood)",65.21107167726717
2014,SON,"Average (Humidity, Ravenswood)",59.147881434722784
2015,DJF,"Average (Humidity, Ravenswood)",65.3087916000914
2015,MAM,"Average (Humidity, Ravenswood)",62.61978281012966
2015,JJA,"Average (Humidity, Ravenswood)",63.12729105571981
2015,SON,"Average (Humidity, Ravenswood)",57.95073935388305
2016,DJF,"Average (Humidity, Ravenswood)",56.82241105614166
2016,MAM,"Average (Humidity, Ravenswood)",73.3926738653869
2016,JJA,"Average (Humidity, Ravenswood)",97.60715159487619
2016,SON,"Average (Humidity, Ravenswood)",79.34049246133928
2017,DJF,"Average (Humidity, Ravenswood)",67.79334480758448
2017,MAM,"Average (Humidity, Ravenswood)",70.0152616941652
2017,JJA,"Average (Humidity, Ravenswood)",66.92190287995352
2017,SON,"Average (Humidity, Ravenswood)",63.38578451702025
2018,DJF,"Average (Humidity, Ravenswood)",64.40610782804148
2018,MAM,"Average (Humidity, Ravenswood)",70.98383593873572
2018,JJA,"Average (Humidity, Ravenswood)",61.61206576857625
2018,SON,"Average (Humidity, Ravenswood)",56.022186284404135
2019,DJF,"Average (Humidity, Ravenswood)",70.26250081550856
2019,MAM,"Average (Humidity, Ravenswood)",73.90851802402642
2019,JJA,"Average (Humidity, Ravenswood)",64.04613732968059
2019,SON,"Average (Humidity, Ravenswood)",55.366656284350746
2020,DJF,"Average (Humidity, Ravenswood)",64.75983525284282
2020,MAM,"Average (Humidity, Ravenswood)",72.08505466837784
2020,JJA,"Average (Humidity, Ravenswood)",64.91655653116227
2020,SON,"Average (Humidity, Ravenswood)",59.91231040079576
2021,DJF,"Average (Humidity, Ravenswood)",72.34041908784273
2021,MAM,"Average (Humidity, Ravenswood)",74.28568439445813
2021,JJA,"Average (Humidity, Ravenswood)",65.81907759007117
2021,SON,"Average (Humidity, Ravenswood)",62.16304329776144
2022,DJF,"Average (Humidity, Ravenswood)",68.36380264655773
2022,MAM,"Average (Humidity, Ravenswood)",72.32052788685577
2022,JJA,"Average (Humidity, Ravenswood)",70.65788925436796
2022,SON,"Average (Humidity, Ravenswood)",66.65889709561672
2023,DJF,"Average (Humidity, Ravenswood)",73.30851072754075
2023,MAM,"Average (Humidity, Ravenswood)",71.3187483190296
2023,JJA,"Average (Humidity, Ravenswood)",71.31809039836068
2023,SON,"Average (Humidity, Ravenswood)",61.25688363916186
2024,DJF,"Average (Humidity, Ravenswood)",72.89201834698275
2024,MAM,"Average (Humidity, Ravenswood)",74.04789900090417
2024,JJA,"Average (Humidity, Ravenswood)",68.75439589254302
2024,SON,"Average (Humidity, Ravenswood)",62.25863912988999
2025,DJF,"Average (Humidity, Ravenswood)",73.38195486651372
1971,Annual,"Average (Humidity, Ravenswood)",68.79999323572801
1972,Annual,"Average (Humidity, Ravenswood)",65.16795533243801
1973,Annual,"Average (Humidity, Ravenswood)",71.52881078272766
1974,Annual,"Average (Humidity, Ravenswood)",70.25939071786226
1975,Annual,"Average (Humidity, Ravenswood)",70.47929875970412
1976,Annual,"Average (Humidity, Ravenswood)",69.80032738036785
1977,Annual,"Average (Humidity, Ravenswood)",67.66097644327763
1978,Annual,"Average (Humidity, Ravenswood)",69.13057080789908
1979,Annual,"Average (Humidity, Ravenswood)",68.45171367469943
1980,Annual,"Average (Humidity, Ravenswood)",67.96261880624388
1981,Annual,"Average (Humidity, Ravenswood)",70.68356074419286
1982,Annual,"Average (Humidity, Ravenswood)",62.976024199956655
1983,Annual,"Average (Humidity, Ravenswood)",66.90094955840378
1984,Annual,"Average (Humidity, Ravenswood)",65.54567680181997
1985,Annual,"Average (Humidity, Ravenswood)",66.13531676561033
1986,Annual,"Average (Humidity, Ravenswood)",67.6178803783199
1987,Annual,"Average (Humidity, Ravenswood)",66.74350249159372
1988,Annual,"Average (Humidity, Ravenswood)",69.78436256213868
1989,Annual,"Average (Humidity, Ravenswood)",72.97859401908647
1990,Annual,"Average (Humidity, Ravenswood)",69.48122563689422
1991,Annual,"Average (Humidity, Ravenswood)",70.62828025538002
1992,Annual,"Average (Humidity, Ravenswood)",67.1155604519764
1993,Annual,"Average (Humidity, Ravenswood)",68.8432578995719
1994,Annual,"Average (Humidity, Ravenswood)",63.79380643849206
1995,Annual,"Average (Humidity, Ravenswood)",66.4491552263464
1996,Annual,"Average (Humidity, Ravenswood)",65.07734529990203
1997,Annual,"Average (Humidity, Ravenswood)",68.7081605359916
1998,Annual,"Average (Humidity, Ravenswood)",73.88766859098683
1999,Annual,"Average (Humidity, Ravenswood)",71.3093881596892
2000,Annual,"Average (Humidity, Ravenswood)",73.36157330808672
2001,Annual,"Average (Humidity, Ravenswood)",67.06361076169624
2002,Annual,"Average (Humidity, Ravenswood)",66.15854801673956
2003,Annual,"Average (Humidity, Ravenswood)",64.97599093230076
2004,Annual,"Average (Humidity, Ravenswood)",65.18852906474463
2005,Annual,"Average (Humidity, Ravenswood)",65.94357829063212
2006,Annual,"Average (Humidity, Ravenswood)",68.14284581419177
2007,Annual,"Average (Humidity, Ravenswood)",69.31742106241315
2008,Annual,"Average (Humidity, Ravenswood)",69.5877694589983
2009,Annual,"Average (Humidity, Ravenswood)",67.34984704767481
2010,Annual,"Average (Humidity, Ravenswood)",72.86601672909254
2011,Annual,"Average (Humidity, Ravenswood)",69.75849414727139
2012,Annual,"Average (Humidity, Ravenswood)",69.55133676339166
2013,Annual,"Average (Humidity, Ravenswood)",67.73325508113948
2014,Annual,"Average (Humidity, Ravenswood)",65.72447641359963
2015,Annual,"Average (Humidity, Ravenswood)",62.10472007171615
2016,Annual,"Average (Humidity, Ravenswood)",77.59596721489022
2017,Annual,"Average (Humidity, Ravenswood)",66.49952948114367
2018,Annual,"Average (Humidity, Ravenswood)",63.93600250709075
2019,Annual,"Average (Humidity, Ravenswood)",64.7094201833387
2020,Annual,"Average (Humidity, Ravenswood)",66.18773701909285
2021,Annual,"Average (Humidity, Ravenswood)",68.9504262503514
2022,Annual,"Average (Humidity, Ravenswood)",69.50007643775297
2023,Annual,"Average (Humidity, Ravenswood)",69.36823147195126
2024,Annual,"Average (Humidity, Ravenswood)",69.90220912390076
1971,DJF,"Average (VPD, Ravenswood)",1.0714407262517032
1971,MAM,"Average (VPD, Ravenswood)",0.6521248296657601
1971,JJA,"Average (VPD, Ravenswood)",0.5954111307333038
1971,SON,"Average (VPD, Ravenswood)",1.2776413912167839
1972,DJF,"Average (VPD, Ravenswood)",1.1236232676202138
1972,MAM,"Average (VPD, Ravenswood)",0.848235721476532
1972,JJA,"Average (VPD, Ravenswood)",0.6858671363310469
1972,SON,"Average (VPD, Ravenswood)",1.186294988859612
1973,DJF,"Average (VPD, Ravenswood)",1.1848655541085291
1973,MAM,"Average (VPD, Ravenswood)",0.7744456622788477
1973,JJA,"Average (VPD, Ravenswood)",0.6553860487695318
1973,SON,"Average (VPD, Ravenswood)",0.9606490978225026
1974,DJF,"Average (VPD, Ravenswood)",0.7417533308323304
1974,MAM,"Average (VPD, Ravenswood)",0.66672063964413
1974,JJA,"Average (VPD, Ravenswood)",0.632436421715928
1974,SON,"Average (VPD, Ravenswood)",1.1106064516856144
1975,DJF,"Average (VPD, Ravenswood)",1.0290637112709904
1975,MAM,"Average (VPD, Ravenswood)",0.7651990166724684
1975,JJA,"Average (VPD, Ravenswood)",0.680319534386791
1975,SON,"Average (VPD, Ravenswood)",1.0280110357172858
1976,DJF,"Average (VPD, Ravenswood)",0.8123436556896735
1976,MAM,"Average (VPD, Ravenswood)",0.689003174335436
1976,JJA,"Average (VPD, Ravenswood)",0.6708836239284434
1976,SON,"Average (VPD, Ravenswood)",1.067950372431392
1977,DJF,"Average (VPD, Ravenswood)",1.079254603292508
1977,MAM,"Average (VPD, Ravenswood)",0.7070107262427262
1977,JJA,"Average (VPD, Ravenswood)",0.629003605068769
1977,SON,"Average (VPD, Ravenswood)",1.0666948944551522
1978,DJF,"Average (VPD, Ravenswood)",1.1492636294349348
1978,MAM,"Average (VPD, Ravenswood)",0.8255579175052946
1978,JJA,"Average (VPD, Ravenswood)",0.5933665728931762
1978,SON,"Average (VPD, Ravenswood)",0.9568570406475047
1979,DJF,"Average (VPD, Ravenswood)",1.0524800073070357
1979,MAM,"Average (VPD, Ravenswood)",0.7596960305942887
1979,JJA,"Average (VPD, Ravenswood)",0.6108746575983114
1979,SON,"Average (VPD, Ravenswood)",1.091338983382415
1980,DJF,"Average (VPD, Ravenswood)",1.218078400683652
1980,MAM,"Average (VPD, Ravenswood)",0.8231232596590176
1980,JJA,"Average (VPD, Ravenswood)",0.6537901008433215
1980,SON,"Average (VPD, Ravenswood)",1.0991073540000795
1981,DJF,"Average (VPD, Ravenswood)",0.9376184784642514
1981,MAM,"Average (VPD, Ravenswood)",0.7932932656253214
1981,JJA,"Average (VPD, Ravenswood)",0.5950764116875112
1981,SON,"Average (VPD, Ravenswood)",1.0372406991537229
1982,DJF,"Average (VPD, Ravenswood)",1.2272859714983586
1982,MAM,"Average (VPD, Ravenswood)",0.8273897787856336
1982,JJA,"Average (VPD, Ravenswood)",0.7741362948437035
1982,SON,"Average (VPD, Ravenswood)",1.2113637670085857
1983,DJF,"Average (VPD, Ravenswood)",1.4614245877465828
1983,MAM,"Average (VPD, Ravenswood)",0.8535636993249587
1983,JJA,"Average (VPD, Ravenswood)",0.6362642988785701
1983,SON,"Average (VPD, Ravenswood)",1.107914146788948
1984,DJF,"Average (VPD, Ravenswood)",1.11195620104626
1984,MAM,"Average (VPD, Ravenswood)",0.9477201527612288
1984,JJA,"Average (VPD, Ravenswood)",0.7079735750150072
1984,SON,"Average (VPD, Ravenswood)",1.1554330107569806
1985,DJF,"Average (VPD, Ravenswood)",1.4198533489754108
1985,MAM,"Average (VPD, Ravenswood)",0.8340317452931771
1985,JJA,"Average (VPD, Ravenswood)",0.6046953535155425
1985,SON,"Average (VPD, Ravenswood)",1.126128047554293
1986,DJF,"Average (VPD, Ravenswood)",1.250210254880668
1986,MAM,"Average (VPD, Ravenswood)",0.8978199422108599
1986,JJA,"Average (VPD, Ravenswood)",0.6461219311694858
1986,SON,"Average (VPD, Ravenswood)",1.1511083615951208
1987,DJF,"Average (VPD, Ravenswood)",1.3009186023652992
1987,MAM,"Average (VPD, Ravenswood)",0.9125228953551898
1987,JJA,"Average (VPD, Ravenswood)",0.7564674056998987
1987,SON,"Average (VPD, Ravenswood)",1.1384927552143589
1988,DJF,"Average (VPD, Ravenswood)",1.1505987176639525
1988,MAM,"Average (VPD, Ravenswood)",0.7328642227728999
1988,JJA,"Average (VPD, Ravenswood)",0.5793060068086967
1988,SON,"Average (VPD, Ravenswood)",1.2019490351891247
1989,DJF,"Average (VPD, Ravenswood)",1.0104773225018489
1989,MAM,"Average (VPD, Ravenswood)",0.6325731022473009
1989,JJA,"Average (VPD, Ravenswood)",0.4848062629782098
1989,SON,"Average (VPD, Ravenswood)",0.9829374580015293
1990,DJF,"Average (VPD, Ravenswood)",1.2475545186950865
1990,MAM,"Average (VPD, Ravenswood)",0.6092031140994058
1990,JJA,"Average (VPD, Ravenswood)",0.5827161496109993
1990,SON,"Average (VPD, Ravenswood)",1.075366254507152
1991,DJF,"Average (VPD, Ravenswood)",0.8265501941116166
1991,MAM,"Average (VPD, Ravenswood)",0.7555876231919944
1991,JJA,"Average (VPD, Ravenswood)",0.5664984658787098
1991,SON,"Average (VPD, Ravenswood)",1.1585920992717735
1992,DJF,"Average (VPD, Ravenswood)",1.2200860963432805
1992,MAM,"Average (VPD, Ravenswood)",0.8470757419518391
1992,JJA,"Average (VPD, Ravenswood)",0.6798624143319665
1992,SON,"Average (VPD, Ravenswood)",1.2579845353027865
1993,DJF,"Average (VPD, Ravenswood)",0.9635372960115199
1993,MAM,"Average (VPD, Ravenswood)",0.8788320818033383
1993,JJA,"Average (VPD, Ravenswood)",0.6616067532075357
1993,SON,"Average (VPD, Ravenswood)",1.105433937846333
1994,DJF,"Average (VPD, Ravenswood)",1.3061044223571852
1994,MAM,"Average (VPD, Ravenswood)",0.8806449393485937
1994,JJA,"Average (VPD, Ravenswood)",0.7465523034915813
1994,SON,"Average (VPD, Ravenswood)",1.252440562772051
1995,DJF,"Average (VPD, Ravenswood)",1.2124711105053416
1995,MAM,"Average (VPD, Ravenswood)",0.9334881759275249
1995,JJA,"Average (VPD, Ravenswood)",0.7334736884231879
1995,SON,"Average (VPD, Ravenswood)",1.0613153113004299
1996,DJF,"Average (VPD, Ravenswood)",1.24006039828322
1996,MAM,"Average (VPD, Ravenswood)",0.9904415024517358
1996,JJA,"Average (VPD, Ravenswood)",0.6938424145434396
1996,SON,"Average (VPD, Ravenswood)",1.2362724054392937
1997,DJF,"Average (VPD, Ravenswood)",1.207527106942312
1997,MAM,"Average (VPD, Ravenswood)",0.7243687605700629
1997,JJA,"Average (VPD, Ravenswood)",0.6379337595392868
1997,SON,"Average (VPD, Ravenswood)",1.1310236135050942
1998,DJF,"Average (VPD, Ravenswood)",0.9735570698954938
1998,MAM,"Average (VPD, Ravenswood)",0.7629465498218141
1998,JJA,"Average (VPD, Ravenswood)",0.5768799742485757
1998,SON,"Average (VPD, Ravenswood)",0.8105504182117924
1999,DJF,"Average (VPD, Ravenswood)",0.911463241262916
1999,MAM,"Average (VPD, Ravenswood)",0.636961487605573
1999,JJA,"Average (VPD, Ravenswood)",0.615844583009177
1999,SON,"Average (VPD, Ravenswood)",1.0230059456254923
2000,DJF,"Average (VPD, Ravenswood)",0.9402953331121631
2000,MAM,"Average (VPD, Ravenswood)",0.5929874023132375
2000,JJA,"Average (VPD, Ravenswood)",0.5488367429347825
2000,SON,"Average (VPD, Ravenswood)",0.911150811527329
2001,DJF,"Average (VPD, Ravenswood)",0.8296947031135161
2001,MAM,"Average (VPD, Ravenswood)",0.8395089928559504
2001,JJA,"Average (VPD, Ravenswood)",0.6755922922087972
2001,SON,"Average (VPD, Ravenswood)",1.2453809656021955
2002,DJF,"Average (VPD, Ravenswood)",1.2359021359848625
2002,MAM,"Average (VPD, Ravenswood)",0.889120101430701
2002,JJA,"Average (VPD, Ravenswood)",0.6314042359445239
2002,SON,"Average (VPD, Ravenswood)",1.2524718555855896
2003,DJF,"Average (VPD, Ravenswood)",1.3238386902641266
2003,MAM,"Average (VPD, Ravenswood)",0.8178325213202234
2003,JJA,"Average (VPD, Ravenswood)",0.713774023305398
2003,SON,"Average (VPD, Ravenswood)",1.4422380844308582
2004,DJF,"Average (VPD, Ravenswood)",1.1181701092851364
2004,MAM,"Average (VPD, Ravenswood)",0.9107962338920437
2004,JJA,"Average (VPD, Ravenswood)",0.7750551112969302
2004,SON,"Average (VPD, Ravenswood)",1.2564651311653878
2005,DJF,"Average (VPD, Ravenswood)",1.2279204744692132
2005,MAM,"Average (VPD, Ravenswood)",0.9785015674016542
2005,JJA,"Average (VPD, Ravenswood)",0.6338778384755962
2005,SON,"Average (VPD, Ravenswood)",1.2009251325358294
2006,DJF,"Average (VPD, Ravenswood)",1.3118522509423431
2006,MAM,"Average (VPD, Ravenswood)",0.6858423897772191
2006,JJA,"Average (VPD, Ravenswood)",0.6098824474629883
2006,SON,"Average (VPD, Ravenswood)",1.1785745714317404
2007,DJF,"Average (VPD, Ravenswood)",1.0542899055426775
2007,MAM,"Average (VPD, Ravenswood)",0.8358991090836949
2007,JJA,"Average (VPD, Ravenswood)",0.5819148553883513
2007,SON,"Average (VPD, Ravenswood)",1.081554763744917
2008,DJF,"Average (VPD, Ravenswood)",0.9267684716477513
2008,MAM,"Average (VPD, Ravenswood)",0.8087032013570845
2008,JJA,"Average (VPD, Ravenswood)",0.5850573607773212
2008,SON,"Average (VPD, Ravenswood)",1.100765125407673
2009,DJF,"Average (VPD, Ravenswood)",0.8969968508910229
2009,MAM,"Average (VPD, Ravenswood)",0.7786802668257454
2009,JJA,"Average (VPD, Ravenswood)",0.7146599583879015
2009,SON,"Average (VPD, Ravenswood)",1.3059693090286328
2010,DJF,"Average (VPD, Ravenswood)",1.1084662708612103
2010,MAM,"Average (VPD, Ravenswood)",0.7353441709344968
2010,JJA,"Average (VPD, Ravenswood)",0.655562345109811
2010,SON,"Average (VPD, Ravenswood)",0.8231938010848668
2011,DJF,"Average (VPD, Ravenswood)",0.8250623837540639
2011,MAM,"Average (VPD, Ravenswood)",0.6236240147642425
2011,JJA,"Average (VPD, Ravenswood)",0.5809748687172283
2011,SON,"Average (VPD, Ravenswood)",1.145410240713962
2012,DJF,"Average (VPD, Ravenswood)",1.0268579579247321
2012,MAM,"Average (VPD, Ravenswood)",0.6951533190844196
2012,JJA,"Average (VPD, Ravenswood)",0.5169001017844821
2012,SON,"Average (VPD, Ravenswood)",1.0898009510714377
2013,DJF,"Average (VPD, Ravenswood)",1.2372878374196323
2013,MAM,"Average (VPD, Ravenswood)",0.6890700976147176
2013,JJA,"Average (VPD, Ravenswood)",0.668271202895392
2013,SON,"Average (VPD, Ravenswood)",1.2299183653263879
2014,DJF,"Average (VPD, Ravenswood)",1.300179345323264
2014,MAM,"Average (VPD, Ravenswood)",0.7569679080801575
2014,JJA,"Average (VPD, Ravenswood)",0.694083855432414
2014,SON,"Average (VPD, Ravenswood)",1.2275591777139987
2015,DJF,"Average (VPD, Ravenswood)",1.323425032873815
2015,MAM,"Average (VPD, Ravenswood)",1.1273089938229577
2015,JJA,"Average (VPD, Ravenswood)",0.7940579014317264
2015,SON,"Average (VPD, Ravenswood)",1.2851842721615243
2016,DJF,"Average (VPD, Ravenswood)",1.6813793333275693
2016,MAM,"Average (VPD, Ravenswood)",0.8589459710056956
2016,JJA,"Average (VPD, Ravenswood)",0.06352839967318943
2016,SON,"Average (VPD, Ravenswood)",0.7008575990435176
2017,DJF,"Average (VPD, Ravenswood)",1.2286739529430277
2017,MAM,"Average (VPD, Ravenswood)",0.8936093759504431
2017,JJA,"Average (VPD, Ravenswood)",0.7189177620171495
2017,SON,"Average (VPD, Ravenswood)",1.1170628752031337
2018,DJF,"Average (VPD, Ravenswood)",1.3368870924423089
2018,MAM,"Average (VPD, Ravenswood)",0.8116973587341624
2018,JJA,"Average (VPD, Ravenswood)",0.8024819580013118
2018,SON,"Average (VPD, Ravenswood)",1.4482847067489957
2019,DJF,"Average (VPD, Ravenswood)",1.0920364693911728
2019,MAM,"Average (VPD, Ravenswood)",0.7542598832088031
2019,JJA,"Average (VPD, Ravenswood)",0.7294071240895942
2019,SON,"Average (VPD, Ravenswood)",1.3688537109371604
2020,DJF,"Average (VPD, Ravenswood)",1.413257700873642
2020,MAM,"Average (VPD, Ravenswood)",0.8113286095819098
2020,JJA,"Average (VPD, Ravenswood)",0.7391742384967613
2020,SON,"Average (VPD, Ravenswood)",1.2883443903987806
2021,DJF,"Average (VPD, Ravenswood)",1.031892344949871
2021,MAM,"Average (VPD, Ravenswood)",0.7380408870101421
2021,JJA,"Average (VPD, Ravenswood)",0.7552756779074383
2021,SON,"Average (VPD, Ravenswood)",1.217573851374191
2022,DJF,"Average (VPD, Ravenswood)",1.212976056539801
2022,MAM,"Average (VPD, Ravenswood)",0.9279170471455158
2022,JJA,"Average (VPD, Ravenswood)",0.5705955541371902
2022,SON,"Average (VPD, Ravenswood)",1.0746082808273425
2023,DJF,"Average (VPD, Ravenswood)",0.9347582900570433
2023,MAM,"Average (VPD, Ravenswood)",0.821357336537
2023,JJA,"Average (VPD, Ravenswood)",0.6489332876178363
2023,SON,"Average (VPD, Ravenswood)",1.1945817223987134
2024,DJF,"Average (VPD, Ravenswood)",1.0311392013984662
2024,MAM,"Average (VPD, Ravenswood)",0.7604685768645488
2024,JJA,"Average (VPD, Ravenswood)",0.6496373610996113
2024,SON,"Average (VPD, Ravenswood)",1.2176233950750197
2025,DJF,"Average (VPD, Ravenswood)",0.9970920850676774
1971,Annual,"Average (VPD, Ravenswood)",0.9187197267525419
1972,Annual,"Average (VPD, Ravenswood)",0.9685941221912925
1973,Annual,"Average (VPD, Ravenswood)",0.849903373294214
1974,Annual,"Average (VPD, Ravenswood)",0.814713101627914
1975,Annual,"Average (VPD, Ravenswood)",0.8313024962609864
1976,Annual,"Average (VPD, Ravenswood)",0.8381434037759468
1977,Annual,"Average (VPD, Ravenswood)",0.8886867567905216
1978,Annual,"Average (VPD, Ravenswood)",0.8628385486563966
1979,Annual,"Average (VPD, Ravenswood)",0.9048003328608644
1980,Annual,"Average (VPD, Ravenswood)",0.9336848415598419
1981,Annual,"Average (VPD, Ravenswood)",0.8343280812150976
1982,Annual,"Average (VPD, Ravenswood)",1.0338142878305212
1983,Annual,"Average (VPD, Ravenswood)",0.9962480596176728
1984,Annual,"Average (VPD, Ravenswood)",0.9877708445658678
1985,Annual,"Average (VPD, Ravenswood)",0.9893712098012112
1986,Annual,"Average (VPD, Ravenswood)",0.981499634673471
1987,Annual,"Average (VPD, Ravenswood)",1.0044854108789683
1988,Annual,"Average (VPD, Ravenswood)",0.9119687504455264
1989,Annual,"Average (VPD, Ravenswood)",0.770218303506443
1990,Annual,"Average (VPD, Ravenswood)",0.8778720945328952
1991,Annual,"Average (VPD, Ravenswood)",0.8420505191416807
1992,Annual,"Average (VPD, Ravenswood)",0.9891295413198874
1993,Annual,"Average (VPD, Ravenswood)",0.9175303616209279
1994,Annual,"Average (VPD, Ravenswood)",1.0431171880434424
1995,Annual,"Average (VPD, Ravenswood)",0.9968088713783121
1996,Annual,"Average (VPD, Ravenswood)",1.0409820272222297
1997,Annual,"Average (VPD, Ravenswood)",0.89599162462952
1998,Annual,"Average (VPD, Ravenswood)",0.7680990488391725
1999,Annual,"Average (VPD, Ravenswood)",0.8026694504788818
2000,Annual,"Average (VPD, Ravenswood)",0.7208280887629938
2001,Annual,"Average (VPD, Ravenswood)",0.9601703954971799
2002,Annual,"Average (VPD, Ravenswood)",1.0057281600353403
2003,Annual,"Average (VPD, Ravenswood)",1.0538969777890557
2004,Annual,"Average (VPD, Ravenswood)",1.0096420777621742
2005,Annual,"Average (VPD, Ravenswood)",1.0369449590607247
2006,Annual,"Average (VPD, Ravenswood)",0.9139156427513148
2007,Annual,"Average (VPD, Ravenswood)",0.8818075388741453
2008,Annual,"Average (VPD, Ravenswood)",0.8617637019728869
2009,Annual,"Average (VPD, Ravenswood)",0.9362867511911135
2010,Annual,"Average (VPD, Ravenswood)",0.771143734559779
2011,Annual,"Average (VPD, Ravenswood)",0.8244852794725397
2012,Annual,"Average (VPD, Ravenswood)",0.8546150247394424
2013,Annual,"Average (VPD, Ravenswood)",0.9637032766534578
2014,Annual,"Average (VPD, Ravenswood)",0.990828231229971
2015,Annual,"Average (VPD, Ravenswood)",1.1316710580846556
2016,Annual,"Average (VPD, Ravenswood)",0.7980097941650371
2017,Annual,"Average (VPD, Ravenswood)",1.0053996151253974
2018,Annual,"Average (VPD, Ravenswood)",1.0736128938829794
2019,Annual,"Average (VPD, Ravenswood)",1.0375677462490167
2020,Annual,"Average (VPD, Ravenswood)",1.031110790929286
2021,Annual,"Average (VPD, Ravenswood)",0.9172063429633871
2022,Annual,"Average (VPD, Ravenswood)",0.9373057633936014
2023,Annual,"Average (VPD, Ravenswood)",0.904956361116312
2024,Annual,"Average (VPD, Ravenswood)",0.8971138818928959
1971,DJF,"Max Day (Rain, Australia)",5.05330228805542
1971,DJF,"Min Day (Rain, Australia)",0.37543731927871704
1971,DJF,"Total (Rain, Australia)",119.07235664129257
1971,DJF,"R10mm (Rain, Australia)",0.0
1971,DJF,"R20mm (Rain, Australia)",0.0
1971,DJF,"Max 5-Day (Rain, Australia)",22.04913902282715
1971,DJF,"Min 5-Day (Rain, Australia)",2.4209569096565247
1971,DJF,"CDD (Rain, Australia)",14.0
1971,MAM,"Max Day (Rain, Australia)",5.027923107147217
1971,MAM,"Min Day (Rain, Australia)",0.24201102554798126
1971,MAM,"Total (Rain, Australia)",154.7829000800848
1971,MAM,"R10mm (Rain, Australia)",0.0
1971,MAM,"R20mm (Rain, Australia)",0.0
1971,MAM,"Max 5-Day (Rain, Australia)",22.441081523895264
1971,MAM,"Min 5-Day (Rain, Australia)",1.8077426701784134
1971,MAM,"CDD (Rain, Australia)",15.0
1971,JJA,"Max Day (Rain, Australia)",2.762023448944092
1971,JJA,"Min Day (Rain, Australia)",0.13324753940105438
1971,JJA,"Total (Rain, Australia)",75.24542036652565
1971,JJA,"R10mm (Rain, Australia)",0.0
1971,JJA,"R20mm (Rain, Australia)",0.0
1971,JJA,"Max 5-Day (Rain, Australia)",9.488407015800476
1971,JJA,"Min 5-Day (Rain, Australia)",1.2982581853866577
1971,JJA,"CDD (Rain, Australia)",13.0
1971,SON,"Max Day (Rain, Australia)",2.109645128250122
1971,SON,"Min Day (Rain, Australia)",0.13283464312553406
1971,SON,"Total (Rain, Australia)",69.83371415734291
1971,SON,"R10mm (Rain, Australia)",0.0
1971,SON,"R20mm (Rain, Australia)",0.0
1971,SON,"Max 5-Day (Rain, Australia)",6.860783398151398
1971,SON,"Min 5-Day (Rain, Australia)",1.666920691728592
1971,SON,"CDD (Rain, Australia)",37.0
1972,DJF,"Max Day (Rain, Australia)",5.094993591308594
1972,DJF,"Min Day (Rain, Australia)",0.4242587387561798
1972,DJF,"Total (Rain, Australia)",177.4381058216095
1972,DJF,"R10mm (Rain, Australia)",0.0
1972,DJF,"R20mm (Rain, Australia)",0.0
1972,DJF,"Max 5-Day (Rain, Australia)",20.900662899017334
1972,DJF,"Min 5-Day (Rain, Australia)",2.6227976977825165
1972,DJF,"CDD (Rain, Australia)",5.0
1972,MAM,"Max Day (Rain, Australia)",6.041729927062988
1972,MAM,"Min Day (Rain, Australia)",0.11684345453977585
1972,MAM,"Total (Rain, Australia)",119.80452560633421
1972,MAM,"R10mm (Rain, Australia)",0.0
1972,MAM,"R20mm (Rain, Australia)",0.0
1972,MAM,"Max 5-Day (Rain, Australia)",26.570285320281982
1972,MAM,"Min 5-Day (Rain, Australia)",1.6253618896007538
1972,MAM,"CDD (Rain, Australia)",16.0
1972,JJA,"Max Day (Rain, Australia)",1.8899247646331787
1972,JJA,"Min Day (Rain, Australia)",0.09271211177110672
1972,JJA,"Total (Rain, Australia)",60.678558357059956
1972,JJA,"R10mm (Rain, Australia)",0.0
1972,JJA,"R20mm (Rain, Australia)",0.0
1972,JJA,"Max 5-Day (Rain, Australia)",5.981069624423981
1972,JJA,"Min 5-Day (Rain, Australia)",1.4442629516124725
1972,JJA,"CDD (Rain, Australia)",14.0
1972,SON,"Max Day (Rain, Australia)",3.008747100830078
1972,SON,"Min Day (Rain, Australia)",0.059567730873823166
1972,SON,"Total (Rain, Australia)",53.16835776343942
1972,SON,"R10mm (Rain, Australia)",0.0
1972,SON,"R20mm (Rain, Australia)",0.0
1972,SON,"Max 5-Day (Rain, Australia)",8.003081262111664
1972,SON,"Min 5-Day (Rain, Australia)",0.9676989316940308
1972,SON,"CDD (Rain, Australia)",30.0
1973,DJF,"Max Day (Rain, Australia)",5.550278186798096
1973,DJF,"Min Day (Rain, Australia)",0.19568698108196259
1973,DJF,"Total (Rain, Australia)",159.03590747714043
1973,DJF,"R10mm (Rain, Australia)",0.0
1973,DJF,"R20mm (Rain, Australia)",0.0
1973,DJF,"Max 5-Day (Rain, Australia)",23.339834213256836
1973,DJF,"Min 5-Day (Rain, Australia)",1.473386213183403
1973,DJF,"CDD (Rain, Australia)",27.0
1973,MAM,"Max Day (Rain, Australia)",3.824611186981201
1973,MAM,"Min Day (Rain, Australia)",0.2837636470794678
1973,MAM,"Total (Rain, Australia)",140.21814998984337
1973,MAM,"R10mm (Rain, Australia)",0.0
1973,MAM,"R20mm (Rain, Australia)",0.0
1973,MAM,"Max 5-Day (Rain, Australia)",16.78027105331421
1973,MAM,"Min 5-Day (Rain, Australia)",2.6407607793807983
1973,MAM,"CDD (Rain, Australia)",11.0
1973,JJA,"Max Day (Rain, Australia)",3.5385162830352783
1973,JJA,"Min Day (Rain, Australia)",0.18021902441978455
1973,JJA,"Total (Rain, Australia)",105.05714423954487
1973,JJA,"R10mm (Rain, Australia)",0.0
1973,JJA,"R20mm (Rain, Australia)",0.0
1973,JJA,"Max 5-Day (Rain, Australia)",12.119447588920593
1973,JJA,"Min 5-Day (Rain, Australia)",2.0473228245973587
1973,JJA,"CDD (Rain, Australia)",18.0
1973,SON,"Max Day (Rain, Australia)",3.2811851501464844
1973,SON,"Min Day (Rain, Australia)",0.07625851780176163
1973,SON,"Total (Rain, Australia)",107.8725681528449
1973,SON,"R10mm (Rain, Australia)",0.0
1973,SON,"R20mm (Rain, Australia)",0.0
1973,SON,"Max 5-Day (Rain, Australia)",14.523780107498169
1973,SON,"Min 5-Day (Rain, Australia)",1.2569922134280205
1973,SON,"CDD (Rain, Australia)",13.0
1974,DJF,"Max Day (Rain, Australia)",7.113890647888184
1974,DJF,"Min Day (Rain, Australia)",0.5422013998031616
1974,DJF,"Total (Rain, Australia)",296.1881914138794
1974,DJF,"R10mm (Rain, Australia)",0.0
1974,DJF,"R20mm (Rain, Australia)",0.0
1974,DJF,"Max 5-Day (Rain, Australia)",29.958442211151123
1974,DJF,"Min 5-Day (Rain, Australia)",3.379003256559372
1974,DJF,"CDD (Rain, Australia)",3.0
1974,MAM,"Max Day (Rain, Australia)",5.540749549865723
1974,MAM,"Min Day (Rain, Australia)",0.2699964642524719
1974,MAM,"Total (Rain, Australia)",179.33597460389137
1974,MAM,"R10mm (Rain, Australia)",0.0
1974,MAM,"R20mm (Rain, Australia)",0.0
1974,MAM,"Max 5-Day (Rain, Australia)",21.09190082550049
1974,MAM,"Min 5-Day (Rain, Australia)",3.459804952144623
1974,MAM,"CDD (Rain, Australia)",5.0
1974,JJA,"Max Day (Rain, Australia)",2.596374750137329
1974,JJA,"Min Day (Rain, Australia)",0.21366102993488312
1974,JJA,"Total (Rain, Australia)",79.84508447349072
1974,JJA,"R10mm (Rain, Australia)",0.0
1974,JJA,"R20mm (Rain, Australia)",0.0
1974,JJA,"Max 5-Day (Rain, Australia)",10.191739678382874
1974,JJA,"Min 5-Day (Rain, Australia)",1.4851904511451721
1974,JJA,"CDD (Rain, Australia)",19.0
1974,SON,"Max Day (Rain, Australia)",2.888546943664551
1974,SON,"Min Day (Rain, Australia)",0.19196301698684692
1974,SON,"Total (Rain, Australia)",79.79703877866268
1974,SON,"R10mm (Rain, Australia)",0.0
1974,SON,"R20mm (Rain, Australia)",0.0
1974,SON,"Max 5-Day (Rain, Australia)",10.213826775550842
1974,SON,"Min 5-Day (Rain, Australia)",1.6956653743982315
1974,SON,"CDD (Rain, Australia)",13.0
1975,DJF,"Max Day (Rain, Australia)",5.190495014190674
1975,DJF,"Min Day (Rain, Australia)",0.19147637486457825
1975,DJF,"Total (Rain, Australia)",163.19757217168808
1975,DJF,"R10mm (Rain, Australia)",0.0
1975,DJF,"R20mm (Rain, Australia)",0.0
1975,DJF,"Max 5-Day (Rain, Australia)",24.05626153945923
1975,DJF,"Min 5-Day (Rain, Australia)",1.5697002708911896
1975,DJF,"CDD (Rain, Australia)",8.0
1975,MAM,"Max Day (Rain, Australia)",4.1335039138793945
1975,MAM,"Min Day (Rain, Australia)",0.18602944910526276
1975,MAM,"Total (Rain, Australia)",117.73421968519688
1975,MAM,"R10mm (Rain, Australia)",0.0
1975,MAM,"R20mm (Rain, Australia)",0.0
1975,MAM,"Max 5-Day (Rain, Australia)",14.07282543182373
1975,MAM,"Min 5-Day (Rain, Australia)",2.1315899342298508
1975,MAM,"CDD (Rain, Australia)",23.0
1975,JJA,"Max Day (Rain, Australia)",4.603571891784668
1975,JJA,"Min Day (Rain, Australia)",0.10086128115653992
1975,JJA,"Total (Rain, Australia)",75.17771771550179
1975,JJA,"R10mm (Rain, Australia)",0.0
1975,JJA,"R20mm (Rain, Australia)",0.0
1975,JJA,"Max 5-Day (Rain, Australia)",12.695166826248169
1975,JJA,"Min 5-Day (Rain, Australia)",1.971105545759201
1975,JJA,"CDD (Rain, Australia)",15.0
1975,SON,"Max Day (Rain, Australia)",4.943819522857666
1975,SON,"Min Day (Rain, Australia)",0.3116891086101532
1975,SON,"Total (Rain, Australia)",101.88784328103065
1975,SON,"R10mm (Rain, Australia)",0.0
1975,SON,"R20mm (Rain, Australia)",0.0
1975,SON,"Max 5-Day (Rain, Australia)",17.904542207717896
1975,SON,"Min 5-Day (Rain, Australia)",3.0966113805770874
1975,SON,"CDD (Rain, Australia)",10.0
1976,DJF,"Max Day (Rain, Australia)",5.792133808135986
1976,DJF,"Min Day (Rain, Australia)",0.46907123923301697
1976,DJF,"Total (Rain, Australia)",255.45744854211807
1976,DJF,"R10mm (Rain, Australia)",0.0
1976,DJF,"R20mm (Rain, Australia)",0.0
1976,DJF,"Max 5-Day (Rain, Australia)",27.62089204788208
1976,DJF,"Min 5-Day (Rain, Australia)",3.8173937797546387
1976,DJF,"CDD (Rain, Australia)",3.0
1976,MAM,"Max Day (Rain, Australia)",4.163313388824463
1976,MAM,"Min Day (Rain, Australia)",0.12984837591648102
1976,MAM,"Total (Rain, Australia)",111.13115048408508
1976,MAM,"R10mm (Rain, Australia)",0.0
1976,MAM,"R20mm (Rain, Australia)",0.0
1976,MAM,"Max 5-Day (Rain, Australia)",17.960676193237305
1976,MAM,"Min 5-Day (Rain, Australia)",1.302864134311676
1976,MAM,"CDD (Rain, Australia)",11.0
1976,JJA,"Max Day (Rain, Australia)",2.101978302001953
1976,JJA,"Min Day (Rain, Australia)",0.06028337404131889
1976,JJA,"Total (Rain, Australia)",52.23483432456851
1976,JJA,"R10mm (Rain, Australia)",0.0
1976,JJA,"R20mm (Rain, Australia)",0.0
1976,JJA,"Max 5-Day (Rain, Australia)",6.024905800819397
1976,JJA,"Min 5-Day (Rain, Australia)",0.8553309105336666
1976,JJA,"CDD (Rain, Australia)",17.0
1976,SON,"Max Day (Rain, Australia)",2.439258098602295
1976,SON,"Min Day (Rain, Australia)",0.07007899880409241
1976,SON,"Total (Rain, Australia)",73.79371820390224
1976,SON,"R10mm (Rain, Australia)",0.0
1976,SON,"R20mm (Rain, Australia)",0.0
1976,SON,"Max 5-Day (Rain, Australia)",7.605781435966492
1976,SON,"Min 5-Day (Rain, Australia)",0.6042047590017319
1976,SON,"CDD (Rain, Australia)",25.0
1977,DJF,"Max Day (Rain, Australia)",5.276427268981934
1977,DJF,"Min Day (Rain, Australia)",0.3191613256931305
1977,DJF,"Total (Rain, Australia)",176.68558371067047
1977,DJF,"R10mm (Rain, Australia)",0.0
1977,DJF,"R20mm (Rain, Australia)",0.0
1977,DJF,"Max 5-Day (Rain, Australia)",25.226661682128906
1977,DJF,"Min 5-Day (Rain, Australia)",3.0617720782756805
1977,DJF,"CDD (Rain, Australia)",11.0
1977,MAM,"Max Day (Rain, Australia)",6.8319807052612305
1977,MAM,"Min Day (Rain, Australia)",0.1134653314948082
1977,MAM,"Total (Rain, Australia)",151.54018291085958
1977,MAM,"R10mm (Rain, Australia)",0.0
1977,MAM,"R20mm (Rain, Australia)",0.0
1977,MAM,"Max 5-Day (Rain, Australia)",25.125975608825684
1977,MAM,"Min 5-Day (Rain, Australia)",2.222165584564209
1977,MAM,"CDD (Rain, Australia)",9.0
1977,JJA,"Max Day (Rain, Australia)",1.4146480560302734
1977,JJA,"Min Day (Rain, Australia)",0.0355847030878067
1977,JJA,"Total (Rain, Australia)",41.25900258123875
1977,JJA,"R10mm (Rain, Australia)",0.0
1977,JJA,"R20mm (Rain, Australia)",0.0
1977,JJA,"Max 5-Day (Rain, Australia)",5.244433760643005
1977,JJA,"Min 5-Day (Rain, Australia)",0.5999694615602493
1977,JJA,"CDD (Rain, Australia)",49.0
1977,SON,"Max Day (Rain, Australia)",2.3779125213623047
1977,SON,"Min Day (Rain, Australia)",0.0564466156065464
1977,SON,"Total (Rain, Australia)",46.98128103837371
1977,SON,"R10mm (Rain, Australia)",0.0
1977,SON,"R20mm (Rain, Australia)",0.0
1977,SON,"Max 5-Day (Rain, Australia)",8.879817008972168
1977,SON,"Min 5-Day (Rain, Australia)",0.6974629834294319
1977,SON,"CDD (Rain, Australia)",78.0
1978,DJF,"Max Day (Rain, Australia)",7.566898345947266
1978,DJF,"Min Day (Rain, Australia)",0.23948214948177338
1978,DJF,"Total (Rain, Australia)",156.9536367803812
1978,DJF,"R10mm (Rain, Australia)",0.0
1978,DJF,"R20mm (Rain, Australia)",0.0
1978,DJF,"Max 5-Day (Rain, Australia)",27.087144374847412
1978,DJF,"Min 5-Day (Rain, Australia)",2.379975214600563
1978,DJF,"CDD (Rain, Australia)",11.0
1978,MAM,"Max Day (Rain, Australia)",3.689624547958374
1978,MAM,"Min Day (Rain, Australia)",0.14225773513317108
1978,MAM,"Total (Rain, Australia)",105.56847505271435
1978,MAM,"R10mm (Rain, Australia)",0.0
1978,MAM,"R20mm (Rain, Australia)",0.0
1978,MAM,"Max 5-Day (Rain, Australia)",14.948724746704102
1978,MAM,"Min 5-Day (Rain, Australia)",1.0554935187101364
1978,MAM,"CDD (Rain, Australia)",23.0
1978,JJA,"Max Day (Rain, Australia)",5.818199157714844
1978,JJA,"Min Day (Rain, Australia)",0.10536625236272812
1978,JJA,"Total (Rain, Australia)",101.05396435409784
1978,JJA,"R10mm (Rain, Australia)",0.0
1978,JJA,"R20mm (Rain, Australia)",0.0
1978,JJA,"Max 5-Day (Rain, Australia)",16.340303778648376
1978,JJA,"Min 5-Day (Rain, Australia)",1.5163046643137932
1978,JJA,"CDD (Rain, Australia)",12.0
1978,SON,"Max Day (Rain, Australia)",2.9180173873901367
1978,SON,"Min Day (Rain, Australia)",0.1454925686120987
1978,SON,"Total (Rain, Australia)",71.78343172371387
1978,SON,"R10mm (Rain, Australia)",0.0
1978,SON,"R20mm (Rain, Australia)",0.0
1978,SON,"Max 5-Day (Rain, Australia)",9.027718305587769
1978,SON,"Min 5-Day (Rain, Australia)",1.5802712589502335
1978,SON,"CDD (Rain, Australia)",27.0
1979,DJF,"Max Day (Rain, Australia)",3.8636653423309326
1979,DJF,"Min Day (Rain, Australia)",0.21873976290225983
1979,DJF,"Total (Rain, Australia)",172.09271033108234
1979,DJF,"R10mm (Rain, Australia)",0.0
1979,DJF,"R20mm (Rain, Australia)",0.0
1979,DJF,"Max 5-Day (Rain, Australia)",14.675059080123901
1979,DJF,"Min 5-Day (Rain, Australia)",2.330075815320015
1979,DJF,"CDD (Rain, Australia)",5.0
1979,MAM,"Max Day (Rain, Australia)",5.762441635131836
1979,MAM,"Min Day (Rain, Australia)",0.14848868548870087
1979,MAM,"Total (Rain, Australia)",120.74424649775028
1979,MAM,"R10mm (Rain, Australia)",0.0
1979,MAM,"R20mm (Rain, Australia)",0.0
1979,MAM,"Max 5-Day (Rain, Australia)",21.12727117538452
1979,MAM,"Min 5-Day (Rain, Australia)",2.076785773038864
1979,MAM,"CDD (Rain, Australia)",22.0
1979,JJA,"Max Day (Rain, Australia)",4.115755558013916
1979,JJA,"Min Day (Rain, Australia)",0.1381012499332428
1979,JJA,"Total (Rain, Australia)",56.98193171620369
1979,JJA,"R10mm (Rain, Australia)",0.0
1979,JJA,"R20mm (Rain, Australia)",0.0
1979,JJA,"Max 5-Day (Rain, Australia)",10.23161393404007
1979,JJA,"Min 5-Day (Rain, Australia)",1.4907877743244171
1979,JJA,"CDD (Rain, Australia)",37.0
1979,SON,"Max Day (Rain, Australia)",2.0034358501434326
1979,SON,"Min Day (Rain, Australia)",0.07284059375524521
1979,SON,"Total (Rain, Australia)",57.2029547765851
1979,SON,"R10mm (Rain, Australia)",0.0
1979,SON,"R20mm (Rain, Australia)",0.0
1979,SON,"Max 5-Day (Rain, Australia)",6.941209077835083
1979,SON,"Min 5-Day (Rain, Australia)",0.7340017706155777
1979,SON,"CDD (Rain, Australia)",16.0
1980,DJF,"Max Day (Rain, Australia)",5.0934882164001465
1980,DJF,"Min Day (Rain, Australia)",0.235160693526268
1980,DJF,"Total (Rain, Australia)",154.23143665492535
1980,DJF,"R10mm (Rain, Australia)",0.0
1980,DJF,"R20mm (Rain, Australia)",0.0
1980,DJF,"Max 5-Day (Rain, Australia)",20.702312231063843
1980,DJF,"Min 5-Day (Rain, Australia)",1.4910751283168793
1980,DJF,"CDD (Rain, Australia)",25.0
1980,MAM,"Max Day (Rain, Australia)",3.392632484436035
1980,MAM,"Min Day (Rain, Australia)",0.09360404312610626
1980,MAM,"Total (Rain, Australia)",106.00620725750923
1980,MAM,"R10mm (Rain, Australia)",0.0
1980,MAM,"R20mm (Rain, Australia)",0.0
1980,MAM,"Max 5-Day (Rain, Australia)",13.863243103027344
1980,MAM,"Min 5-Day (Rain, Australia)",0.8098693788051605
1980,MAM,"CDD (Rain, Australia)",16.0
1980,JJA,"Max Day (Rain, Australia)",1.8622180223464966
1980,JJA,"Min Day (Rain, Australia)",0.16097334027290344
1980,JJA,"Total (Rain, Australia)",63.29725328087807
1980,JJA,"R10mm (Rain, Australia)",0.0
1980,JJA,"R20mm (Rain, Australia)",0.0
1980,JJA,"Max 5-Day (Rain, Australia)",8.212229996919632
1980,JJA,"Min 5-Day (Rain, Australia)",1.4429621249437332
1980,JJA,"CDD (Rain, Australia)",25.0
1980,SON,"Max Day (Rain, Australia)",1.7318050861358643
1980,SON,"Min Day (Rain, Australia)",0.051721327006816864
1980,SON,"Total (Rain, Australia)",42.67724099382758
1980,SON,"R10mm (Rain, Australia)",0.0
1980,SON,"R20mm (Rain, Australia)",0.0
1980,SON,"Max 5-Day (Rain, Australia)",5.227931082248688
1980,SON,"Min 5-Day (Rain, Australia)",0.48975735530257225
1980,SON,"CDD (Rain, Australia)",35.0
1981,DJF,"Max Day (Rain, Australia)",5.645545482635498
1981,DJF,"Min Day (Rain, Australia)",0.25914034247398376
1981,DJF,"Total (Rain, Australia)",211.64622098207474
1981,DJF,"R10mm (Rain, Australia)",0.0
1981,DJF,"R20mm (Rain, Australia)",0.0
1981,DJF,"Max 5-Day (Rain, Australia)",23.09686803817749
1981,DJF,"Min 5-Day (Rain, Australia)",2.0083160996437073
1981,DJF,"CDD (Rain, Australia)",7.0
1981,MAM,"Max Day (Rain, Australia)",6.677391529083252
1981,MAM,"Min Day (Rain, Australia)",0.12867313623428345
1981,MAM,"Total (Rain, Australia)",93.14684258401394
1981,MAM,"R10mm (Rain, Australia)",0.0
1981,MAM,"R20mm (Rain, Australia)",0.0
1981,MAM,"Max 5-Day (Rain, Australia)",19.039215564727783
1981,MAM,"Min 5-Day (Rain, Australia)",1.273306667804718
1981,MAM,"CDD (Rain, Australia)",40.0
1981,JJA,"Max Day (Rain, Australia)",3.8857581615448
1981,JJA,"Min Day (Rain, Australia)",0.10678204149007797
1981,JJA,"Total (Rain, Australia)",75.77421847730875
1981,JJA,"R10mm (Rain, Australia)",0.0
1981,JJA,"R20mm (Rain, Australia)",0.0
1981,JJA,"Max 5-Day (Rain, Australia)",13.063498139381409
1981,JJA,"Min 5-Day (Rain, Australia)",1.2680158838629723
1981,JJA,"CDD (Rain, Australia)",15.0
1981,SON,"Max Day (Rain, Australia)",2.610499858856201
1981,SON,"Min Day (Rain, Australia)",0.06626783311367035
1981,SON,"Total (Rain, Australia)",64.25004086643457
1981,SON,"R10mm (Rain, Australia)",0.0
1981,SON,"R20mm (Rain, Australia)",0.0
1981,SON,"Max 5-Day (Rain, Australia)",8.185604453086853
1981,SON,"Min 5-Day (Rain, Australia)",0.7764170244336128
1981,SON,"CDD (Rain, Australia)",26.0
1982,DJF,"Max Day (Rain, Australia)",5.368402481079102
1982,DJF,"Min Day (Rain, Australia)",0.3036402761936188
1982,DJF,"Total (Rain, Australia)",163.38517239689827
1982,DJF,"R10mm (Rain, Australia)",0.0
1982,DJF,"R20mm (Rain, Australia)",0.0
1982,DJF,"Max 5-Day (Rain, Australia)",24.077415466308594
1982,DJF,"Min 5-Day (Rain, Australia)",2.741795986890793
1982,DJF,"CDD (Rain, Australia)",11.0
1982,MAM,"Max Day (Rain, Australia)",4.505147457122803
1982,MAM,"Min Day (Rain, Australia)",0.12241102010011673
1982,MAM,"Total (Rain, Australia)",114.35793259739876
1982,MAM,"R10mm (Rain, Australia)",0.0
1982,MAM,"R20mm (Rain, Australia)",0.0
1982,MAM,"Max 5-Day (Rain, Australia)",17.597800731658936
1982,MAM,"Min 5-Day (Rain, Australia)",0.8344282135367393
1982,MAM,"CDD (Rain, Australia)",19.0
1982,JJA,"Max Day (Rain, Australia)",2.1463208198547363
1982,JJA,"Min Day (Rain, Australia)",0.10739774256944656
1982,JJA,"Total (Rain, Australia)",42.611423060297966
1982,JJA,"R10mm (Rain, Australia)",0.0
1982,JJA,"R20mm (Rain, Australia)",0.0
1982,JJA,"Max 5-Day (Rain, Australia)",6.233422368764877
1982,JJA,"Min 5-Day (Rain, Australia)",1.0676926895976067
1982,JJA,"CDD (Rain, Australia)",39.0
1982,SON,"Max Day (Rain, Australia)",1.8785284757614136
1982,SON,"Min Day (Rain, Australia)",0.0602390393614769
1982,SON,"Total (Rain, Australia)",40.87308583408594
1982,SON,"R10mm (Rain, Australia)",0.0
1982,SON,"R20mm (Rain, Australia)",0.0
1982,SON,"Max 5-Day (Rain, Australia)",5.6030232310295105
1982,SON,"Min 5-Day (Rain, Australia)",0.5504320412874222
1982,SON,"CDD (Rain, Australia)",49.0
1983,DJF,"Max Day (Rain, Australia)",3.6159701347351074
1983,DJF,"Min Day (Rain, Australia)",0.06764795631170273
1983,DJF,"Total (Rain, Australia)",83.26673775911331
1983,DJF,"R10mm (Rain, Australia)",0.0
1983,DJF,"R20mm (Rain, Australia)",0.0
1983,DJF,"Max 5-Day (Rain, Australia)",11.081334352493286
1983,DJF,"Min 5-Day (Rain, Australia)",0.5777299851179123
1983,DJF,"CDD (Rain, Australia)",22.0
1983,MAM,"Max Day (Rain, Australia)",7.398642539978027
1983,MAM,"Min Day (Rain, Australia)",0.204258531332016
1983,MAM,"Total (Rain, Australia)",189.29653809964657
1983,MAM,"R10mm (Rain, Australia)",0.0
1983,MAM,"R20mm (Rain, Australia)",0.0
1983,MAM,"Max 5-Day (Rain, Australia)",22.121487140655518
1983,MAM,"Min 5-Day (Rain, Australia)",2.497994512319565
1983,MAM,"CDD (Rain, Australia)",6.0
1983,JJA,"Max Day (Rain, Australia)",4.119997024536133
1983,JJA,"Min Day (Rain, Australia)",0.14474861323833466
1983,JJA,"Total (Rain, Australia)",71.11137120425701
1983,JJA,"R10mm (Rain, Australia)",0.0
1983,JJA,"R20mm (Rain, Australia)",0.0
1983,JJA,"Max 5-Day (Rain, Australia)",12.259955883026123
1983,JJA,"Min 5-Day (Rain, Australia)",1.203655019402504
1983,JJA,"CDD (Rain, Australia)",17.0
1983,SON,"Max Day (Rain, Australia)",3.7631938457489014
1983,SON,"Min Day (Rain, Australia)",0.05042591318488121
1983,SON,"Total (Rain, Australia)",71.94005520269275
1983,SON,"R10mm (Rain, Australia)",0.0
1983,SON,"R20mm (Rain, Australia)",0.0
1983,SON,"Max 5-Day (Rain, Australia)",10.504357814788818
1983,SON,"Min 5-Day (Rain, Australia)",0.8139940798282623
1983,SON,"CDD (Rain, Australia)",21.0
1984,DJF,"Max Day (Rain, Australia)",5.760967254638672
1984,DJF,"Min Day (Rain, Australia)",0.2082742303609848
1984,DJF,"Total (Rain, Australia)",197.33675187826157
1984,DJF,"R10mm (Rain, Australia)",0.0
1984,DJF,"R20mm (Rain, Australia)",0.0
1984,DJF,"Max 5-Day (Rain, Australia)",24.156559467315674
1984,DJF,"Min 5-Day (Rain, Australia)",2.3090134263038635
1984,DJF,"CDD (Rain, Australia)",17.0
1984,MAM,"Max Day (Rain, Australia)",3.875699996948242
1984,MAM,"Min Day (Rain, Australia)",0.1989046186208725
1984,MAM,"Total (Rain, Australia)",111.1932275146246
1984,MAM,"R10mm (Rain, Australia)",0.0
1984,MAM,"R20mm (Rain, Australia)",0.0
1984,MAM,"Max 5-Day (Rain, Australia)",17.03056240081787
1984,MAM,"Min 5-Day (Rain, Australia)",1.5382108837366104
1984,MAM,"CDD (Rain, Australia)",11.0
1984,JJA,"Max Day (Rain, Australia)",4.273504734039307
1984,JJA,"Min Day (Rain, Australia)",0.17124292254447937
1984,JJA,"Total (Rain, Australia)",78.50117951631546
1984,JJA,"R10mm (Rain, Australia)",0.0
1984,JJA,"R20mm (Rain, Australia)",0.0
1984,JJA,"Max 5-Day (Rain, Australia)",12.72359824180603
1984,JJA,"Min 5-Day (Rain, Australia)",1.031356319785118
1984,JJA,"CDD (Rain, Australia)",16.0
1984,SON,"Max Day (Rain, Australia)",1.8713773488998413
1984,SON,"Min Day (Rain, Australia)",0.09445684403181076
1984,SON,"Total (Rain, Australia)",64.4484317228198
1984,SON,"R10mm (Rain, Australia)",0.0
1984,SON,"R20mm (Rain, Australia)",0.0
1984,SON,"Max 5-Day (Rain, Australia)",7.140517592430115
1984,SON,"Min 5-Day (Rain, Australia)",1.0057013109326363
1984,SON,"CDD (Rain, Australia)",21.0
1985,DJF,"Max Day (Rain, Australia)",3.6745026111602783
1985,DJF,"Min Day (Rain, Australia)",0.15255239605903625
1985,DJF,"Total (Rain, Australia)",130.30662588775158
1985,DJF,"R10mm (Rain, Australia)",0.0
1985,DJF,"R20mm (Rain, Australia)",0.0
1985,DJF,"Max 5-Day (Rain, Australia)",16.17520308494568
1985,DJF,"Min 5-Day (Rain, Australia)",1.2986522614955902
1985,DJF,"CDD (Rain, Australia)",13.0
1985,MAM,"Max Day (Rain, Australia)",3.2413032054901123
1985,MAM,"Min Day (Rain, Australia)",0.1485069841146469
1985,MAM,"Total (Rain, Australia)",122.64687299728394
1985,MAM,"R10mm (Rain, Australia)",0.0
1985,MAM,"R20mm (Rain, Australia)",0.0
1985,MAM,"Max 5-Day (Rain, Australia)",12.658467173576355
1985,MAM,"Min 5-Day (Rain, Australia)",1.722121685743332
1985,MAM,"CDD (Rain, Australia)",6.0
1985,JJA,"Max Day (Rain, Australia)",3.9885458946228027
1985,JJA,"Min Day (Rain, Australia)",0.18496118485927582
1985,JJA,"Total (Rain, Australia)",70.01600031554699
1985,JJA,"R10mm (Rain, Australia)",0.0
1985,JJA,"R20mm (Rain, Australia)",0.0
1985,JJA,"Max 5-Day (Rain, Australia)",12.626202583312988
1985,JJA,"Min 5-Day (Rain, Australia)",1.3135177046060562
1985,JJA,"CDD (Rain, Australia)",31.0
1985,SON,"Max Day (Rain, Australia)",3.398214817047119
1985,SON,"Min Day (Rain, Australia)",0.061451755464076996
1985,SON,"Total (Rain, Australia)",73.67191782593727
1985,SON,"R10mm (Rain, Australia)",0.0
1985,SON,"R20mm (Rain, Australia)",0.0
1985,SON,"Max 5-Day (Rain, Australia)",9.386924147605896
1985,SON,"Min 5-Day (Rain, Australia)",0.46033231168985367
1985,SON,"CDD (Rain, Australia)",20.0
1986,DJF,"Max Day (Rain, Australia)",5.517277717590332
1986,DJF,"Min Day (Rain, Australia)",0.18174362182617188
1986,DJF,"Total (Rain, Australia)",138.24309331178665
1986,DJF,"R10mm (Rain, Australia)",0.0
1986,DJF,"R20mm (Rain, Australia)",0.0
1986,DJF,"Max 5-Day (Rain, Australia)",23.30130934715271
1986,DJF,"Min 5-Day (Rain, Australia)",2.885520875453949
1986,DJF,"CDD (Rain, Australia)",5.0
1986,MAM,"Max Day (Rain, Australia)",1.580944538116455
1986,MAM,"Min Day (Rain, Australia)",0.15367336571216583
1986,MAM,"Total (Rain, Australia)",74.24881102144718
1986,MAM,"R10mm (Rain, Australia)",0.0
1986,MAM,"R20mm (Rain, Australia)",0.0
1986,MAM,"Max 5-Day (Rain, Australia)",6.84449028968811
1986,MAM,"Min 5-Day (Rain, Australia)",1.0414532124996185
1986,MAM,"CDD (Rain, Australia)",15.0
1986,JJA,"Max Day (Rain, Australia)",3.8346924781799316
1986,JJA,"Min Day (Rain, Australia)",0.15624484419822693
1986,JJA,"Total (Rain, Australia)",87.75693932175636
1986,JJA,"R10mm (Rain, Australia)",0.0
1986,JJA,"R20mm (Rain, Australia)",0.0
1986,JJA,"Max 5-Day (Rain, Australia)",12.846585035324097
1986,JJA,"Min 5-Day (Rain, Australia)",1.5995397716760635
1986,JJA,"CDD (Rain, Australia)",14.0
1986,SON,"Max Day (Rain, Australia)",3.819713830947876
1986,SON,"Min Day (Rain, Australia)",0.039015527814626694
1986,SON,"Total (Rain, Australia)",63.84455198422074
1986,SON,"R10mm (Rain, Australia)",0.0
1986,SON,"R20mm (Rain, Australia)",0.0
1986,SON,"Max 5-Day (Rain, Australia)",9.843594253063202
1986,SON,"Min 5-Day (Rain, Australia)",0.5049681104719639
1986,SON,"CDD (Rain, Australia)",18.0
1987,DJF,"Max Day (Rain, Australia)",4.753808975219727
1987,DJF,"Min Day (Rain, Australia)",0.17900210618972778
1987,DJF,"Total (Rain, Australia)",162.7547847777605
1987,DJF,"R10mm (Rain, Australia)",0.0
1987,DJF,"R20mm (Rain, Australia)",0.0
1987,DJF,"Max 5-Day (Rain, Australia)",19.31538224220276
1987,DJF,"Min 5-Day (Rain, Australia)",1.6637796312570572
1987,DJF,"CDD (Rain, Australia)",14.0
1987,MAM,"Max Day (Rain, Australia)",3.1153271198272705
1987,MAM,"Min Day (Rain, Australia)",0.1268395483493805
1987,MAM,"Total (Rain, Australia)",79.91340662539005
1987,MAM,"R10mm (Rain, Australia)",0.0
1987,MAM,"R20mm (Rain, Australia)",0.0
1987,MAM,"Max 5-Day (Rain, Australia)",13.415038824081421
1987,MAM,"Min 5-Day (Rain, Australia)",0.902400329709053
1987,MAM,"CDD (Rain, Australia)",19.0
1987,JJA,"Max Day (Rain, Australia)",3.162238121032715
1987,JJA,"Min Day (Rain, Australia)",0.1049611046910286
1987,JJA,"Total (Rain, Australia)",69.20864165574312
1987,JJA,"R10mm (Rain, Australia)",0.0
1987,JJA,"R20mm (Rain, Australia)",0.0
1987,JJA,"Max 5-Day (Rain, Australia)",10.254369854927063
1987,JJA,"Min 5-Day (Rain, Australia)",0.9667016267776489
1987,JJA,"CDD (Rain, Australia)",19.0
1987,SON,"Max Day (Rain, Australia)",2.1712164878845215
1987,SON,"Min Day (Rain, Australia)",0.0327928327023983
1987,SON,"Total (Rain, Australia)",49.87501521408558
1987,SON,"R10mm (Rain, Australia)",0.0
1987,SON,"R20mm (Rain, Australia)",0.0
1987,SON,"Max 5-Day (Rain, Australia)",6.278490722179413
1987,SON,"Min 5-Day (Rain, Australia)",0.7162366583943367
1987,SON,"CDD (Rain, Australia)",45.0
1988,DJF,"Max Day (Rain, Australia)",3.504072666168213
1988,DJF,"Min Day (Rain, Australia)",0.1756790280342102
1988,DJF,"Total (Rain, Australia)",121.75976365804672
1988,DJF,"R10mm (Rain, Australia)",0.0
1988,DJF,"R20mm (Rain, Australia)",0.0
1988,DJF,"Max 5-Day (Rain, Australia)",14.996961116790771
1988,DJF,"Min 5-Day (Rain, Australia)",1.883579358458519
1988,DJF,"CDD (Rain, Australia)",12.0
1988,MAM,"Max Day (Rain, Australia)",7.144354343414307
1988,MAM,"Min Day (Rain, Australia)",0.277578204870224
1988,MAM,"Total (Rain, Australia)",136.1090507209301
1988,MAM,"R10mm (Rain, Australia)",0.0
1988,MAM,"R20mm (Rain, Australia)",0.0
1988,MAM,"Max 5-Day (Rain, Australia)",24.937515258789062
1988,MAM,"Min 5-Day (Rain, Australia)",1.9534361958503723
1988,MAM,"CDD (Rain, Australia)",8.0
1988,JJA,"Max Day (Rain, Australia)",5.880931377410889
1988,JJA,"Min Day (Rain, Australia)",0.10616956651210785
1988,JJA,"Total (Rain, Australia)",83.66243912279606
1988,JJA,"R10mm (Rain, Australia)",0.0
1988,JJA,"R20mm (Rain, Australia)",0.0
1988,JJA,"Max 5-Day (Rain, Australia)",16.62609326839447
1988,JJA,"Min 5-Day (Rain, Australia)",1.1583117544651031
1988,JJA,"CDD (Rain, Australia)",13.0
1988,SON,"Max Day (Rain, Australia)",2.303797960281372
1988,SON,"Min Day (Rain, Australia)",0.08628897368907928
1988,SON,"Total (Rain, Australia)",62.371334329247475
1988,SON,"R10mm (Rain, Australia)",0.0
1988,SON,"R20mm (Rain, Australia)",0.0
1988,SON,"Max 5-Day (Rain, Australia)",7.512432336807251
1988,SON,"Min 5-Day (Rain, Australia)",1.0857185125350952
1988,SON,"CDD (Rain, Australia)",43.0
1989,DJF,"Max Day (Rain, Australia)",3.78865647315979
1989,DJF,"Min Day (Rain, Australia)",0.46294742822647095
1989,DJF,"Total (Rain, Australia)",152.0346903502941
1989,DJF,"R10mm (Rain, Australia)",0.0
1989,DJF,"R20mm (Rain, Australia)",0.0
1989,DJF,"Max 5-Day (Rain, Australia)",16.282694101333618
1989,DJF,"Min 5-Day (Rain, Australia)",3.504558503627777
1989,DJF,"CDD (Rain, Australia)",5.0
1989,MAM,"Max Day (Rain, Australia)",6.480337142944336
1989,MAM,"Min Day (Rain, Australia)",0.39031490683555603
1989,MAM,"Total (Rain, Australia)",204.68552002310753
1989,MAM,"R10mm (Rain, Australia)",0.0
1989,MAM,"R20mm (Rain, Australia)",0.0
1989,MAM,"Max 5-Day (Rain, Australia)",26.541656017303467
1989,MAM,"Min 5-Day (Rain, Australia)",2.5729359090328217
1989,MAM,"CDD (Rain, Australia)",5.0
1989,JJA,"Max Day (Rain, Australia)",3.649082660675049
1989,JJA,"Min Day (Rain, Australia)",0.08636776357889175
1989,JJA,"Total (Rain, Australia)",74.463249348104
1989,JJA,"R10mm (Rain, Australia)",0.0
1989,JJA,"R20mm (Rain, Australia)",0.0
1989,JJA,"Max 5-Day (Rain, Australia)",9.845526933670044
1989,JJA,"Min 5-Day (Rain, Australia)",0.7101252749562263
1989,JJA,"CDD (Rain, Australia)",17.0
1989,SON,"Max Day (Rain, Australia)",2.5611560344696045
1989,SON,"Min Day (Rain, Australia)",0.07525704056024551
1989,SON,"Total (Rain, Australia)",58.870157808065414
1989,SON,"R10mm (Rain, Australia)",0.0
1989,SON,"R20mm (Rain, Australia)",0.0
1989,SON,"Max 5-Day (Rain, Australia)",8.814772605895996
1989,SON,"Min 5-Day (Rain, Australia)",0.6428977847099304
1989,SON,"CDD (Rain, Australia)",54.0
1990,DJF,"Max Day (Rain, Australia)",4.129708766937256
1990,DJF,"Min Day (Rain, Australia)",0.19626174867153168
1990,DJF,"Total (Rain, Australia)",113.79301120340824
1990,DJF,"R10mm (Rain, Australia)",0.0
1990,DJF,"R20mm (Rain, Australia)",0.0
1990,DJF,"Max 5-Day (Rain, Australia)",13.079055070877075
1990,DJF,"Min 5-Day (Rain, Australia)",1.8489346504211426
1990,DJF,"CDD (Rain, Australia)",21.0
1990,MAM,"Max Day (Rain, Australia)",6.087966442108154
1990,MAM,"Min Day (Rain, Australia)",0.20385269820690155
1990,MAM,"Total (Rain, Australia)",156.9221957474947
1990,MAM,"R10mm (Rain, Australia)",0.0
1990,MAM,"R20mm (Rain, Australia)",0.0
1990,MAM,"Max 5-Day (Rain, Australia)",21.470840454101562
1990,MAM,"Min 5-Day (Rain, Australia)",1.551007017493248
1990,MAM,"CDD (Rain, Australia)",12.0
1990,JJA,"Max Day (Rain, Australia)",5.8940110206604
1990,JJA,"Min Day (Rain, Australia)",0.21002429723739624
1990,JJA,"Total (Rain, Australia)",74.89293949306011
1990,JJA,"R10mm (Rain, Australia)",0.0
1990,JJA,"R20mm (Rain, Australia)",0.0
1990,JJA,"Max 5-Day (Rain, Australia)",12.37535172700882
1990,JJA,"Min 5-Day (Rain, Australia)",1.7162243723869324
1990,JJA,"CDD (Rain, Australia)",26.0
1990,SON,"Max Day (Rain, Australia)",1.5082945823669434
1990,SON,"Min Day (Rain, Australia)",0.0434531606733799
1990,SON,"Total (Rain, Australia)",39.086555261164904
1990,SON,"R10mm (Rain, Australia)",0.0
1990,SON,"R20mm (Rain, Australia)",0.0
1990,SON,"Max 5-Day (Rain, Australia)",4.238983392715454
1990,SON,"Min 5-Day (Rain, Australia)",0.5833371691405773
1990,SON,"CDD (Rain, Australia)",41.0
1991,DJF,"Max Day (Rain, Australia)",5.5913848876953125
1991,DJF,"Min Day (Rain, Australia)",0.2736131548881531
1991,DJF,"Total (Rain, Australia)",226.01322877407074
1991,DJF,"R10mm (Rain, Australia)",0.0
1991,DJF,"R20mm (Rain, Australia)",0.0
1991,DJF,"Max 5-Day (Rain, Australia)",22.097185850143433
1991,DJF,"Min 5-Day (Rain, Australia)",2.0663025975227356
1991,DJF,"CDD (Rain, Australia)",10.0
1991,MAM,"Max Day (Rain, Australia)",2.0005104541778564
1991,MAM,"Min Day (Rain, Australia)",0.11665061116218567
1991,MAM,"Total (Rain, Australia)",54.02867282927036
1991,MAM,"R10mm (Rain, Australia)",0.0
1991,MAM,"R20mm (Rain, Australia)",0.0
1991,MAM,"Max 5-Day (Rain, Australia)",7.970484972000122
1991,MAM,"Min 5-Day (Rain, Australia)",1.2423874139785767
1991,MAM,"CDD (Rain, Australia)",24.0
1991,JJA,"Max Day (Rain, Australia)",2.746476173400879
1991,JJA,"Min Day (Rain, Australia)",0.10379546135663986
1991,JJA,"Total (Rain, Australia)",78.71347042173147
1991,JJA,"R10mm (Rain, Australia)",0.0
1991,JJA,"R20mm (Rain, Australia)",0.0
1991,JJA,"Max 5-Day (Rain, Australia)",11.747739434242249
1991,JJA,"Min 5-Day (Rain, Australia)",1.4390956833958626
1991,JJA,"CDD (Rain, Australia)",40.0
1991,SON,"Max Day (Rain, Australia)",1.727828860282898
1991,SON,"Min Day (Rain, Australia)",0.03531733527779579
1991,SON,"Total (Rain, Australia)",41.81999155879021
1991,SON,"R10mm (Rain, Australia)",0.0
1991,SON,"R20mm (Rain, Australia)",0.0
1991,SON,"Max 5-Day (Rain, Australia)",5.49486631155014
1991,SON,"Min 5-Day (Rain, Australia)",0.5430525206029415
1991,SON,"CDD (Rain, Australia)",64.0
1992,DJF,"Max Day (Rain, Australia)",5.109407901763916
1992,DJF,"Min Day (Rain, Australia)",0.06241987273097038
1992,DJF,"Total (Rain, Australia)",131.89841021969914
1992,DJF,"R10mm (Rain, Australia)",0.0
1992,DJF,"R20mm (Rain, Australia)",0.0
1992,DJF,"Max 5-Day (Rain, Australia)",19.23775553703308
1992,DJF,"Min 5-Day (Rain, Australia)",0.9987463392317295
1992,DJF,"CDD (Rain, Australia)",13.0
1992,MAM,"Max Day (Rain, Australia)",3.47591495513916
1992,MAM,"Min Day (Rain, Australia)",0.2229228913784027
1992,MAM,"Total (Rain, Australia)",107.74772223830223
1992,MAM,"R10mm (Rain, Australia)",0.0
1992,MAM,"R20mm (Rain, Australia)",0.0
1992,MAM,"Max 5-Day (Rain, Australia)",15.609866380691528
1992,MAM,"Min 5-Day (Rain, Australia)",1.8622080981731415
1992,MAM,"CDD (Rain, Australia)",7.0
1992,JJA,"Max Day (Rain, Australia)",2.393749952316284
1992,JJA,"Min Day (Rain, Australia)",0.09760002791881561
1992,JJA,"Total (Rain, Australia)",67.17815205454826
1992,JJA,"R10mm (Rain, Australia)",0.0
1992,JJA,"R20mm (Rain, Australia)",0.0
1992,JJA,"Max 5-Day (Rain, Australia)",7.349590450525284
1992,JJA,"Min 5-Day (Rain, Australia)",1.2849608659744263
1992,JJA,"CDD (Rain, Australia)",14.0
1992,SON,"Max Day (Rain, Australia)",2.1566085815429688
1992,SON,"Min Day (Rain, Australia)",0.06187920644879341
1992,SON,"Total (Rain, Australia)",69.73761998489499
1992,SON,"R10mm (Rain, Australia)",0.0
1992,SON,"R20mm (Rain, Australia)",0.0
1992,SON,"Max 5-Day (Rain, Australia)",9.204899311065674
1992,SON,"Min 5-Day (Rain, Australia)",0.541974950581789
1992,SON,"CDD (Rain, Australia)",16.0
1993,DJF,"Max Day (Rain, Australia)",5.942454814910889
1993,DJF,"Min Day (Rain, Australia)",0.31645575165748596
1993,DJF,"Total (Rain, Australia)",195.61623433232307
1993,DJF,"R10mm (Rain, Australia)",0.0
1993,DJF,"R20mm (Rain, Australia)",0.0
1993,DJF,"Max 5-Day (Rain, Australia)",25.428612232208252
1993,DJF,"Min 5-Day (Rain, Australia)",2.3503850996494293
1993,DJF,"CDD (Rain, Australia)",6.0
1993,MAM,"Max Day (Rain, Australia)",1.9362778663635254
1993,MAM,"Min Day (Rain, Australia)",0.1403149962425232
1993,MAM,"Total (Rain, Australia)",62.34862543642521
1993,MAM,"R10mm (Rain, Australia)",0.0
1993,MAM,"R20mm (Rain, Australia)",0.0
1993,MAM,"Max 5-Day (Rain, Australia)",8.425217032432556
1993,MAM,"Min 5-Day (Rain, Australia)",1.1842850744724274
1993,MAM,"CDD (Rain, Australia)",32.0
1993,JJA,"Max Day (Rain, Australia)",2.2763144969940186
1993,JJA,"Min Day (Rain, Australia)",0.11121577024459839
1993,JJA,"Total (Rain, Australia)",70.95526918768883
1993,JJA,"R10mm (Rain, Australia)",0.0
1993,JJA,"R20mm (Rain, Australia)",0.0
1993,JJA,"Max 5-Day (Rain, Australia)",9.782251119613647
1993,JJA,"Min 5-Day (Rain, Australia)",0.9627902507781982
1993,JJA,"CDD (Rain, Australia)",23.0
1993,SON,"Max Day (Rain, Australia)",2.392627239227295
1993,SON,"Min Day (Rain, Australia)",0.08871516585350037
1993,SON,"Total (Rain, Australia)",64.84882863610983
1993,SON,"R10mm (Rain, Australia)",0.0
1993,SON,"R20mm (Rain, Australia)",0.0
1993,SON,"Max 5-Day (Rain, Australia)",8.516651511192322
1993,SON,"Min 5-Day (Rain, Australia)",1.1570983976125717
1993,SON,"CDD (Rain, Australia)",16.0
1994,DJF,"Max Day (Rain, Australia)",5.3389739990234375
1994,DJF,"Min Day (Rain, Australia)",0.2014249861240387
1994,DJF,"Total (Rain, Australia)",160.12172409892082
1994,DJF,"R10mm (Rain, Australia)",0.0
1994,DJF,"R20mm (Rain, Australia)",0.0
1994,DJF,"Max 5-Day (Rain, Australia)",19.746802806854248
1994,DJF,"Min 5-Day (Rain, Australia)",1.0125195160508156
1994,DJF,"CDD (Rain, Australia)",7.0
1994,MAM,"Max Day (Rain, Australia)",5.616189479827881
1994,MAM,"Min Day (Rain, Australia)",0.19193339347839355
1994,MAM,"Total (Rain, Australia)",88.01996192336082
1994,MAM,"R10mm (Rain, Australia)",0.0
1994,MAM,"R20mm (Rain, Australia)",0.0
1994,MAM,"Max 5-Day (Rain, Australia)",24.15240502357483
1994,MAM,"Min 5-Day (Rain, Australia)",1.180063396692276
1994,MAM,"CDD (Rain, Australia)",29.0
1994,JJA,"Max Day (Rain, Australia)",2.2829232215881348
1994,JJA,"Min Day (Rain, Australia)",0.12492716312408447
1994,JJA,"Total (Rain, Australia)",46.58575256168842
1994,JJA,"R10mm (Rain, Australia)",0.0
1994,JJA,"R20mm (Rain, Australia)",0.0
1994,JJA,"Max 5-Day (Rain, Australia)",6.661512076854706
1994,JJA,"Min 5-Day (Rain, Australia)",0.9532766789197922
1994,JJA,"CDD (Rain, Australia)",28.0
1994,SON,"Max Day (Rain, Australia)",1.513657569885254
1994,SON,"Min Day (Rain, Australia)",0.051509782671928406
1994,SON,"Total (Rain, Australia)",38.42061671614647
1994,SON,"R10mm (Rain, Australia)",0.0
1994,SON,"R20mm (Rain, Australia)",0.0
1994,SON,"Max 5-Day (Rain, Australia)",4.945519268512726
1994,SON,"Min 5-Day (Rain, Australia)",0.5703167244791985
1994,SON,"CDD (Rain, Australia)",36.0
1995,DJF,"Max Day (Rain, Australia)",5.633132457733154
1995,DJF,"Min Day (Rain, Australia)",0.2465437948703766
1995,DJF,"Total (Rain, Australia)",188.34694457054138
1995,DJF,"R10mm (Rain, Australia)",0.0
1995,DJF,"R20mm (Rain, Australia)",0.0
1995,DJF,"Max 5-Day (Rain, Australia)",24.13210153579712
1995,DJF,"Min 5-Day (Rain, Australia)",2.2347799837589264
1995,DJF,"CDD (Rain, Australia)",7.0
1995,MAM,"Max Day (Rain, Australia)",4.87593412399292
1995,MAM,"Min Day (Rain, Australia)",0.07864873111248016
1995,MAM,"Total (Rain, Australia)",111.4604107812047
1995,MAM,"R10mm (Rain, Australia)",0.0
1995,MAM,"R20mm (Rain, Australia)",0.0
1995,MAM,"Max 5-Day (Rain, Australia)",20.415282249450684
1995,MAM,"Min 5-Day (Rain, Australia)",1.3057260513305664
1995,MAM,"CDD (Rain, Australia)",12.0
1995,JJA,"Max Day (Rain, Australia)",2.430412530899048
1995,JJA,"Min Day (Rain, Australia)",0.07895468175411224
1995,JJA,"Total (Rain, Australia)",62.592619478702545
1995,JJA,"R10mm (Rain, Australia)",0.0
1995,JJA,"R20mm (Rain, Australia)",0.0
1995,JJA,"Max 5-Day (Rain, Australia)",8.845070123672485
1995,JJA,"Min 5-Day (Rain, Australia)",1.1428953856229782
1995,JJA,"CDD (Rain, Australia)",15.0
1995,SON,"Max Day (Rain, Australia)",2.8400585651397705
1995,SON,"Min Day (Rain, Australia)",0.047551386058330536
1995,SON,"Total (Rain, Australia)",65.8351389542222
1995,SON,"R10mm (Rain, Australia)",0.0
1995,SON,"R20mm (Rain, Australia)",0.0
1995,SON,"Max 5-Day (Rain, Australia)",11.287389278411865
1995,SON,"Min 5-Day (Rain, Australia)",0.7351809963583946
1995,SON,"CDD (Rain, Australia)",17.0
1996,DJF,"Max Day (Rain, Australia)",3.8396873474121094
1996,DJF,"Min Day (Rain, Australia)",0.26266705989837646
1996,DJF,"Total (Rain, Australia)",149.5730394423008
1996,DJF,"R10mm (Rain, Australia)",0.0
1996,DJF,"R20mm (Rain, Australia)",0.0
1996,DJF,"Max 5-Day (Rain, Australia)",17.007941722869873
1996,DJF,"Min 5-Day (Rain, Australia)",2.625970035791397
1996,DJF,"CDD (Rain, Australia)",6.0
1996,MAM,"Max Day (Rain, Australia)",4.610815048217773
1996,MAM,"Min Day (Rain, Australia)",0.1448589265346527
1996,MAM,"Total (Rain, Australia)",124.11131618916988
1996,MAM,"R10mm (Rain, Australia)",0.0
1996,MAM,"R20mm (Rain, Australia)",0.0
1996,MAM,"Max 5-Day (Rain, Australia)",21.13130211830139
1996,MAM,"Min 5-Day (Rain, Australia)",1.103848323225975
1996,MAM,"CDD (Rain, Australia)",21.0
1996,JJA,"Max Day (Rain, Australia)",3.34551739692688
1996,JJA,"Min Day (Rain, Australia)",0.22444111108779907
1996,JJA,"Total (Rain, Australia)",85.93661610782146
1996,JJA,"R10mm (Rain, Australia)",0.0
1996,JJA,"R20mm (Rain, Australia)",0.0
1996,JJA,"Max 5-Day (Rain, Australia)",10.98576819896698
1996,JJA,"Min 5-Day (Rain, Australia)",2.0186367332935333
1996,JJA,"CDD (Rain, Australia)",22.0
1996,SON,"Max Day (Rain, Australia)",2.777987003326416
1996,SON,"Min Day (Rain, Australia)",0.05962885171175003
1996,SON,"Total (Rain, Australia)",63.068003080785275
1996,SON,"R10mm (Rain, Australia)",0.0
1996,SON,"R20mm (Rain, Australia)",0.0
1996,SON,"Max 5-Day (Rain, Australia)",9.301194965839386
1996,SON,"Min 5-Day (Rain, Australia)",1.0053312331438065
1996,SON,"CDD (Rain, Australia)",18.0
1997,DJF,"Max Day (Rain, Australia)",5.939899444580078
1997,DJF,"Min Day (Rain, Australia)",0.35422444343566895
1997,DJF,"Total (Rain, Australia)",220.54757767915726
1997,DJF,"R10mm (Rain, Australia)",0.0
1997,DJF,"R20mm (Rain, Australia)",0.0
1997,DJF,"Max 5-Day (Rain, Australia)",26.08244800567627
1997,DJF,"Min 5-Day (Rain, Australia)",1.3288492485880852
1997,DJF,"CDD (Rain, Australia)",3.0
1997,MAM,"Max Day (Rain, Australia)",4.397111415863037
1997,MAM,"Min Day (Rain, Australia)",0.10549557209014893
1997,MAM,"Total (Rain, Australia)",98.99960862100124
1997,MAM,"R10mm (Rain, Australia)",0.0
1997,MAM,"R20mm (Rain, Australia)",0.0
1997,MAM,"Max 5-Day (Rain, Australia)",18.137191772460938
1997,MAM,"Min 5-Day (Rain, Australia)",0.9880246520042419
1997,MAM,"CDD (Rain, Australia)",38.0
1997,JJA,"Max Day (Rain, Australia)",1.9751583337783813
1997,JJA,"Min Day (Rain, Australia)",0.10310093313455582
1997,JJA,"Total (Rain, Australia)",54.61783029139042
1997,JJA,"R10mm (Rain, Australia)",0.0
1997,JJA,"R20mm (Rain, Australia)",0.0
1997,JJA,"Max 5-Day (Rain, Australia)",6.421392619609833
1997,JJA,"Min 5-Day (Rain, Australia)",0.9180338457226753
1997,JJA,"CDD (Rain, Australia)",31.0
1997,SON,"Max Day (Rain, Australia)",2.831343650817871
1997,SON,"Min Day (Rain, Australia)",0.09399635344743729
1997,SON,"Total (Rain, Australia)",59.2154610902071
1997,SON,"R10mm (Rain, Australia)",0.0
1997,SON,"R20mm (Rain, Australia)",0.0
1997,SON,"Max 5-Day (Rain, Australia)",7.811257004737854
1997,SON,"Min 5-Day (Rain, Australia)",0.7164386957883835
1997,SON,"CDD (Rain, Australia)",22.0
1998,DJF,"Max Day (Rain, Australia)",4.09749174118042
1998,DJF,"Min Day (Rain, Australia)",0.3471530079841614
1998,DJF,"Total (Rain, Australia)",165.42415890097618
1998,DJF,"R10mm (Rain, Australia)",0.0
1998,DJF,"R20mm (Rain, Australia)",0.0
1998,DJF,"Max 5-Day (Rain, Australia)",14.38430380821228
1998,DJF,"Min 5-Day (Rain, Australia)",3.4469865262508392
1998,DJF,"CDD (Rain, Australia)",4.0
1998,MAM,"Max Day (Rain, Australia)",4.428356647491455
1998,MAM,"Min Day (Rain, Australia)",0.13965639472007751
1998,MAM,"Total (Rain, Australia)",105.98334953188896
1998,MAM,"R10mm (Rain, Australia)",0.0
1998,MAM,"R20mm (Rain, Australia)",0.0
1998,MAM,"Max 5-Day (Rain, Australia)",15.599164485931396
1998,MAM,"Min 5-Day (Rain, Australia)",1.2074494510889053
1998,MAM,"CDD (Rain, Australia)",12.0
1998,JJA,"Max Day (Rain, Australia)",3.0813217163085938
1998,JJA,"Min Day (Rain, Australia)",0.1455681025981903
1998,JJA,"Total (Rain, Australia)",98.56655636429787
1998,JJA,"R10mm (Rain, Australia)",0.0
1998,JJA,"R20mm (Rain, Australia)",0.0
1998,JJA,"Max 5-Day (Rain, Australia)",8.88834011554718
1998,JJA,"Min 5-Day (Rain, Australia)",1.4974417835474014
1998,JJA,"CDD (Rain, Australia)",8.0
1998,SON,"Max Day (Rain, Australia)",3.4739232063293457
1998,SON,"Min Day (Rain, Australia)",0.11767132580280304
1998,SON,"Total (Rain, Australia)",92.3353330641985
1998,SON,"R10mm (Rain, Australia)",0.0
1998,SON,"R20mm (Rain, Australia)",0.0
1998,SON,"Max 5-Day (Rain, Australia)",12.883265137672424
1998,SON,"Min 5-Day (Rain, Australia)",1.331925630569458
1998,SON,"CDD (Rain, Australia)",10.0
1999,DJF,"Max Day (Rain, Australia)",4.80386209487915
1999,DJF,"Min Day (Rain, Australia)",0.7095017433166504
1999,DJF,"Total (Rain, Australia)",204.88478738069534
1999,DJF,"R10mm (Rain, Australia)",0.0
1999,DJF,"R20mm (Rain, Australia)",0.0
1999,DJF,"Max 5-Day (Rain, Australia)",19.91355848312378
1999,DJF,"Min 5-Day (Rain, Australia)",6.287125110626221
1999,DJF,"CDD (Rain, Australia)",2.0
1999,MAM,"Max Day (Rain, Australia)",4.567477226257324
1999,MAM,"Min Day (Rain, Australia)",0.12176056951284409
1999,MAM,"Total (Rain, Australia)",152.25921962410212
1999,MAM,"R10mm (Rain, Australia)",0.0
1999,MAM,"R20mm (Rain, Australia)",0.0
1999,MAM,"Max 5-Day (Rain, Australia)",17.23257803916931
1999,MAM,"Min 5-Day (Rain, Australia)",1.3498785346746445
1999,MAM,"CDD (Rain, Australia)",17.0
1999,JJA,"Max Day (Rain, Australia)",2.425035238265991
1999,JJA,"Min Day (Rain, Australia)",0.04985921457409859
1999,JJA,"Total (Rain, Australia)",67.78683545067906
1999,JJA,"R10mm (Rain, Australia)",0.0
1999,JJA,"R20mm (Rain, Australia)",0.0
1999,JJA,"Max 5-Day (Rain, Australia)",7.017482876777649
1999,JJA,"Min 5-Day (Rain, Australia)",1.2386659383773804
1999,JJA,"CDD (Rain, Australia)",17.0
1999,SON,"Max Day (Rain, Australia)",2.959826707839966
1999,SON,"Min Day (Rain, Australia)",0.04350198432803154
1999,SON,"Total (Rain, Australia)",85.43313298746943
1999,SON,"R10mm (Rain, Australia)",0.0
1999,SON,"R20mm (Rain, Australia)",0.0
1999,SON,"Max 5-Day (Rain, Australia)",11.518614053726196
1999,SON,"Min 5-Day (Rain, Australia)",0.943389531224966
1999,SON,"CDD (Rain, Australia)",21.0
2000,DJF,"Max Day (Rain, Australia)",5.26171350479126
2000,DJF,"Min Day (Rain, Australia)",0.2985686659812927
2000,DJF,"Total (Rain, Australia)",223.8013942539692
2000,DJF,"R10mm (Rain, Australia)",0.0
2000,DJF,"R20mm (Rain, Australia)",0.0
2000,DJF,"Max 5-Day (Rain, Australia)",22.605996131896973
2000,DJF,"Min 5-Day (Rain, Australia)",2.640799790620804
2000,DJF,"CDD (Rain, Australia)",4.0
2000,MAM,"Max Day (Rain, Australia)",6.743091583251953
2000,MAM,"Min Day (Rain, Australia)",0.11267102509737015
2000,MAM,"Total (Rain, Australia)",175.2037939503789
2000,MAM,"R10mm (Rain, Australia)",0.0
2000,MAM,"R20mm (Rain, Australia)",0.0
2000,MAM,"Max 5-Day (Rain, Australia)",27.682047367095947
2000,MAM,"Min 5-Day (Rain, Australia)",1.828794501721859
2000,MAM,"CDD (Rain, Australia)",12.0
2000,JJA,"Max Day (Rain, Australia)",3.0265989303588867
2000,JJA,"Min Day (Rain, Australia)",0.1064729169011116
2000,JJA,"Total (Rain, Australia)",58.44538842886686
2000,JJA,"R10mm (Rain, Australia)",0.0
2000,JJA,"R20mm (Rain, Australia)",0.0
2000,JJA,"Max 5-Day (Rain, Australia)",7.476458668708801
2000,JJA,"Min 5-Day (Rain, Australia)",1.4104662835597992
2000,JJA,"CDD (Rain, Australia)",20.0
2000,SON,"Max Day (Rain, Australia)",3.0001485347747803
2000,SON,"Min Day (Rain, Australia)",0.04256449267268181
2000,SON,"Total (Rain, Australia)",89.94570096582174
2000,SON,"R10mm (Rain, Australia)",0.0
2000,SON,"R20mm (Rain, Australia)",0.0
2000,SON,"Max 5-Day (Rain, Australia)",12.79503607749939
2000,SON,"Min 5-Day (Rain, Australia)",0.5237006060779095
2000,SON,"CDD (Rain, Australia)",37.0
2001,DJF,"Max Day (Rain, Australia)",5.607604503631592
2001,DJF,"Min Day (Rain, Australia)",0.7361410856246948
2001,DJF,"Total (Rain, Australia)",223.1939525604248
2001,DJF,"R10mm (Rain, Australia)",0.0
2001,DJF,"R20mm (Rain, Australia)",0.0
2001,DJF,"Max 5-Day (Rain, Australia)",23.08659029006958
2001,DJF,"Min 5-Day (Rain, Australia)",6.388598918914795
2001,DJF,"CDD (Rain, Australia)",2.0
2001,MAM,"Max Day (Rain, Australia)",4.512310028076172
2001,MAM,"Min Day (Rain, Australia)",0.12326006591320038
2001,MAM,"Total (Rain, Australia)",117.8879319280386
2001,MAM,"R10mm (Rain, Australia)",0.0
2001,MAM,"R20mm (Rain, Australia)",0.0
2001,MAM,"Max 5-Day (Rain, Australia)",16.13433027267456
2001,MAM,"Min 5-Day (Rain, Australia)",1.9332180321216583
2001,MAM,"CDD (Rain, Australia)",23.0
2001,JJA,"Max Day (Rain, Australia)",2.365567922592163
2001,JJA,"Min Day (Rain, Australia)",0.07644331455230713
2001,JJA,"Total (Rain, Australia)",64.85899855196476
2001,JJA,"R10mm (Rain, Australia)",0.0
2001,JJA,"R20mm (Rain, Australia)",0.0
2001,JJA,"Max 5-Day (Rain, Australia)",8.885803580284119
2001,JJA,"Min 5-Day (Rain, Australia)",0.9682622849941254
2001,JJA,"CDD (Rain, Australia)",24.0
2001,SON,"Max Day (Rain, Australia)",2.3487131595611572
2001,SON,"Min Day (Rain, Australia)",0.06203826889395714
2001,SON,"Total (Rain, Australia)",75.40654422715306
2001,SON,"R10mm (Rain, Australia)",0.0
2001,SON,"R20mm (Rain, Australia)",0.0
2001,SON,"Max 5-Day (Rain, Australia)",8.299955904483795
2001,SON,"Min 5-Day (Rain, Australia)",0.7192847467958927
2001,SON,"CDD (Rain, Australia)",19.0
2002,DJF,"Max Day (Rain, Australia)",4.578576564788818
2002,DJF,"Min Day (Rain, Australia)",0.3832244575023651
2002,DJF,"Total (Rain, Australia)",162.61608281731606
2002,DJF,"R10mm (Rain, Australia)",0.0
2002,DJF,"R20mm (Rain, Australia)",0.0
2002,DJF,"Max 5-Day (Rain, Australia)",19.380321741104126
2002,DJF,"Min 5-Day (Rain, Australia)",2.277180165052414
2002,DJF,"CDD (Rain, Australia)",13.0
2002,MAM,"Max Day (Rain, Australia)",2.143047571182251
2002,MAM,"Min Day (Rain, Australia)",0.12610676884651184
2002,MAM,"Total (Rain, Australia)",58.583789855241776
2002,MAM,"R10mm (Rain, Australia)",0.0
2002,MAM,"R20mm (Rain, Australia)",0.0
2002,MAM,"Max 5-Day (Rain, Australia)",10.871258854866028
2002,MAM,"Min 5-Day (Rain, Australia)",1.3197031468153
2002,MAM,"CDD (Rain, Australia)",43.0
2002,JJA,"Max Day (Rain, Australia)",2.6219239234924316
2002,JJA,"Min Day (Rain, Australia)",0.086537204682827
2002,JJA,"Total (Rain, Australia)",51.507743537425995
2002,JJA,"R10mm (Rain, Australia)",0.0
2002,JJA,"R20mm (Rain, Australia)",0.0
2002,JJA,"Max 5-Day (Rain, Australia)",7.653153359889984
2002,JJA,"Min 5-Day (Rain, Australia)",1.299358919262886
2002,JJA,"CDD (Rain, Australia)",65.0
2002,SON,"Max Day (Rain, Australia)",1.5416526794433594
2002,SON,"Min Day (Rain, Australia)",0.034399162977933884
2002,SON,"Total (Rain, Australia)",37.24349491670728
2002,SON,"R10mm (Rain, Australia)",0.0
2002,SON,"R20mm (Rain, Australia)",0.0
2002,SON,"Max 5-Day (Rain, Australia)",5.673037111759186
2002,SON,"Min 5-Day (Rain, Australia)",0.46564504131674767
2002,SON,"CDD (Rain, Australia)",40.0
2003,DJF,"Max Day (Rain, Australia)",5.94632625579834
2003,DJF,"Min Day (Rain, Australia)",0.15583044290542603
2003,DJF,"Total (Rain, Australia)",163.13236731290817
2003,DJF,"R10mm (Rain, Australia)",0.0
2003,DJF,"R20mm (Rain, Australia)",0.0
2003,DJF,"Max 5-Day (Rain, Australia)",24.3297438621521
2003,DJF,"Min 5-Day (Rain, Australia)",1.1909914016723633
2003,DJF,"CDD (Rain, Australia)",11.0
2003,MAM,"Max Day (Rain, Australia)",5.34505033493042
2003,MAM,"Min Day (Rain, Australia)",0.17014463245868683
2003,MAM,"Total (Rain, Australia)",99.9602568000555
2003,MAM,"R10mm (Rain, Australia)",0.0
2003,MAM,"R20mm (Rain, Australia)",0.0
2003,MAM,"Max 5-Day (Rain, Australia)",23.954070568084717
2003,MAM,"Min 5-Day (Rain, Australia)",1.3827245086431503
2003,MAM,"CDD (Rain, Australia)",14.0
2003,JJA,"Max Day (Rain, Australia)",3.46881103515625
2003,JJA,"Min Day (Rain, Australia)",0.055643726140260696
2003,JJA,"Total (Rain, Australia)",69.2023968808353
2003,JJA,"R10mm (Rain, Australia)",0.0
2003,JJA,"R20mm (Rain, Australia)",0.0
2003,JJA,"Max 5-Day (Rain, Australia)",9.035319209098816
2003,JJA,"Min 5-Day (Rain, Australia)",0.972334049642086
2003,JJA,"CDD (Rain, Australia)",21.0
2003,SON,"Max Day (Rain, Australia)",2.191131591796875
2003,SON,"Min Day (Rain, Australia)",0.08336029946804047
2003,SON,"Total (Rain, Australia)",48.38598631322384
2003,SON,"R10mm (Rain, Australia)",0.0
2003,SON,"R20mm (Rain, Australia)",0.0
2003,SON,"Max 5-Day (Rain, Australia)",6.805542469024658
2003,SON,"Min 5-Day (Rain, Australia)",1.0632658153772354
2003,SON,"CDD (Rain, Australia)",45.0
2004,DJF,"Max Day (Rain, Australia)",5.90662145614624
2004,DJF,"Min Day (Rain, Australia)",0.2671128809452057
2004,DJF,"Total (Rain, Australia)",207.7894641160965
2004,DJF,"R10mm (Rain, Australia)",0.0
2004,DJF,"R20mm (Rain, Australia)",0.0
2004,DJF,"Max 5-Day (Rain, Australia)",19.518165111541748
2004,DJF,"Min 5-Day (Rain, Australia)",2.333498701453209
2004,DJF,"CDD (Rain, Australia)",5.0
2004,MAM,"Max Day (Rain, Australia)",4.620744705200195
2004,MAM,"Min Day (Rain, Australia)",0.08990997821092606
2004,MAM,"Total (Rain, Australia)",119.46415152400732
2004,MAM,"R10mm (Rain, Australia)",0.0
2004,MAM,"R20mm (Rain, Australia)",0.0
2004,MAM,"Max 5-Day (Rain, Australia)",16.870349645614624
2004,MAM,"Min 5-Day (Rain, Australia)",1.9086881801486015
2004,MAM,"CDD (Rain, Australia)",18.0
2004,JJA,"Max Day (Rain, Australia)",2.3911638259887695
2004,JJA,"Min Day (Rain, Australia)",0.12439796328544617
2004,JJA,"Total (Rain, Australia)",59.632800951600075
2004,JJA,"R10mm (Rain, Australia)",0.0
2004,JJA,"R20mm (Rain, Australia)",0.0
2004,JJA,"Max 5-Day (Rain, Australia)",8.024734735488892
2004,JJA,"Min 5-Day (Rain, Australia)",1.332109123468399
2004,JJA,"CDD (Rain, Australia)",25.0
2004,SON,"Max Day (Rain, Australia)",2.238947868347168
2004,SON,"Min Day (Rain, Australia)",0.04298432916402817
2004,SON,"Total (Rain, Australia)",54.61742011830211
2004,SON,"R10mm (Rain, Australia)",0.0
2004,SON,"R20mm (Rain, Australia)",0.0
2004,SON,"Max 5-Day (Rain, Australia)",8.190044522285461
2004,SON,"Min 5-Day (Rain, Australia)",0.5124191902577877
2004,SON,"CDD (Rain, Australia)",21.0
2005,DJF,"Max Day (Rain, Australia)",4.9418792724609375
2005,DJF,"Min Day (Rain, Australia)",0.28144243359565735
2005,DJF,"Total (Rain, Australia)",128.08737993240356
2005,DJF,"R10mm (Rain, Australia)",0.0
2005,DJF,"R20mm (Rain, Australia)",0.0
2005,DJF,"Max 5-Day (Rain, Australia)",14.498475313186646
2005,DJF,"Min 5-Day (Rain, Australia)",1.5854797959327698
2005,DJF,"CDD (Rain, Australia)",11.0
2005,MAM,"Max Day (Rain, Australia)",3.244708299636841
2005,MAM,"Min Day (Rain, Australia)",0.06306423991918564
2005,MAM,"Total (Rain, Australia)",79.97662624716759
2005,MAM,"R10mm (Rain, Australia)",0.0
2005,MAM,"R20mm (Rain, Australia)",0.0
2005,MAM,"Max 5-Day (Rain, Australia)",12.983572840690613
2005,MAM,"Min 5-Day (Rain, Australia)",0.8075763806700706
2005,MAM,"CDD (Rain, Australia)",16.0
2005,JJA,"Max Day (Rain, Australia)",5.052154064178467
2005,JJA,"Min Day (Rain, Australia)",0.08255975693464279
2005,JJA,"Total (Rain, Australia)",87.72633639723063
2005,JJA,"R10mm (Rain, Australia)",0.0
2005,JJA,"R20mm (Rain, Australia)",0.0
2005,JJA,"Max 5-Day (Rain, Australia)",12.181950449943542
2005,JJA,"Min 5-Day (Rain, Australia)",0.6152852028608322
2005,JJA,"CDD (Rain, Australia)",12.0
2005,SON,"Max Day (Rain, Australia)",1.8635112047195435
2005,SON,"Min Day (Rain, Australia)",0.07045729458332062
2005,SON,"Total (Rain, Australia)",72.51923887431622
2005,SON,"R10mm (Rain, Australia)",0.0
2005,SON,"R20mm (Rain, Australia)",0.0
2005,SON,"Max 5-Day (Rain, Australia)",8.751949548721313
2005,SON,"Min 5-Day (Rain, Australia)",1.092692919075489
2005,SON,"CDD (Rain, Australia)",11.0
2006,DJF,"Max Day (Rain, Australia)",5.2492289543151855
2006,DJF,"Min Day (Rain, Australia)",0.34803593158721924
2006,DJF,"Total (Rain, Australia)",174.02487114071846
2006,DJF,"R10mm (Rain, Australia)",0.0
2006,DJF,"R20mm (Rain, Australia)",0.0
2006,DJF,"Max 5-Day (Rain, Australia)",21.45262885093689
2006,DJF,"Min 5-Day (Rain, Australia)",2.3342735171318054
2006,DJF,"CDD (Rain, Australia)",5.0
2006,MAM,"Max Day (Rain, Australia)",4.749624729156494
2006,MAM,"Min Day (Rain, Australia)",0.23602992296218872
2006,MAM,"Total (Rain, Australia)",165.19341361522675
2006,MAM,"R10mm (Rain, Australia)",0.0
2006,MAM,"R20mm (Rain, Australia)",0.0
2006,MAM,"Max 5-Day (Rain, Australia)",19.039600372314453
2006,MAM,"Min 5-Day (Rain, Australia)",1.5417897403240204
2006,MAM,"CDD (Rain, Australia)",16.0
2006,JJA,"Max Day (Rain, Australia)",3.9091885089874268
2006,JJA,"Min Day (Rain, Australia)",0.05757397413253784
2006,JJA,"Total (Rain, Australia)",55.9294011592865
2006,JJA,"R10mm (Rain, Australia)",0.0
2006,JJA,"R20mm (Rain, Australia)",0.0
2006,JJA,"Max 5-Day (Rain, Australia)",10.683851599693298
2006,JJA,"Min 5-Day (Rain, Australia)",0.8934093564748764
2006,JJA,"CDD (Rain, Australia)",33.0
2006,SON,"Max Day (Rain, Australia)",1.9431984424591064
2006,SON,"Min Day (Rain, Australia)",0.02366766333580017
2006,SON,"Total (Rain, Australia)",38.19448836520314
2006,SON,"R10mm (Rain, Australia)",0.0
2006,SON,"R20mm (Rain, Australia)",0.0
2006,SON,"Max 5-Day (Rain, Australia)",5.892693758010864
2006,SON,"Min 5-Day (Rain, Australia)",0.42418964207172394
2006,SON,"CDD (Rain, Australia)",52.0
2007,DJF,"Max Day (Rain, Australia)",4.377619743347168
2007,DJF,"Min Day (Rain, Australia)",0.11713767796754837
2007,DJF,"Total (Rain, Australia)",160.88615838438272
2007,DJF,"R10mm (Rain, Australia)",0.0
2007,DJF,"R20mm (Rain, Australia)",0.0
2007,DJF,"Max 5-Day (Rain, Australia)",18.594655990600586
2007,DJF,"Min 5-Day (Rain, Australia)",1.4808507934212685
2007,DJF,"CDD (Rain, Australia)",4.0
2007,MAM,"Max Day (Rain, Australia)",4.5470194816589355
2007,MAM,"Min Day (Rain, Australia)",0.08428100496530533
2007,MAM,"Total (Rain, Australia)",124.39960872381926
2007,MAM,"R10mm (Rain, Australia)",0.0
2007,MAM,"R20mm (Rain, Australia)",0.0
2007,MAM,"Max 5-Day (Rain, Australia)",15.25748348236084
2007,MAM,"Min 5-Day (Rain, Australia)",0.9634640887379646
2007,MAM,"CDD (Rain, Australia)",17.0
2007,JJA,"Max Day (Rain, Australia)",4.360213756561279
2007,JJA,"Min Day (Rain, Australia)",0.10019891709089279
2007,JJA,"Total (Rain, Australia)",77.73466438800097
2007,JJA,"R10mm (Rain, Australia)",0.0
2007,JJA,"R20mm (Rain, Australia)",0.0
2007,JJA,"Max 5-Day (Rain, Australia)",11.64668184518814
2007,JJA,"Min 5-Day (Rain, Australia)",1.1534833759069443
2007,JJA,"CDD (Rain, Australia)",24.0
2007,SON,"Max Day (Rain, Australia)",2.3849875926971436
2007,SON,"Min Day (Rain, Australia)",0.11013425141572952
2007,SON,"Total (Rain, Australia)",56.36010102182627
2007,SON,"R10mm (Rain, Australia)",0.0
2007,SON,"R20mm (Rain, Australia)",0.0
2007,SON,"Max 5-Day (Rain, Australia)",8.533780455589294
2007,SON,"Min 5-Day (Rain, Australia)",0.8406181931495667
2007,SON,"CDD (Rain, Australia)",32.0
2008,DJF,"Max Day (Rain, Australia)",5.854504108428955
2008,DJF,"Min Day (Rain, Australia)",0.47609347105026245
2008,DJF,"Total (Rain, Australia)",216.5568934082985
2008,DJF,"R10mm (Rain, Australia)",0.0
2008,DJF,"R20mm (Rain, Australia)",0.0
2008,DJF,"Max 5-Day (Rain, Australia)",25.530241012573242
2008,DJF,"Min 5-Day (Rain, Australia)",4.0786967277526855
2008,DJF,"CDD (Rain, Australia)",2.0
2008,MAM,"Max Day (Rain, Australia)",2.6748664379119873
2008,MAM,"Min Day (Rain, Australia)",0.06366221606731415
2008,MAM,"Total (Rain, Australia)",80.9193493872881
2008,MAM,"R10mm (Rain, Australia)",0.0
2008,MAM,"R20mm (Rain, Australia)",0.0
2008,MAM,"Max 5-Day (Rain, Australia)",13.981613039970398
2008,MAM,"Min 5-Day (Rain, Australia)",0.770811639726162
2008,MAM,"CDD (Rain, Australia)",30.0
2008,JJA,"Max Day (Rain, Australia)",4.522063732147217
2008,JJA,"Min Day (Rain, Australia)",0.06686221808195114
2008,JJA,"Total (Rain, Australia)",66.11121980845928
2008,JJA,"R10mm (Rain, Australia)",0.0
2008,JJA,"R20mm (Rain, Australia)",0.0
2008,JJA,"Max 5-Day (Rain, Australia)",10.45978432893753
2008,JJA,"Min 5-Day (Rain, Australia)",0.9188071563839912
2008,JJA,"CDD (Rain, Australia)",31.0
2008,SON,"Max Day (Rain, Australia)",3.0670440196990967
2008,SON,"Min Day (Rain, Australia)",0.048158448189496994
2008,SON,"Total (Rain, Australia)",73.44710874184966
2008,SON,"R10mm (Rain, Australia)",0.0
2008,SON,"R20mm (Rain, Australia)",0.0
2008,SON,"Max 5-Day (Rain, Australia)",11.943054676055908
2008,SON,"Min 5-Day (Rain, Australia)",1.0816072225570679
2008,SON,"CDD (Rain, Australia)",45.0
2009,DJF,"Max Day (Rain, Australia)",5.411201000213623
2009,DJF,"Min Day (Rain, Australia)",0.4841634929180145
2009,DJF,"Total (Rain, Australia)",232.74721285700798
2009,DJF,"R10mm (Rain, Australia)",0.0
2009,DJF,"R20mm (Rain, Australia)",0.0
2009,DJF,"Max 5-Day (Rain, Australia)",21.680341005325317
2009,DJF,"Min 5-Day (Rain, Australia)",3.624186545610428
2009,DJF,"CDD (Rain, Australia)",5.0
2009,MAM,"Max Day (Rain, Australia)",3.422236919403076
2009,MAM,"Min Day (Rain, Australia)",0.0809880793094635
2009,MAM,"Total (Rain, Australia)",88.81034581363201
2009,MAM,"R10mm (Rain, Australia)",0.0
2009,MAM,"R20mm (Rain, Australia)",0.0
2009,MAM,"Max 5-Day (Rain, Australia)",11.708266854286194
2009,MAM,"Min 5-Day (Rain, Australia)",1.9132566452026367
2009,MAM,"CDD (Rain, Australia)",21.0
2009,JJA,"Max Day (Rain, Australia)",2.0663719177246094
2009,JJA,"Min Day (Rain, Australia)",0.1463237702846527
2009,JJA,"Total (Rain, Australia)",63.85303054749966
2009,JJA,"R10mm (Rain, Australia)",0.0
2009,JJA,"R20mm (Rain, Australia)",0.0
2009,JJA,"Max 5-Day (Rain, Australia)",6.8601489663124084
2009,JJA,"Min 5-Day (Rain, Australia)",1.1381338238716125
2009,JJA,"CDD (Rain, Australia)",36.0
2009,SON,"Max Day (Rain, Australia)",2.1814653873443604
2009,SON,"Min Day (Rain, Australia)",0.05747903510928154
2009,SON,"Total (Rain, Australia)",52.13214033097029
2009,SON,"R10mm (Rain, Australia)",0.0
2009,SON,"R20mm (Rain, Australia)",0.0
2009,SON,"Max 5-Day (Rain, Australia)",6.757213711738586
2009,SON,"Min 5-Day (Rain, Australia)",0.37689510732889175
2009,SON,"CDD (Rain, Australia)",32.0
2010,DJF,"Max Day (Rain, Australia)",6.306787014007568
2010,DJF,"Min Day (Rain, Australia)",0.13426955044269562
2010,DJF,"Total (Rain, Australia)",207.01954871416092
2010,DJF,"R10mm (Rain, Australia)",0.0
2010,DJF,"R20mm (Rain, Australia)",0.0
2010,DJF,"Max 5-Day (Rain, Australia)",23.329320192337036
2010,DJF,"Min 5-Day (Rain, Australia)",1.1917857229709625
2010,DJF,"CDD (Rain, Australia)",10.0
2010,MAM,"Max Day (Rain, Australia)",5.3619890213012695
2010,MAM,"Min Day (Rain, Australia)",0.14152581989765167
2010,MAM,"Total (Rain, Australia)",124.88567668199539
2010,MAM,"R10mm (Rain, Australia)",0.0
2010,MAM,"R20mm (Rain, Australia)",0.0
2010,MAM,"Max 5-Day (Rain, Australia)",27.224173545837402
2010,MAM,"Min 5-Day (Rain, Australia)",1.017903357744217
2010,MAM,"CDD (Rain, Australia)",20.0
2010,JJA,"Max Day (Rain, Australia)",5.1756720542907715
2010,JJA,"Min Day (Rain, Australia)",0.060763709247112274
2010,JJA,"Total (Rain, Australia)",74.84048256278038
2010,JJA,"R10mm (Rain, Australia)",0.0
2010,JJA,"R20mm (Rain, Australia)",0.0
2010,JJA,"Max 5-Day (Rain, Australia)",10.27342277765274
2010,JJA,"Min 5-Day (Rain, Australia)",1.149006612598896
2010,JJA,"CDD (Rain, Australia)",13.0
2010,SON,"Max Day (Rain, Australia)",4.854119777679443
2010,SON,"Min Day (Rain, Australia)",0.256599485874176
2010,SON,"Total (Rain, Australia)",127.22777760028839
2010,SON,"R10mm (Rain, Australia)",0.0
2010,SON,"R20mm (Rain, Australia)",0.0
2010,SON,"Max 5-Day (Rain, Australia)",15.897799968719482
2010,SON,"Min 5-Day (Rain, Australia)",2.528201073408127
2010,SON,"CDD (Rain, Australia)",6.0
2011,DJF,"Max Day (Rain, Australia)",7.894747734069824
2011,DJF,"Min Day (Rain, Australia)",0.749646782875061
2011,DJF,"Total (Rain, Australia)",289.1745101213455
2011,DJF,"R10mm (Rain, Australia)",0.0
2011,DJF,"R20mm (Rain, Australia)",0.0
2011,DJF,"Max 5-Day (Rain, Australia)",27.147650241851807
2011,DJF,"Min 5-Day (Rain, Australia)",6.591498255729675
2011,DJF,"CDD (Rain, Australia)",1.0
2011,MAM,"Max Day (Rain, Australia)",5.053567409515381
2011,MAM,"Min Day (Rain, Australia)",0.1101401150226593
2011,MAM,"Total (Rain, Australia)",175.26328945159912
2011,MAM,"R10mm (Rain, Australia)",0.0
2011,MAM,"R20mm (Rain, Australia)",0.0
2011,MAM,"Max 5-Day (Rain, Australia)",23.302446365356445
2011,MAM,"Min 5-Day (Rain, Australia)",1.160258486866951
2011,MAM,"CDD (Rain, Australia)",20.0
2011,JJA,"Max Day (Rain, Australia)",1.8993995189666748
2011,JJA,"Min Day (Rain, Australia)",0.048007722944021225
2011,JJA,"Total (Rain, Australia)",67.70643955096602
2011,JJA,"R10mm (Rain, Australia)",0.0
2011,JJA,"R20mm (Rain, Australia)",0.0
2011,JJA,"Max 5-Day (Rain, Australia)",7.435867786407471
2011,JJA,"Min 5-Day (Rain, Australia)",1.818166621029377
2011,JJA,"CDD (Rain, Australia)",16.0
2011,SON,"Max Day (Rain, Australia)",3.0654046535491943
2011,SON,"Min Day (Rain, Australia)",0.04567263647913933
2011,SON,"Total (Rain, Australia)",81.6276492960751
2011,SON,"R10mm (Rain, Australia)",0.0
2011,SON,"R20mm (Rain, Australia)",0.0
2011,SON,"Max 5-Day (Rain, Australia)",13.182786703109741
2011,SON,"Min 5-Day (Rain, Australia)",0.7242887765169144
2011,SON,"CDD (Rain, Australia)",19.0
2012,DJF,"Max Day (Rain, Australia)",7.035996437072754
2012,DJF,"Min Day (Rain, Australia)",0.30057579278945923
2012,DJF,"Total (Rain, Australia)",191.1131308376789
2012,DJF,"R10mm (Rain, Australia)",0.0
2012,DJF,"R20mm (Rain, Australia)",0.0
2012,DJF,"Max 5-Day (Rain, Australia)",27.281291484832764
2012,DJF,"Min 5-Day (Rain, Australia)",2.220652222633362
2012,DJF,"CDD (Rain, Australia)",7.0
2012,MAM,"Max Day (Rain, Australia)",7.856093406677246
2012,MAM,"Min Day (Rain, Australia)",0.10846304148435593
2012,MAM,"Total (Rain, Australia)",146.5356768965721
2012,MAM,"R10mm (Rain, Australia)",0.0
2012,MAM,"R20mm (Rain, Australia)",0.0
2012,MAM,"Max 5-Day (Rain, Australia)",31.847615718841553
2012,MAM,"Min 5-Day (Rain, Australia)",0.9577693864703178
2012,MAM,"CDD (Rain, Australia)",20.0
2012,JJA,"Max Day (Rain, Australia)",3.389930009841919
2012,JJA,"Min Day (Rain, Australia)",0.11336716264486313
2012,JJA,"Total (Rain, Australia)",68.17166494578123
2012,JJA,"R10mm (Rain, Australia)",0.0
2012,JJA,"R20mm (Rain, Australia)",0.0
2012,JJA,"Max 5-Day (Rain, Australia)",11.177315711975098
2012,JJA,"Min 5-Day (Rain, Australia)",1.0988729447126389
2012,JJA,"CDD (Rain, Australia)",39.0
2012,SON,"Max Day (Rain, Australia)",1.5467032194137573
2012,SON,"Min Day (Rain, Australia)",0.034175511449575424
2012,SON,"Total (Rain, Australia)",43.59352298080921
2012,SON,"R10mm (Rain, Australia)",0.0
2012,SON,"R20mm (Rain, Australia)",0.0
2012,SON,"Max 5-Day (Rain, Australia)",6.002354860305786
2012,SON,"Min 5-Day (Rain, Australia)",0.674168985337019
2012,SON,"CDD (Rain, Australia)",28.0
2013,DJF,"Max Day (Rain, Australia)",5.651692867279053
2013,DJF,"Min Day (Rain, Australia)",0.1503414660692215
2013,DJF,"Total (Rain, Australia)",151.1219227015972
2013,DJF,"R10mm (Rain, Australia)",0.0
2013,DJF,"R20mm (Rain, Australia)",0.0
2013,DJF,"Max 5-Day (Rain, Australia)",23.753663778305054
2013,DJF,"Min 5-Day (Rain, Australia)",1.285806566476822
2013,DJF,"CDD (Rain, Australia)",9.0
2013,MAM,"Max Day (Rain, Australia)",5.557129383087158
2013,MAM,"Min Day (Rain, Australia)",0.09276492148637772
2013,MAM,"Total (Rain, Australia)",125.15999661386013
2013,MAM,"R10mm (Rain, Australia)",0.0
2013,MAM,"R20mm (Rain, Australia)",0.0
2013,MAM,"Max 5-Day (Rain, Australia)",24.48174023628235
2013,MAM,"Min 5-Day (Rain, Australia)",1.3776864781975746
2013,MAM,"CDD (Rain, Australia)",16.0
2013,JJA,"Max Day (Rain, Australia)",3.0893073081970215
2013,JJA,"Min Day (Rain, Australia)",0.12444005161523819
2013,JJA,"Total (Rain, Australia)",72.49915736168623
2013,JJA,"R10mm (Rain, Australia)",0.0
2013,JJA,"R20mm (Rain, Australia)",0.0
2013,JJA,"Max 5-Day (Rain, Australia)",8.229009091854095
2013,JJA,"Min 5-Day (Rain, Australia)",1.597196877002716
2013,JJA,"CDD (Rain, Australia)",23.0
2013,SON,"Max Day (Rain, Australia)",4.134397983551025
2013,SON,"Min Day (Rain, Australia)",0.07052987068891525
2013,SON,"Total (Rain, Australia)",66.72558339685202
2013,SON,"R10mm (Rain, Australia)",0.0
2013,SON,"R20mm (Rain, Australia)",0.0
2013,SON,"Max 5-Day (Rain, Australia)",13.70889925956726
2013,SON,"Min 5-Day (Rain, Australia)",0.6857694685459137
2013,SON,"CDD (Rain, Australia)",35.0
2014,DJF,"Max Day (Rain, Australia)",4.532987594604492
2014,DJF,"Min Day (Rain, Australia)",0.1790039986371994
2014,DJF,"Total (Rain, Australia)",181.52818723022938
2014,DJF,"R10mm (Rain, Australia)",0.0
2014,DJF,"R20mm (Rain, Australia)",0.0
2014,DJF,"Max 5-Day (Rain, Australia)",19.780158519744873
2014,DJF,"Min 5-Day (Rain, Australia)",2.275714337825775
2014,DJF,"CDD (Rain, Australia)",14.0
2014,MAM,"Max Day (Rain, Australia)",4.9674835205078125
2014,MAM,"Min Day (Rain, Australia)",0.16471213102340698
2014,MAM,"Total (Rain, Australia)",112.46784281730652
2014,MAM,"R10mm (Rain, Australia)",0.0
2014,MAM,"R20mm (Rain, Australia)",0.0
2014,MAM,"Max 5-Day (Rain, Australia)",16.596006870269775
2014,MAM,"Min 5-Day (Rain, Australia)",2.2246997952461243
2014,MAM,"CDD (Rain, Australia)",8.0
2014,JJA,"Max Day (Rain, Australia)",2.657102346420288
2014,JJA,"Min Day (Rain, Australia)",0.07635356485843658
2014,JJA,"Total (Rain, Australia)",59.01261559128761
2014,JJA,"R10mm (Rain, Australia)",0.0
2014,JJA,"R20mm (Rain, Australia)",0.0
2014,JJA,"Max 5-Day (Rain, Australia)",8.00246775150299
2014,JJA,"Min 5-Day (Rain, Australia)",0.9041176587343216
2014,JJA,"CDD (Rain, Australia)",31.0
2014,SON,"Max Day (Rain, Australia)",1.969508409500122
2014,SON,"Min Day (Rain, Australia)",0.0364781990647316
2014,SON,"Total (Rain, Australia)",39.096373833715916
2014,SON,"R10mm (Rain, Australia)",0.0
2014,SON,"R20mm (Rain, Australia)",0.0
2014,SON,"Max 5-Day (Rain, Australia)",5.452878534793854
2014,SON,"Min 5-Day (Rain, Australia)",0.6266458109021187
2014,SON,"CDD (Rain, Australia)",35.0
2015,DJF,"Max Day (Rain, Australia)",5.618432521820068
2015,DJF,"Min Day (Rain, Australia)",0.3677319288253784
2015,DJF,"Total (Rain, Australia)",169.1387119591236
2015,DJF,"R10mm (Rain, Australia)",0.0
2015,DJF,"R20mm (Rain, Australia)",0.0
2015,DJF,"Max 5-Day (Rain, Australia)",24.20119285583496
2015,DJF,"Min 5-Day (Rain, Australia)",3.583199143409729
2015,DJF,"CDD (Rain, Australia)",4.0
2015,MAM,"Max Day (Rain, Australia)",3.731712818145752
2015,MAM,"Min Day (Rain, Australia)",0.09855473786592484
2015,MAM,"Total (Rain, Australia)",98.50557199120522
2015,MAM,"R10mm (Rain, Australia)",0.0
2015,MAM,"R20mm (Rain, Australia)",0.0
2015,MAM,"Max 5-Day (Rain, Australia)",10.620805859565735
2015,MAM,"Min 5-Day (Rain, Australia)",1.4271394088864326
2015,MAM,"CDD (Rain, Australia)",13.0
2015,JJA,"Max Day (Rain, Australia)",2.4273219108581543
2015,JJA,"Min Day (Rain, Australia)",0.09149052947759628
2015,JJA,"Total (Rain, Australia)",59.62108865380287
2015,JJA,"R10mm (Rain, Australia)",0.0
2015,JJA,"R20mm (Rain, Australia)",0.0
2015,JJA,"Max 5-Day (Rain, Australia)",8.450643420219421
2015,JJA,"Min 5-Day (Rain, Australia)",1.1182091981172562
2015,JJA,"CDD (Rain, Australia)",29.0
2015,SON,"Max Day (Rain, Australia)",2.1114766597747803
2015,SON,"Min Day (Rain, Australia)",0.037621039897203445
2015,SON,"Total (Rain, Australia)",41.74418802931905
2015,SON,"R10mm (Rain, Australia)",0.0
2015,SON,"R20mm (Rain, Australia)",0.0
2015,SON,"Max 5-Day (Rain, Australia)",8.113927900791168
2015,SON,"Min 5-Day (Rain, Australia)",0.4089278094470501
2015,SON,"CDD (Rain, Australia)",61.0
2016,DJF,"Max Day (Rain, Australia)",4.9438886642456055
2016,DJF,"Min Day (Rain, Australia)",0.17370054125785828
2016,DJF,"Total (Rain, Australia)",143.18779964745045
2016,DJF,"R10mm (Rain, Australia)",0.0
2016,DJF,"R20mm (Rain, Australia)",0.0
2016,DJF,"Max 5-Day (Rain, Australia)",18.683950662612915
2016,DJF,"Min 5-Day (Rain, Australia)",1.8300413936376572
2016,DJF,"CDD (Rain, Australia)",12.0
2016,MAM,"Max Day (Rain, Australia)",3.8198089599609375
2016,MAM,"Min Day (Rain, Australia)",0.1297031193971634
2016,MAM,"Total (Rain, Australia)",106.77213847637177
2016,MAM,"R10mm (Rain, Australia)",0.0
2016,MAM,"R20mm (Rain, Australia)",0.0
2016,MAM,"Max 5-Day (Rain, Australia)",16.497531175613403
2016,MAM,"Min 5-Day (Rain, Australia)",1.2904865145683289
2016,MAM,"CDD (Rain, Australia)",33.0
2016,JJA,"Max Day (Rain, Australia)",7.626823902130127
2016,JJA,"Min Day (Rain, Australia)",0.13364340364933014
2016,JJA,"Total (Rain, Australia)",111.74913793802261
2016,JJA,"R10mm (Rain, Australia)",0.0
2016,JJA,"R20mm (Rain, Australia)",0.0
2016,JJA,"Max 5-Day (Rain, Australia)",21.05795919895172
2016,JJA,"Min 5-Day (Rain, Australia)",1.5813686698675156
2016,JJA,"CDD (Rain, Australia)",15.0
2016,SON,"Max Day (Rain, Australia)",2.6648409366607666
2016,SON,"Min Day (Rain, Australia)",0.07871703058481216
2016,SON,"Total (Rain, Australia)",69.64043784886599
2016,SON,"R10mm (Rain, Australia)",0.0
2016,SON,"R20mm (Rain, Australia)",0.0
2016,SON,"Max 5-Day (Rain, Australia)",9.692777514457703
2016,SON,"Min 5-Day (Rain, Australia)",0.9838268458843231
2016,SON,"CDD (Rain, Australia)",20.0
2017,DJF,"Max Day (Rain, Australia)",5.877070426940918
2017,DJF,"Min Day (Rain, Australia)",0.3479515314102173
2017,DJF,"Total (Rain, Australia)",217.04628536105156
2017,DJF,"R10mm (Rain, Australia)",0.0
2017,DJF,"R20mm (Rain, Australia)",0.0
2017,DJF,"Max 5-Day (Rain, Australia)",25.028351306915283
2017,DJF,"Min 5-Day (Rain, Australia)",2.1531077921390533
2017,DJF,"CDD (Rain, Australia)",5.0
2017,MAM,"Max Day (Rain, Australia)",5.490164279937744
2017,MAM,"Min Day (Rain, Australia)",0.07174018025398254
2017,MAM,"Total (Rain, Australia)",117.4958667755127
2017,MAM,"R10mm (Rain, Australia)",0.0
2017,MAM,"R20mm (Rain, Australia)",0.0
2017,MAM,"Max 5-Day (Rain, Australia)",16.748772740364075
2017,MAM,"Min 5-Day (Rain, Australia)",1.0275294482707977
2017,MAM,"CDD (Rain, Australia)",21.0
2017,JJA,"Max Day (Rain, Australia)",1.1986886262893677
2017,JJA,"Min Day (Rain, Australia)",0.11248908936977386
2017,JJA,"Total (Rain, Australia)",47.391638055443764
2017,JJA,"R10mm (Rain, Australia)",0.0
2017,JJA,"R20mm (Rain, Australia)",0.0
2017,JJA,"Max 5-Day (Rain, Australia)",4.465053677558899
2017,JJA,"Min 5-Day (Rain, Australia)",0.9907615035772324
2017,JJA,"CDD (Rain, Australia)",61.0
2017,SON,"Max Day (Rain, Australia)",2.1124186515808105
2017,SON,"Min Day (Rain, Australia)",0.07563605904579163
2017,SON,"Total (Rain, Australia)",69.84574477374554
2017,SON,"R10mm (Rain, Australia)",0.0
2017,SON,"R20mm (Rain, Australia)",0.0
2017,SON,"Max 5-Day (Rain, Australia)",9.528622388839722
2017,SON,"Min 5-Day (Rain, Australia)",0.9691930115222931
2017,SON,"CDD (Rain, Australia)",24.0
2018,DJF,"Max Day (Rain, Australia)",7.864335060119629
2018,DJF,"Min Day (Rain, Australia)",0.27053847908973694
2018,DJF,"Total (Rain, Australia)",177.18736401200294
2018,DJF,"R10mm (Rain, Australia)",0.0
2018,DJF,"R20mm (Rain, Australia)",0.0
2018,DJF,"Max 5-Day (Rain, Australia)",27.952785968780518
2018,DJF,"Min 5-Day (Rain, Australia)",2.060624748468399
2018,DJF,"CDD (Rain, Australia)",15.0
2018,MAM,"Max Day (Rain, Australia)",3.549671173095703
2018,MAM,"Min Day (Rain, Australia)",0.07824136316776276
2018,MAM,"Total (Rain, Australia)",86.53004640340805
2018,MAM,"R10mm (Rain, Australia)",0.0
2018,MAM,"R20mm (Rain, Australia)",0.0
2018,MAM,"Max 5-Day (Rain, Australia)",16.46140694618225
2018,MAM,"Min 5-Day (Rain, Australia)",0.8437632247805595
2018,MAM,"CDD (Rain, Australia)",25.0
2018,JJA,"Max Day (Rain, Australia)",2.318500518798828
2018,JJA,"Min Day (Rain, Australia)",0.06690197438001633
2018,JJA,"Total (Rain, Australia)",55.280621483922005
2018,JJA,"R10mm (Rain, Australia)",0.0
2018,JJA,"R20mm (Rain, Australia)",0.0
2018,JJA,"Max 5-Day (Rain, Australia)",7.178277969360352
2018,JJA,"Min 5-Day (Rain, Australia)",1.0030443295836449
2018,JJA,"CDD (Rain, Australia)",30.0
2018,SON,"Max Day (Rain, Australia)",2.3714561462402344
2018,SON,"Min Day (Rain, Australia)",0.03759421408176422
2018,SON,"Total (Rain, Australia)",53.43229725956917
2018,SON,"R10mm (Rain, Australia)",0.0
2018,SON,"R20mm (Rain, Australia)",0.0
2018,SON,"Max 5-Day (Rain, Australia)",7.250469326972961
2018,SON,"Min 5-Day (Rain, Australia)",0.6213139668107033
2018,SON,"CDD (Rain, Australia)",34.0
2019,DJF,"Max Day (Rain, Australia)",3.982398748397827
2019,DJF,"Min Day (Rain, Australia)",0.26378902792930603
2019,DJF,"Total (Rain, Australia)",126.71817454695702
2019,DJF,"R10mm (Rain, Australia)",0.0
2019,DJF,"R20mm (Rain, Australia)",0.0
2019,DJF,"Max 5-Day (Rain, Australia)",18.3579683303833
2019,DJF,"Min 5-Day (Rain, Australia)",1.9581414461135864
2019,DJF,"CDD (Rain, Australia)",18.0
2019,MAM,"Max Day (Rain, Australia)",3.992445945739746
2019,MAM,"Min Day (Rain, Australia)",0.14448417723178864
2019,MAM,"Total (Rain, Australia)",99.03052595257759
2019,MAM,"R10mm (Rain, Australia)",0.0
2019,MAM,"R20mm (Rain, Australia)",0.0
2019,MAM,"Max 5-Day (Rain, Australia)",16.7387797832489
2019,MAM,"Min 5-Day (Rain, Australia)",1.420550897717476
2019,MAM,"CDD (Rain, Australia)",27.0
2019,JJA,"Max Day (Rain, Australia)",2.423525094985962
2019,JJA,"Min Day (Rain, Australia)",0.09902910143136978
2019,JJA,"Total (Rain, Australia)",49.20598936825991
2019,JJA,"R10mm (Rain, Australia)",0.0
2019,JJA,"R20mm (Rain, Australia)",0.0
2019,JJA,"Max 5-Day (Rain, Australia)",6.072146058082581
2019,JJA,"Min 5-Day (Rain, Australia)",0.8709621503949165
2019,JJA,"CDD (Rain, Australia)",56.0
2019,SON,"Max Day (Rain, Australia)",1.2351925373077393
2019,SON,"Min Day (Rain, Australia)",0.0289249699562788
2019,SON,"Total (Rain, Australia)",27.944774752482772
2019,SON,"R10mm (Rain, Australia)",0.0
2019,SON,"R20mm (Rain, Australia)",0.0
2019,SON,"Max 5-Day (Rain, Australia)",4.43427586555481
2019,SON,"Min 5-Day (Rain, Australia)",0.3978277053683996
2019,SON,"CDD (Rain, Australia)",41.0
2020,DJF,"Max Day (Rain, Australia)",5.278079032897949
2020,DJF,"Min Day (Rain, Australia)",0.06499877572059631
2020,DJF,"Total (Rain, Australia)",151.08576478809118
2020,DJF,"R10mm (Rain, Australia)",0.0
2020,DJF,"R20mm (Rain, Australia)",0.0
2020,DJF,"Max 5-Day (Rain, Australia)",18.49014973640442
2020,DJF,"Min 5-Day (Rain, Australia)",0.842969186604023
2020,DJF,"CDD (Rain, Australia)",26.0
2020,MAM,"Max Day (Rain, Australia)",5.0215349197387695
2020,MAM,"Min Day (Rain, Australia)",0.14827752113342285
2020,MAM,"Total (Rain, Australia)",93.18468433618546
2020,MAM,"R10mm (Rain, Australia)",0.0
2020,MAM,"R20mm (Rain, Australia)",0.0
2020,MAM,"Max 5-Day (Rain, Australia)",17.72612452507019
2020,MAM,"Min 5-Day (Rain, Australia)",0.9291503727436066
2020,MAM,"CDD (Rain, Australia)",18.0
2020,JJA,"Max Day (Rain, Australia)",2.2108516693115234
2020,JJA,"Min Day (Rain, Australia)",0.027064116671681404
2020,JJA,"Total (Rain, Australia)",55.799237022176385
2020,JJA,"R10mm (Rain, Australia)",0.0
2020,JJA,"R20mm (Rain, Australia)",0.0
2020,JJA,"Max 5-Day (Rain, Australia)",7.720206439495087
2020,JJA,"Min 5-Day (Rain, Australia)",0.5713456645607948
2020,JJA,"CDD (Rain, Australia)",23.0
2020,SON,"Max Day (Rain, Australia)",1.9154655933380127
2020,SON,"Min Day (Rain, Australia)",0.09132105857133865
2020,SON,"Total (Rain, Australia)",56.75641820579767
2020,SON,"R10mm (Rain, Australia)",0.0
2020,SON,"R20mm (Rain, Australia)",0.0
2020,SON,"Max 5-Day (Rain, Australia)",7.393663644790649
2020,SON,"Min 5-Day (Rain, Australia)",0.81316227465868
2020,SON,"CDD (Rain, Australia)",24.0
2021,DJF,"Max Day (Rain, Australia)",6.071818828582764
2021,DJF,"Min Day (Rain, Australia)",0.5688750743865967
2021,DJF,"Total (Rain, Australia)",210.74536591768265
2021,DJF,"R10mm (Rain, Australia)",0.0
2021,DJF,"R20mm (Rain, Australia)",0.0
2021,DJF,"Max 5-Day (Rain, Australia)",20.712090253829956
2021,DJF,"Min 5-Day (Rain, Australia)",3.8468632996082306
2021,DJF,"CDD (Rain, Australia)",3.0
2021,MAM,"Max Day (Rain, Australia)",6.46267557144165
2021,MAM,"Min Day (Rain, Australia)",0.1311802864074707
2021,MAM,"Total (Rain, Australia)",125.12287516891956
2021,MAM,"R10mm (Rain, Australia)",0.0
2021,MAM,"R20mm (Rain, Australia)",0.0
2021,MAM,"Max 5-Day (Rain, Australia)",24.860461711883545
2021,MAM,"Min 5-Day (Rain, Australia)",1.041850820183754
2021,MAM,"CDD (Rain, Australia)",12.0
2021,JJA,"Max Day (Rain, Australia)",1.8627984523773193
2021,JJA,"Min Day (Rain, Australia)",0.1034911721944809
2021,JJA,"Total (Rain, Australia)",67.01489420980215
2021,JJA,"R10mm (Rain, Australia)",0.0
2021,JJA,"R20mm (Rain, Australia)",0.0
2021,JJA,"Max 5-Day (Rain, Australia)",7.290498495101929
2021,JJA,"Min 5-Day (Rain, Australia)",1.1897281631827354
2021,JJA,"CDD (Rain, Australia)",22.0
2021,SON,"Max Day (Rain, Australia)",3.8922722339630127
2021,SON,"Min Day (Rain, Australia)",0.05608205124735832
2021,SON,"Total (Rain, Australia)",85.5841307900846
2021,SON,"R10mm (Rain, Australia)",0.0
2021,SON,"R20mm (Rain, Australia)",0.0
2021,SON,"Max 5-Day (Rain, Australia)",14.730349779129028
2021,SON,"Min 5-Day (Rain, Australia)",0.795429315418005
2021,SON,"CDD (Rain, Australia)",24.0
2022,DJF,"Max Day (Rain, Australia)",5.131019592285156
2022,DJF,"Min Day (Rain, Australia)",0.23589329421520233
2022,DJF,"Total (Rain, Australia)",169.58620555698872
2022,DJF,"R10mm (Rain, Australia)",0.0
2022,DJF,"R20mm (Rain, Australia)",0.0
2022,DJF,"Max 5-Day (Rain, Australia)",23.160966396331787
2022,DJF,"Min 5-Day (Rain, Australia)",1.6531758457422256
2022,DJF,"CDD (Rain, Australia)",9.0
2022,MAM,"Max Day (Rain, Australia)",5.3600592613220215
2022,MAM,"Min Day (Rain, Australia)",0.2649100720882416
2022,MAM,"Total (Rain, Australia)",139.91001304984093
2022,MAM,"R10mm (Rain, Australia)",0.0
2022,MAM,"R20mm (Rain, Australia)",0.0
2022,MAM,"Max 5-Day (Rain, Australia)",19.671248078346252
2022,MAM,"Min 5-Day (Rain, Australia)",2.2587594389915466
2022,MAM,"CDD (Rain, Australia)",5.0
2022,JJA,"Max Day (Rain, Australia)",3.6090314388275146
2022,JJA,"Min Day (Rain, Australia)",0.09194685518741608
2022,JJA,"Total (Rain, Australia)",74.58129142224789
2022,JJA,"R10mm (Rain, Australia)",0.0
2022,JJA,"R20mm (Rain, Australia)",0.0
2022,JJA,"Max 5-Day (Rain, Australia)",13.319385290145874
2022,JJA,"Min 5-Day (Rain, Australia)",1.5002543777227402
2022,JJA,"CDD (Rain, Australia)",13.0
2022,SON,"Max Day (Rain, Australia)",3.484922409057617
2022,SON,"Min Day (Rain, Australia)",0.24856525659561157
2022,SON,"Total (Rain, Australia)",115.19310933351517
2022,SON,"R10mm (Rain, Australia)",0.0
2022,SON,"R20mm (Rain, Australia)",0.0
2022,SON,"Max 5-Day (Rain, Australia)",11.48904001712799
2022,SON,"Min 5-Day (Rain, Australia)",1.6654788553714752
2022,SON,"CDD (Rain, Australia)",9.0
2023,DJF,"Max Day (Rain, Australia)",5.116714954376221
2023,DJF,"Min Day (Rain, Australia)",0.19166719913482666
2023,DJF,"Total (Rain, Australia)",203.2234514951706
2023,DJF,"R10mm (Rain, Australia)",0.0
2023,DJF,"R20mm (Rain, Australia)",0.0
2023,DJF,"Max 5-Day (Rain, Australia)",23.48707103729248
2023,DJF,"Min 5-Day (Rain, Australia)",1.4874132871627808
2023,DJF,"CDD (Rain, Australia)",10.0
2023,MAM,"Max Day (Rain, Australia)",3.329331398010254
2023,MAM,"Min Day (Rain, Australia)",0.07821262627840042
2023,MAM,"Total (Rain, Australia)",97.86786071956158
2023,MAM,"R10mm (Rain, Australia)",0.0
2023,MAM,"R20mm (Rain, Australia)",0.0
2023,MAM,"Max 5-Day (Rain, Australia)",16.44150447845459
2023,MAM,"Min 5-Day (Rain, Australia)",1.0197183042764664
2023,MAM,"CDD (Rain, Australia)",15.0
2023,JJA,"Max Day (Rain, Australia)",2.8534374237060547
2023,JJA,"Min Day (Rain, Australia)",0.08381807059049606
2023,JJA,"Total (Rain, Australia)",60.568695455789566
2023,JJA,"R10mm (Rain, Australia)",0.0
2023,JJA,"R20mm (Rain, Australia)",0.0
2023,JJA,"Max 5-Day (Rain, Australia)",9.798583149909973
2023,JJA,"Min 5-Day (Rain, Australia)",0.556129164993763
2023,JJA,"CDD (Rain, Australia)",28.0
2023,SON,"Max Day (Rain, Australia)",2.8075454235076904
2023,SON,"Min Day (Rain, Australia)",0.020181860774755478
2023,SON,"Total (Rain, Australia)",46.14924235641956
2023,SON,"R10mm (Rain, Australia)",0.0
2023,SON,"R20mm (Rain, Australia)",0.0
2023,SON,"Max 5-Day (Rain, Australia)",9.570754170417786
2023,SON,"Min 5-Day (Rain, Australia)",0.2706112340092659
2023,SON,"CDD (Rain, Australia)",33.0
2024,DJF,"Max Day (Rain, Australia)",5.110126972198486
2024,DJF,"Min Day (Rain, Australia)",0.31969577074050903
2024,DJF,"Total (Rain, Australia)",186.45842617750168
2024,DJF,"R10mm (Rain, Australia)",0.0
2024,DJF,"R20mm (Rain, Australia)",0.0
2024,DJF,"Max 5-Day (Rain, Australia)",23.68987512588501
2024,DJF,"Min 5-Day (Rain, Australia)",2.099423587322235
2024,DJF,"CDD (Rain, Australia)",6.0
2024,MAM,"Max Day (Rain, Australia)",4.1866912841796875
2024,MAM,"Min Day (Rain, Australia)",0.09955482929944992
2024,MAM,"Total (Rain, Australia)",136.17057874053717
2024,MAM,"R10mm (Rain, Australia)",0.0
2024,MAM,"R20mm (Rain, Australia)",0.0
2024,MAM,"Max 5-Day (Rain, Australia)",17.602606534957886
2024,MAM,"Min 5-Day (Rain, Australia)",0.7585229203104973
2024,MAM,"CDD (Rain, Australia)",17.0
2024,JJA,"Max Day (Rain, Australia)",2.521273136138916
2024,JJA,"Min Day (Rain, Australia)",0.15705004334449768
2024,JJA,"Total (Rain, Australia)",69.25794076919556
2024,JJA,"R10mm (Rain, Australia)",0.0
2024,JJA,"R20mm (Rain, Australia)",0.0
2024,JJA,"Max 5-Day (Rain, Australia)",10.882858037948608
2024,JJA,"Min 5-Day (Rain, Australia)",1.8567818850278854
2024,JJA,"CDD (Rain, Australia)",24.0
2024,SON,"Max Day (Rain, Australia)",4.011942386627197
2024,SON,"Min Day (Rain, Australia)",0.056895602494478226
2024,SON,"Total (Rain, Australia)",67.40842938795686
2024,SON,"R10mm (Rain, Australia)",0.0
2024,SON,"R20mm (Rain, Australia)",0.0
2024,SON,"Max 5-Day (Rain, Australia)",11.464213371276855
2024,SON,"Min 5-Day (Rain, Australia)",0.8941634334623814
2024,SON,"CDD (Rain, Australia)",23.0
2025,DJF,"Max Day (Rain, Australia)",3.6411468982696533
2025,DJF,"Min Day (Rain, Australia)",0.3068298101425171
2025,DJF,"Total (Rain, Australia)",51.33827105164528
2025,DJF,"R10mm (Rain, Australia)",0.0
2025,DJF,"R20mm (Rain, Australia)",0.0
2025,DJF,"Max 5-Day (Rain, Australia)",15.3803231716156
2025,DJF,"Min 5-Day (Rain, Australia)",2.802134245634079
2025,DJF,"CDD (Rain, Australia)",7.0
1971,Annual,"Max Day (Rain, Australia)",5.05330228805542
1971,Annual,"Min Day (Rain, Australia)",0.13283464312553406
1971,Annual,"Total (Rain, Australia)",468.7047082334757
1971,Annual,"R10mm (Rain, Australia)",0.0
1971,Annual,"R20mm (Rain, Australia)",0.0
1971,Annual,"Max 5-Day (Rain, Australia)",22.441081523895264
1971,Annual,"Min 5-Day (Rain, Australia)",1.2982581853866577
1971,Annual,"CDD (Rain, Australia)",37.0
1972,Annual,"Max Day (Rain, Australia)",6.041729927062988
1972,Annual,"Min Day (Rain, Australia)",0.059567730873823166
1972,Annual,"Total (Rain, Australia)",379.7109511233866
1972,Annual,"R10mm (Rain, Australia)",0.0
1972,Annual,"R20mm (Rain, Australia)",0.0
1972,Annual,"Max 5-Day (Rain, Australia)",26.570285320281982
1972,Annual,"Min 5-Day (Rain, Australia)",0.9676989316940308
1972,Annual,"CDD (Rain, Australia)",44.0
1973,Annual,"Max Day (Rain, Australia)",5.550278186798096
1973,Annual,"Min Day (Rain, Australia)",0.07625851780176163
1973,Annual,"Total (Rain, Australia)",566.2554580047727
1973,Annual,"R10mm (Rain, Australia)",0.0
1973,Annual,"R20mm (Rain, Australia)",0.0
1973,Annual,"Max 5-Day (Rain, Australia)",23.339834213256836
1973,Annual,"Min 5-Day (Rain, Australia)",1.2569922134280205
1973,Annual,"CDD (Rain, Australia)",18.0
1974,Annual,"Max Day (Rain, Australia)",7.113890647888184
1974,Annual,"Min Day (Rain, Australia)",0.19147637486457825
1974,Annual,"Total (Rain, Australia)",598.1337637007236
1974,Annual,"R10mm (Rain, Australia)",0.0
1974,Annual,"R20mm (Rain, Australia)",0.0
1974,Annual,"Max 5-Day (Rain, Australia)",29.958442211151123
1974,Annual,"Min 5-Day (Rain, Australia)",1.4851904511451721
1974,Annual,"CDD (Rain, Australia)",19.0
1975,Annual,"Max Day (Rain, Australia)",5.190495014190674
1975,Annual,"Min Day (Rain, Australia)",0.10086128115653992
1975,Annual,"Total (Rain, Australia)",501.6320482939482
1975,Annual,"R10mm (Rain, Australia)",0.0
1975,Annual,"R20mm (Rain, Australia)",0.0
1975,Annual,"Max 5-Day (Rain, Australia)",24.05626153945923
1975,Annual,"Min 5-Day (Rain, Australia)",1.5697002708911896
1975,Annual,"CDD (Rain, Australia)",23.0
1976,Annual,"Max Day (Rain, Australia)",5.792133808135986
1976,Annual,"Min Day (Rain, Australia)",0.06028337404131889
1976,Annual,"Total (Rain, Australia)",453.39720087870955
1976,Annual,"R10mm (Rain, Australia)",0.0
1976,Annual,"R20mm (Rain, Australia)",0.0
1976,Annual,"Max 5-Day (Rain, Australia)",27.62089204788208
1976,Annual,"Min 5-Day (Rain, Australia)",0.6042047590017319
1976,Annual,"CDD (Rain, Australia)",25.0
1977,Annual,"Max Day (Rain, Australia)",6.8319807052612305
1977,Annual,"Min Day (Rain, Australia)",0.0355847030878067
1977,Annual,"Total (Rain, Australia)",413.8869092948735
1977,Annual,"R10mm (Rain, Australia)",0.0
1977,Annual,"R20mm (Rain, Australia)",0.0
1977,Annual,"Max 5-Day (Rain, Australia)",25.226661682128906
1977,Annual,"Min 5-Day (Rain, Australia)",0.5999694615602493
1977,Annual,"CDD (Rain, Australia)",96.0
1978,Annual,"Max Day (Rain, Australia)",7.566898345947266
1978,Annual,"Min Day (Rain, Australia)",0.10536625236272812
1978,Annual,"Total (Rain, Australia)",436.05690436810255
1978,Annual,"R10mm (Rain, Australia)",0.0
1978,Annual,"R20mm (Rain, Australia)",0.0
1978,Annual,"Max 5-Day (Rain, Australia)",27.087144374847412
1978,Annual,"Min 5-Day (Rain, Australia)",1.0554935187101364
1978,Annual,"CDD (Rain, Australia)",27.0
1979,Annual,"Max Day (Rain, Australia)",5.762441635131836
1979,Annual,"Min Day (Rain, Australia)",0.07284059375524521
1979,Annual,"Total (Rain, Australia)",392.3523737564683
1979,Annual,"R10mm (Rain, Australia)",0.0
1979,Annual,"R20mm (Rain, Australia)",0.0
1979,Annual,"Max 5-Day (Rain, Australia)",21.12727117538452
1979,Annual,"Min 5-Day (Rain, Australia)",0.7340017706155777
1979,Annual,"CDD (Rain, Australia)",37.0
1980,Annual,"Max Day (Rain, Australia)",5.0934882164001465
1980,Annual,"Min Day (Rain, Australia)",0.051721327006816864
1980,Annual,"Total (Rain, Australia)",375.97267296537757
1980,Annual,"R10mm (Rain, Australia)",0.0
1980,Annual,"R20mm (Rain, Australia)",0.0
1980,Annual,"Max 5-Day (Rain, Australia)",20.702312231063843
1980,Annual,"Min 5-Day (Rain, Australia)",0.48975735530257225
1980,Annual,"CDD (Rain, Australia)",40.0
1981,Annual,"Max Day (Rain, Australia)",6.677391529083252
1981,Annual,"Min Day (Rain, Australia)",0.06626783311367035
1981,Annual,"Total (Rain, Australia)",445.5139576494694
1981,Annual,"R10mm (Rain, Australia)",0.0
1981,Annual,"R20mm (Rain, Australia)",0.0
1981,Annual,"Max 5-Day (Rain, Australia)",23.09686803817749
1981,Annual,"Min 5-Day (Rain, Australia)",0.7764170244336128
1981,Annual,"CDD (Rain, Australia)",40.0
1982,Annual,"Max Day (Rain, Australia)",5.368402481079102
1982,Annual,"Min Day (Rain, Australia)",0.0602390393614769
1982,Annual,"Total (Rain, Australia)",353.33074977248907
1982,Annual,"R10mm (Rain, Australia)",0.0
1982,Annual,"R20mm (Rain, Australia)",0.0
1982,Annual,"Max 5-Day (Rain, Australia)",24.077415466308594
1982,Annual,"Min 5-Day (Rain, Australia)",0.5504320412874222
1982,Annual,"CDD (Rain, Australia)",52.0
1983,Annual,"Max Day (Rain, Australia)",7.398642539978027
1983,Annual,"Min Day (Rain, Australia)",0.05042591318488121
1983,Annual,"Total (Rain, Australia)",424.378864120692
1983,Annual,"R10mm (Rain, Australia)",0.0
1983,Annual,"R20mm (Rain, Australia)",0.0
1983,Annual,"Max 5-Day (Rain, Australia)",22.121487140655518
1983,Annual,"Min 5-Day (Rain, Australia)",0.5777299851179123
1983,Annual,"CDD (Rain, Australia)",22.0
1984,Annual,"Max Day (Rain, Australia)",5.760967254638672
1984,Annual,"Min Day (Rain, Australia)",0.09445684403181076
1984,Annual,"Total (Rain, Australia)",459.77662425488234
1984,Annual,"R10mm (Rain, Australia)",0.0
1984,Annual,"R20mm (Rain, Australia)",0.0
1984,Annual,"Max 5-Day (Rain, Australia)",24.156559467315674
1984,Annual,"Min 5-Day (Rain, Australia)",1.0057013109326363
1984,Annual,"CDD (Rain, Australia)",25.0
1985,Annual,"Max Day (Rain, Australia)",3.9885458946228027
1985,Annual,"Min Day (Rain, Australia)",0.061451755464076996
1985,Annual,"Total (Rain, Australia)",388.4709337204695
1985,Annual,"R10mm (Rain, Australia)",0.0
1985,Annual,"R20mm (Rain, Australia)",0.0
1985,Annual,"Max 5-Day (Rain, Australia)",16.17520308494568
1985,Annual,"Min 5-Day (Rain, Australia)",0.46033231168985367
1985,Annual,"CDD (Rain, Australia)",31.0
1986,Annual,"Max Day (Rain, Australia)",5.517277717590332
1986,Annual,"Min Day (Rain, Australia)",0.039015527814626694
1986,Annual,"Total (Rain, Australia)",352.04751074686646
1986,Annual,"R10mm (Rain, Australia)",0.0
1986,Annual,"R20mm (Rain, Australia)",0.0
1986,Annual,"Max 5-Day (Rain, Australia)",23.30130934715271
1986,Annual,"Min 5-Day (Rain, Australia)",0.5049681104719639
1986,Annual,"CDD (Rain, Australia)",26.0
1987,Annual,"Max Day (Rain, Australia)",4.753808975219727
1987,Annual,"Min Day (Rain, Australia)",0.0327928327023983
1987,Annual,"Total (Rain, Australia)",389.28028174489737
1987,Annual,"R10mm (Rain, Australia)",0.0
1987,Annual,"R20mm (Rain, Australia)",0.0
1987,Annual,"Max 5-Day (Rain, Australia)",19.31538224220276
1987,Annual,"Min 5-Day (Rain, Australia)",0.7162366583943367
1987,Annual,"CDD (Rain, Australia)",58.0
1988,Annual,"Max Day (Rain, Australia)",7.144354343414307
1988,Annual,"Min Day (Rain, Australia)",0.08628897368907928
1988,Annual,"Total (Rain, Australia)",426.7466685920954
1988,Annual,"R10mm (Rain, Australia)",0.0
1988,Annual,"R20mm (Rain, Australia)",0.0
1988,Annual,"Max 5-Day (Rain, Australia)",24.937515258789062
1988,Annual,"Min 5-Day (Rain, Australia)",1.0857185125350952
1988,Annual,"CDD (Rain, Australia)",43.0
1989,Annual,"Max Day (Rain, Australia)",6.480337142944336
1989,Annual,"Min Day (Rain, Australia)",0.07525704056024551
1989,Annual,"Total (Rain, Australia)",444.7305570617318
1989,Annual,"R10mm (Rain, Australia)",0.0
1989,Annual,"R20mm (Rain, Australia)",0.0
1989,Annual,"Max 5-Day (Rain, Australia)",26.541656017303467
1989,Annual,"Min 5-Day (Rain, Australia)",0.6428977847099304
1989,Annual,"CDD (Rain, Australia)",66.0
1990,Annual,"Max Day (Rain, Australia)",6.087966442108154
1990,Annual,"Min Day (Rain, Australia)",0.0434531606733799
1990,Annual,"Total (Rain, Australia)",396.1303983218968
1990,Annual,"R10mm (Rain, Australia)",0.0
1990,Annual,"R20mm (Rain, Australia)",0.0
1990,Annual,"Max 5-Day (Rain, Australia)",21.470840454101562
1990,Annual,"Min 5-Day (Rain, Australia)",0.5833371691405773
1990,Annual,"CDD (Rain, Australia)",44.0
1991,Annual,"Max Day (Rain, Australia)",5.5913848876953125
1991,Annual,"Min Day (Rain, Australia)",0.03531733527779579
1991,Annual,"Total (Rain, Australia)",394.7297915741801
1991,Annual,"R10mm (Rain, Australia)",0.0
1991,Annual,"R20mm (Rain, Australia)",0.0
1991,Annual,"Max 5-Day (Rain, Australia)",22.097185850143433
1991,Annual,"Min 5-Day (Rain, Australia)",0.5430525206029415
1991,Annual,"CDD (Rain, Australia)",104.0
1992,Annual,"Max Day (Rain, Australia)",5.109407901763916
1992,Annual,"Min Day (Rain, Australia)",0.06187920644879341
1992,Annual,"Total (Rain, Australia)",395.12143375724554
1992,Annual,"R10mm (Rain, Australia)",0.0
1992,Annual,"R20mm (Rain, Australia)",0.0
1992,Annual,"Max 5-Day (Rain, Australia)",19.23775553703308
1992,Annual,"Min 5-Day (Rain, Australia)",0.541974950581789
1992,Annual,"CDD (Rain, Australia)",16.0
1993,Annual,"Max Day (Rain, Australia)",5.942454814910889
1993,Annual,"Min Day (Rain, Australia)",0.08871516585350037
1993,Annual,"Total (Rain, Australia)",394.3332646563649
1993,Annual,"R10mm (Rain, Australia)",0.0
1993,Annual,"R20mm (Rain, Australia)",0.0
1993,Annual,"Max 5-Day (Rain, Australia)",25.428612232208252
1993,Annual,"Min 5-Day (Rain, Australia)",0.9627902507781982
1993,Annual,"CDD (Rain, Australia)",32.0
1994,Annual,"Max Day (Rain, Australia)",5.616189479827881
1994,Annual,"Min Day (Rain, Australia)",0.051509782671928406
1994,Annual,"Total (Rain, Australia)",315.4270208030939
1994,Annual,"R10mm (Rain, Australia)",0.0
1994,Annual,"R20mm (Rain, Australia)",0.0
1994,Annual,"Max 5-Day (Rain, Australia)",24.15240502357483
1994,Annual,"Min 5-Day (Rain, Australia)",0.5703167244791985
1994,Annual,"CDD (Rain, Australia)",56.0
1995,Annual,"Max Day (Rain, Australia)",5.633132457733154
1995,Annual,"Min Day (Rain, Australia)",0.047551386058330536
1995,Annual,"Total (Rain, Australia)",439.6481228917837
1995,Annual,"R10mm (Rain, Australia)",0.0
1995,Annual,"R20mm (Rain, Australia)",0.0
1995,Annual,"Max 5-Day (Rain, Australia)",24.13210153579712
1995,Annual,"Min 5-Day (Rain, Australia)",0.7351809963583946
1995,Annual,"CDD (Rain, Australia)",17.0
1996,Annual,"Max Day (Rain, Australia)",4.610815048217773
1996,Annual,"Min Day (Rain, Australia)",0.05962885171175003
1996,Annual,"Total (Rain, Australia)",429.4695544168353
1996,Annual,"R10mm (Rain, Australia)",0.0
1996,Annual,"R20mm (Rain, Australia)",0.0
1996,Annual,"Max 5-Day (Rain, Australia)",21.13130211830139
1996,Annual,"Min 5-Day (Rain, Australia)",1.0053312331438065
1996,Annual,"CDD (Rain, Australia)",22.0
1997,Annual,"Max Day (Rain, Australia)",5.939899444580078
1997,Annual,"Min Day (Rain, Australia)",0.09399635344743729
1997,Annual,"Total (Rain, Australia)",432.1961356252432
1997,Annual,"R10mm (Rain, Australia)",0.0
1997,Annual,"R20mm (Rain, Australia)",0.0
1997,Annual,"Max 5-Day (Rain, Australia)",26.08244800567627
1997,Annual,"Min 5-Day (Rain, Australia)",0.7164386957883835
1997,Annual,"CDD (Rain, Australia)",38.0
1998,Annual,"Max Day (Rain, Australia)",4.428356647491455
1998,Annual,"Min Day (Rain, Australia)",0.11767132580280304
1998,Annual,"Total (Rain, Australia)",468.20901165902615
1998,Annual,"R10mm (Rain, Australia)",0.0
1998,Annual,"R20mm (Rain, Australia)",0.0
1998,Annual,"Max 5-Day (Rain, Australia)",15.599164485931396
1998,Annual,"Min 5-Day (Rain, Australia)",1.2074494510889053
1998,Annual,"CDD (Rain, Australia)",19.0
1999,Annual,"Max Day (Rain, Australia)",5.236310958862305
1999,Annual,"Min Day (Rain, Australia)",0.04350198432803154
1999,Annual,"Total (Rain, Australia)",515.5083571746945
1999,Annual,"R10mm (Rain, Australia)",0.0
1999,Annual,"R20mm (Rain, Australia)",0.0
1999,Annual,"Max 5-Day (Rain, Australia)",19.91355848312378
1999,Annual,"Min 5-Day (Rain, Australia)",0.943389531224966
1999,Annual,"CDD (Rain, Australia)",21.0
2000,Annual,"Max Day (Rain, Australia)",6.743091583251953
2000,Annual,"Min Day (Rain, Australia)",0.04256449267268181
2000,Annual,"Total (Rain, Australia)",559.0992228612304
2000,Annual,"R10mm (Rain, Australia)",0.0
2000,Annual,"R20mm (Rain, Australia)",0.0
2000,Annual,"Max 5-Day (Rain, Australia)",27.682047367095947
2000,Annual,"Min 5-Day (Rain, Australia)",0.5237006060779095
2000,Annual,"CDD (Rain, Australia)",37.0
2001,Annual,"Max Day (Rain, Australia)",5.607604503631592
2001,Annual,"Min Day (Rain, Australia)",0.06203826889395714
2001,Annual,"Total (Rain, Australia)",446.0513920672238
2001,Annual,"R10mm (Rain, Australia)",0.0
2001,Annual,"R20mm (Rain, Australia)",0.0
2001,Annual,"Max 5-Day (Rain, Australia)",23.08659029006958
2001,Annual,"Min 5-Day (Rain, Australia)",0.7192847467958927
2001,Annual,"CDD (Rain, Australia)",28.0
2002,Annual,"Max Day (Rain, Australia)",4.578576564788818
2002,Annual,"Min Day (Rain, Australia)",0.034399162977933884
2002,Annual,"Total (Rain, Australia)",294.2471353597939
2002,Annual,"R10mm (Rain, Australia)",0.0
2002,Annual,"R20mm (Rain, Australia)",0.0
2002,Annual,"Max 5-Day (Rain, Australia)",19.380321741104126
2002,Annual,"Min 5-Day (Rain, Australia)",0.46564504131674767
2002,Annual,"CDD (Rain, Australia)",65.0
2003,Annual,"Max Day (Rain, Australia)",5.94632625579834
2003,Annual,"Min Day (Rain, Australia)",0.055643726140260696
2003,Annual,"Total (Rain, Australia)",413.95015869662166
2003,Annual,"R10mm (Rain, Australia)",0.0
2003,Annual,"R20mm (Rain, Australia)",0.0
2003,Annual,"Max 5-Day (Rain, Australia)",24.3297438621521
2003,Annual,"Min 5-Day (Rain, Australia)",0.972334049642086
2003,Annual,"CDD (Rain, Australia)",45.0
2004,Annual,"Max Day (Rain, Australia)",5.90662145614624
2004,Annual,"Min Day (Rain, Australia)",0.04298432916402817
2004,Annual,"Total (Rain, Australia)",427.148289848119
2004,Annual,"R10mm (Rain, Australia)",0.0
2004,Annual,"R20mm (Rain, Australia)",0.0
2004,Annual,"Max 5-Day (Rain, Australia)",19.518165111541748
2004,Annual,"Min 5-Day (Rain, Australia)",0.5124191902577877
2004,Annual,"CDD (Rain, Australia)",25.0
2005,Annual,"Max Day (Rain, Australia)",5.052154064178467
2005,Annual,"Min Day (Rain, Australia)",0.06306423991918564
2005,Annual,"Total (Rain, Australia)",361.2288620993495
2005,Annual,"R10mm (Rain, Australia)",0.0
2005,Annual,"R20mm (Rain, Australia)",0.0
2005,Annual,"Max 5-Day (Rain, Australia)",14.498475313186646
2005,Annual,"Min 5-Day (Rain, Australia)",0.6152852028608322
2005,Annual,"CDD (Rain, Australia)",18.0
2006,Annual,"Max Day (Rain, Australia)",5.2492289543151855
2006,Annual,"Min Day (Rain, Australia)",0.02366766333580017
2006,Annual,"Total (Rain, Australia)",427.54562997445464
2006,Annual,"R10mm (Rain, Australia)",0.0
2006,Annual,"R20mm (Rain, Australia)",0.0
2006,Annual,"Max 5-Day (Rain, Australia)",21.45262885093689
2006,Annual,"Min 5-Day (Rain, Australia)",0.42418964207172394
2006,Annual,"CDD (Rain, Australia)",52.0
2007,Annual,"Max Day (Rain, Australia)",4.826903820037842
2007,Annual,"Min Day (Rain, Australia)",0.08428100496530533
2007,Annual,"Total (Rain, Australia)",445.9094810858369
2007,Annual,"R10mm (Rain, Australia)",0.0
2007,Annual,"R20mm (Rain, Australia)",0.0
2007,Annual,"Max 5-Day (Rain, Australia)",18.594655990600586
2007,Annual,"Min 5-Day (Rain, Australia)",0.8406181931495667
2007,Annual,"CDD (Rain, Australia)",32.0
2008,Annual,"Max Day (Rain, Australia)",5.854504108428955
2008,Annual,"Min Day (Rain, Australia)",0.048158448189496994
2008,Annual,"Total (Rain, Australia)",441.9181477688253
2008,Annual,"R10mm (Rain, Australia)",0.0
2008,Annual,"R20mm (Rain, Australia)",0.0
2008,Annual,"Max 5-Day (Rain, Australia)",25.530241012573242
2008,Annual,"Min 5-Day (Rain, Australia)",0.770811639726162
2008,Annual,"CDD (Rain, Australia)",45.0
2009,Annual,"Max Day (Rain, Australia)",5.411201000213623
2009,Annual,"Min Day (Rain, Australia)",0.05747903510928154
2009,Annual,"Total (Rain, Australia)",427.9203818663955
2009,Annual,"R10mm (Rain, Australia)",0.0
2009,Annual,"R20mm (Rain, Australia)",0.0
2009,Annual,"Max 5-Day (Rain, Australia)",21.680341005325317
2009,Annual,"Min 5-Day (Rain, Australia)",0.37689510732889175
2009,Annual,"CDD (Rain, Australia)",36.0
2010,Annual,"Max Day (Rain, Australia)",6.306787014007568
2010,Annual,"Min Day (Rain, Australia)",0.060763709247112274
2010,Annual,"Total (Rain, Australia)",570.3073106110096
2010,Annual,"R10mm (Rain, Australia)",0.0
2010,Annual,"R20mm (Rain, Australia)",0.0
2010,Annual,"Max 5-Day (Rain, Australia)",27.224173545837402
2010,Annual,"Min 5-Day (Rain, Australia)",1.017903357744217
2010,Annual,"CDD (Rain, Australia)",20.0
2011,Annual,"Max Day (Rain, Australia)",7.894747734069824
2011,Annual,"Min Day (Rain, Australia)",0.04567263647913933
2011,Annual,"Total (Rain, Australia)",585.3367205709219
2011,Annual,"R10mm (Rain, Australia)",0.0
2011,Annual,"R20mm (Rain, Australia)",0.0
2011,Annual,"Max 5-Day (Rain, Australia)",27.147650241851807
2011,Annual,"Min 5-Day (Rain, Australia)",0.7242887765169144
2011,Annual,"CDD (Rain, Australia)",20.0
2012,Annual,"Max Day (Rain, Australia)",7.856093406677246
2012,Annual,"Min Day (Rain, Australia)",0.034175511449575424
2012,Annual,"Total (Rain, Australia)",422.13456816226244
2012,Annual,"R10mm (Rain, Australia)",0.0
2012,Annual,"R20mm (Rain, Australia)",0.0
2012,Annual,"Max 5-Day (Rain, Australia)",31.847615718841553
2012,Annual,"Min 5-Day (Rain, Australia)",0.674168985337019
2012,Annual,"CDD (Rain, Australia)",39.0
2013,Annual,"Max Day (Rain, Australia)",5.651692867279053
2013,Annual,"Min Day (Rain, Australia)",0.07052987068891525
2013,Annual,"Total (Rain, Australia)",414.97566571831703
2013,Annual,"R10mm (Rain, Australia)",0.0
2013,Annual,"R20mm (Rain, Australia)",0.0
2013,Annual,"Max 5-Day (Rain, Australia)",24.48174023628235
2013,Annual,"Min 5-Day (Rain, Australia)",0.6857694685459137
2013,Annual,"CDD (Rain, Australia)",37.0
2014,Annual,"Max Day (Rain, Australia)",4.9674835205078125
2014,Annual,"Min Day (Rain, Australia)",0.0364781990647316
2014,Annual,"Total (Rain, Australia)",404.85581984370947
2014,Annual,"R10mm (Rain, Australia)",0.0
2014,Annual,"R20mm (Rain, Australia)",0.0
2014,Annual,"Max 5-Day (Rain, Australia)",19.780158519744873
2014,Annual,"Min 5-Day (Rain, Australia)",0.6266458109021187
2014,Annual,"CDD (Rain, Australia)",35.0
2015,Annual,"Max Day (Rain, Australia)",5.618432521820068
2015,Annual,"Min Day (Rain, Australia)",0.037621039897203445
2015,Annual,"Total (Rain, Australia)",384.5515593774617
2015,Annual,"R10mm (Rain, Australia)",0.0
2015,Annual,"R20mm (Rain, Australia)",0.0
2015,Annual,"Max 5-Day (Rain, Australia)",24.20119285583496
2015,Annual,"Min 5-Day (Rain, Australia)",0.4089278094470501
2015,Annual,"CDD (Rain, Australia)",67.0
2016,Annual,"Max Day (Rain, Australia)",7.626823902130127
2016,Annual,"Min Day (Rain, Australia)",0.07871703058481216
2016,Annual,"Total (Rain, Australia)",432.03632589429617
2016,Annual,"R10mm (Rain, Australia)",0.0
2016,Annual,"R20mm (Rain, Australia)",0.0
2016,Annual,"Max 5-Day (Rain, Australia)",21.05795919895172
2016,Annual,"Min 5-Day (Rain, Australia)",0.9838268458843231
2016,Annual,"CDD (Rain, Australia)",33.0
2017,Annual,"Max Day (Rain, Australia)",5.877070426940918
2017,Annual,"Min Day (Rain, Australia)",0.07174018025398254
2017,Annual,"Total (Rain, Australia)",425.1015436947346
2017,Annual,"R10mm (Rain, Australia)",0.0
2017,Annual,"R20mm (Rain, Australia)",0.0
2017,Annual,"Max 5-Day (Rain, Australia)",25.028351306915283
2017,Annual,"Min 5-Day (Rain, Australia)",0.9691930115222931
2017,Annual,"CDD (Rain, Australia)",71.0
2018,Annual,"Max Day (Rain, Australia)",7.864335060119629
2018,Annual,"Min Day (Rain, Australia)",0.03759421408176422
2018,Annual,"Total (Rain, Australia)",378.61952094733715
2018,Annual,"R10mm (Rain, Australia)",0.0
2018,Annual,"R20mm (Rain, Australia)",0.0
2018,Annual,"Max 5-Day (Rain, Australia)",27.952785968780518
2018,Annual,"Min 5-Day (Rain, Australia)",0.6213139668107033
2018,Annual,"CDD (Rain, Australia)",61.0
2019,Annual,"Max Day (Rain, Australia)",3.992445945739746
2019,Annual,"Min Day (Rain, Australia)",0.0289249699562788
2019,Annual,"Total (Rain, Australia)",275.76984719000757
2019,Annual,"R10mm (Rain, Australia)",0.0
2019,Annual,"R20mm (Rain, Australia)",0.0
2019,Annual,"Max 5-Day (Rain, Australia)",18.3579683303833
2019,Annual,"Min 5-Day (Rain, Australia)",0.3978277053683996
2019,Annual,"CDD (Rain, Australia)",97.0
2020,Annual,"Max Day (Rain, Australia)",6.071818828582764
2020,Annual,"Min Day (Rain, Australia)",0.027064116671681404
2020,Annual,"Total (Rain, Australia)",417.14742241986096
2020,Annual,"R10mm (Rain, Australia)",0.0
2020,Annual,"R20mm (Rain, Australia)",0.0
2020,Annual,"Max 5-Day (Rain, Australia)",20.712090253829956
2020,Annual,"Min 5-Day (Rain, Australia)",0.5713456645607948
2020,Annual,"CDD (Rain, Australia)",33.0
2021,Annual,"Max Day (Rain, Australia)",6.46267557144165
2021,Annual,"Min Day (Rain, Australia)",0.05608205124735832
2021,Annual,"Total (Rain, Australia)",455.9357336945832
2021,Annual,"R10mm (Rain, Australia)",0.0
2021,Annual,"R20mm (Rain, Australia)",0.0
2021,Annual,"Max 5-Day (Rain, Australia)",24.860461711883545
2021,Annual,"Min 5-Day (Rain, Australia)",0.795429315418005
2021,Annual,"CDD (Rain, Australia)",24.0
2022,Annual,"Max Day (Rain, Australia)",5.3600592613220215
2022,Annual,"Min Day (Rain, Australia)",0.09194685518741608
2022,Annual,"Total (Rain, Australia)",511.5004747658968
2022,Annual,"R10mm (Rain, Australia)",0.0
2022,Annual,"R20mm (Rain, Australia)",0.0
2022,Annual,"Max 5-Day (Rain, Australia)",23.160966396331787
2022,Annual,"Min 5-Day (Rain, Australia)",1.4874132871627808
2022,Annual,"CDD (Rain, Australia)",13.0
2023,Annual,"Max Day (Rain, Australia)",5.116714954376221
2023,Annual,"Min Day (Rain, Australia)",0.020181860774755478
2023,Annual,"Total (Rain, Australia)",396.9418660104275
2023,Annual,"R10mm (Rain, Australia)",0.0
2023,Annual,"R20mm (Rain, Australia)",0.0
2023,Annual,"Max 5-Day (Rain, Australia)",23.48707103729248
2023,Annual,"Min 5-Day (Rain, Australia)",0.2706112340092659
2023,Annual,"CDD (Rain, Australia)",61.0
2024,Annual,"Max Day (Rain, Australia)",5.110126972198486
2024,Annual,"Min Day (Rain, Australia)",0.056895602494478226
2024,Annual,"Total (Rain, Australia)",468.70733815059066
2024,Annual,"R10mm (Rain, Australia)",0.0
2024,Annual,"R20mm (Rain, Australia)",0.0
2024,Annual,"Max 5-Day (Rain, Australia)",23.68987512588501
2024,Annual,"Min 5-Day (Rain, Australia)",0.7585229203104973
2024,Annual,"CDD (Rain, Australia)",35.0
1971,DJF,"Average (Temp, Australia)",24.823381989689196
1971,DJF,"Max Day (Temp, Australia)",31.30412483215332
1971,DJF,"Avg Max (Temp, Australia)",29.23183315083132
1971,DJF,"Days 37C 3h est (Temp, Australia)",0.0
1971,DJF,"Days 40C 3h est (Temp, Australia)",0.0
1971,DJF,"5-Day Avg Max (Temp, Australia)",30.788802337646484
1971,MAM,"Average (Temp, Australia)",21.43695751480434
1971,MAM,"Max Day (Temp, Australia)",28.728979110717773
1971,MAM,"Avg Max (Temp, Australia)",25.717886510102645
1971,MAM,"Days 37C 3h est (Temp, Australia)",0.0
1971,MAM,"Days 40C 3h est (Temp, Australia)",0.0
1971,MAM,"5-Day Avg Max (Temp, Australia)",28.784805679321288
1971,JJA,"Average (Temp, Australia)",16.35776149708292
1971,JJA,"Max Day (Temp, Australia)",22.870676040649414
1971,JJA,"Avg Max (Temp, Australia)",20.938228234000828
1971,JJA,"Days 37C 3h est (Temp, Australia)",0.0
1971,JJA,"Days 40C 3h est (Temp, Australia)",0.0
1971,JJA,"5-Day Avg Max (Temp, Australia)",22.56504096984863
1971,SON,"Average (Temp, Australia)",20.652675780621205
1971,SON,"Max Day (Temp, Australia)",27.777433395385742
1971,SON,"Avg Max (Temp, Australia)",25.547997799548472
1971,SON,"Days 37C 3h est (Temp, Australia)",0.0
1971,SON,"Days 40C 3h est (Temp, Australia)",0.0
1971,SON,"5-Day Avg Max (Temp, Australia)",27.383377075195312
1972,DJF,"Average (Temp, Australia)",23.9706173991109
1972,DJF,"Max Day (Temp, Australia)",30.861906051635742
1972,DJF,"Avg Max (Temp, Australia)",28.50274509388012
1972,DJF,"Days 37C 3h est (Temp, Australia)",0.0
1972,DJF,"Days 40C 3h est (Temp, Australia)",0.0
1972,DJF,"5-Day Avg Max (Temp, Australia)",30.67631301879883
1972,MAM,"Average (Temp, Australia)",21.372443577517632
1972,MAM,"Max Day (Temp, Australia)",28.97275161743164
1972,MAM,"Avg Max (Temp, Australia)",26.089878289595895
1972,MAM,"Days 37C 3h est (Temp, Australia)",0.0
1972,MAM,"Days 40C 3h est (Temp, Australia)",0.0
1972,MAM,"5-Day Avg Max (Temp, Australia)",28.583084869384766
1972,JJA,"Average (Temp, Australia)",16.731344772421796
1972,JJA,"Max Day (Temp, Australia)",24.709728240966797
1972,JJA,"Avg Max (Temp, Australia)",21.448437877323318
1972,JJA,"Days 37C 3h est (Temp, Australia)",0.0
1972,JJA,"Days 40C 3h est (Temp, Australia)",0.0
1972,JJA,"5-Day Avg Max (Temp, Australia)",24.388340759277344
1972,SON,"Average (Temp, Australia)",21.08801278963194
1972,SON,"Max Day (Temp, Australia)",28.66915512084961
1972,SON,"Avg Max (Temp, Australia)",26.145480879060514
1972,SON,"Days 37C 3h est (Temp, Australia)",0.0
1972,SON,"Days 40C 3h est (Temp, Australia)",0.0
1972,SON,"5-Day Avg Max (Temp, Australia)",28.23781547546387
1973,DJF,"Average (Temp, Australia)",25.036441220177544
1973,DJF,"Max Day (Temp, Australia)",32.88637924194336
1973,DJF,"Avg Max (Temp, Australia)",29.540302403767903
1973,DJF,"Days 37C 3h est (Temp, Australia)",0.0
1973,DJF,"Days 40C 3h est (Temp, Australia)",0.0
1973,DJF,"5-Day Avg Max (Temp, Australia)",32.055184555053714
1973,MAM,"Average (Temp, Australia)",22.202074662498806
1973,MAM,"Max Day (Temp, Australia)",30.496227264404297
1973,MAM,"Avg Max (Temp, Australia)",26.37346601486206
1973,MAM,"Days 37C 3h est (Temp, Australia)",0.0
1973,MAM,"Days 40C 3h est (Temp, Australia)",0.0
1973,MAM,"5-Day Avg Max (Temp, Australia)",29.699153900146484
1973,JJA,"Average (Temp, Australia)",17.411689561346304
1973,JJA,"Max Day (Temp, Australia)",23.68647003173828
1973,JJA,"Avg Max (Temp, Australia)",21.42955388193545
1973,JJA,"Days 37C 3h est (Temp, Australia)",0.0
1973,JJA,"Days 40C 3h est (Temp, Australia)",0.0
1973,JJA,"5-Day Avg Max (Temp, Australia)",24.441330337524413
1973,SON,"Average (Temp, Australia)",20.903626688234098
1973,SON,"Max Day (Temp, Australia)",29.239316940307617
1973,SON,"Avg Max (Temp, Australia)",25.51037729703463
1973,SON,"Days 37C 3h est (Temp, Australia)",0.0
1973,SON,"Days 40C 3h est (Temp, Australia)",0.0
1973,SON,"5-Day Avg Max (Temp, Australia)",28.706989288330078
1974,DJF,"Average (Temp, Australia)",23.930592166052925
1974,DJF,"Max Day (Temp, Australia)",30.042814254760742
1974,DJF,"Avg Max (Temp, Australia)",27.841362317403156
1974,DJF,"Days 37C 3h est (Temp, Australia)",0.0
1974,DJF,"Days 40C 3h est (Temp, Australia)",0.0
1974,DJF,"5-Day Avg Max (Temp, Australia)",29.757723999023437
1974,MAM,"Average (Temp, Australia)",21.46539470423823
1974,MAM,"Max Day (Temp, Australia)",28.541614532470703
1974,MAM,"Avg Max (Temp, Australia)",25.326367917268172
1974,MAM,"Days 37C 3h est (Temp, Australia)",0.0
1974,MAM,"Days 40C 3h est (Temp, Australia)",0.0
1974,MAM,"5-Day Avg Max (Temp, Australia)",28.515243911743163
1974,JJA,"Average (Temp, Australia)",16.61369748737501
1974,JJA,"Max Day (Temp, Australia)",23.153337478637695
1974,JJA,"Avg Max (Temp, Australia)",21.199377619701885
1974,JJA,"Days 37C 3h est (Temp, Australia)",0.0
1974,JJA,"Days 40C 3h est (Temp, Australia)",0.0
1974,JJA,"5-Day Avg Max (Temp, Australia)",22.540302276611328
1974,SON,"Average (Temp, Australia)",20.208751688946734
1974,SON,"Max Day (Temp, Australia)",28.438518524169922
1974,SON,"Avg Max (Temp, Australia)",24.852038226284822
1974,SON,"Days 37C 3h est (Temp, Australia)",0.0
1974,SON,"Days 40C 3h est (Temp, Australia)",0.0
1974,SON,"5-Day Avg Max (Temp, Australia)",27.97095832824707
1975,DJF,"Average (Temp, Australia)",23.981939803229437
1975,DJF,"Max Day (Temp, Australia)",31.844890594482422
1975,DJF,"Avg Max (Temp, Australia)",28.521901088290743
1975,DJF,"Days 37C 3h est (Temp, Australia)",0.0
1975,DJF,"Days 40C 3h est (Temp, Australia)",0.0
1975,DJF,"5-Day Avg Max (Temp, Australia)",31.43455352783203
1975,MAM,"Average (Temp, Australia)",21.478721364684727
1975,MAM,"Max Day (Temp, Australia)",29.03535270690918
1975,MAM,"Avg Max (Temp, Australia)",25.909766425257143
1975,MAM,"Days 37C 3h est (Temp, Australia)",0.0
1975,MAM,"Days 40C 3h est (Temp, Australia)",0.0
1975,MAM,"5-Day Avg Max (Temp, Australia)",28.579985046386717
1975,JJA,"Average (Temp, Australia)",17.0123887995015
1975,JJA,"Max Day (Temp, Australia)",24.394786834716797
1975,JJA,"Avg Max (Temp, Australia)",21.565400558969248
1975,JJA,"Days 37C 3h est (Temp, Australia)",0.0
1975,JJA,"Days 40C 3h est (Temp, Australia)",0.0
1975,JJA,"5-Day Avg Max (Temp, Australia)",23.831213760375977
1975,SON,"Average (Temp, Australia)",20.705993316985747
1975,SON,"Max Day (Temp, Australia)",29.640060424804688
1975,SON,"Avg Max (Temp, Australia)",25.148385729108536
1975,SON,"Days 37C 3h est (Temp, Australia)",0.0
1975,SON,"Days 40C 3h est (Temp, Australia)",0.0
1975,SON,"5-Day Avg Max (Temp, Australia)",29.07042579650879
1976,DJF,"Average (Temp, Australia)",23.802402129540077
1976,DJF,"Max Day (Temp, Australia)",29.731645584106445
1976,DJF,"Avg Max (Temp, Australia)",27.84365075499147
1976,DJF,"Days 37C 3h est (Temp, Australia)",0.0
1976,DJF,"Days 40C 3h est (Temp, Australia)",0.0
1976,DJF,"5-Day Avg Max (Temp, Australia)",29.366104888916016
1976,MAM,"Average (Temp, Australia)",21.24906381316807
1976,MAM,"Max Day (Temp, Australia)",29.18207550048828
1976,MAM,"Avg Max (Temp, Australia)",25.83462802223537
1976,MAM,"Days 37C 3h est (Temp, Australia)",0.0
1976,MAM,"Days 40C 3h est (Temp, Australia)",0.0
1976,MAM,"5-Day Avg Max (Temp, Australia)",28.84196662902832
1976,JJA,"Average (Temp, Australia)",16.39138604247052
1976,JJA,"Max Day (Temp, Australia)",23.343509674072266
1976,JJA,"Avg Max (Temp, Australia)",21.321202257405158
1976,JJA,"Days 37C 3h est (Temp, Australia)",0.0
1976,JJA,"Days 40C 3h est (Temp, Australia)",0.0
1976,JJA,"5-Day Avg Max (Temp, Australia)",23.084088134765626
1976,SON,"Average (Temp, Australia)",20.131809045980265
1976,SON,"Max Day (Temp, Australia)",28.456796646118164
1976,SON,"Avg Max (Temp, Australia)",24.917474809583727
1976,SON,"Days 37C 3h est (Temp, Australia)",0.0
1976,SON,"Days 40C 3h est (Temp, Australia)",0.0
1976,SON,"5-Day Avg Max (Temp, Australia)",28.007223510742186
1977,DJF,"Average (Temp, Australia)",24.63160138660007
1977,DJF,"Max Day (Temp, Australia)",31.161514282226562
1977,DJF,"Avg Max (Temp, Australia)",29.183272128634982
1977,DJF,"Days 37C 3h est (Temp, Australia)",0.0
1977,DJF,"Days 40C 3h est (Temp, Australia)",0.0
1977,DJF,"5-Day Avg Max (Temp, Australia)",30.70653190612793
1977,MAM,"Average (Temp, Australia)",21.311583570812058
1977,MAM,"Max Day (Temp, Australia)",28.983827590942383
1977,MAM,"Avg Max (Temp, Australia)",25.514619205308996
1977,MAM,"Days 37C 3h est (Temp, Australia)",0.0
1977,MAM,"Days 40C 3h est (Temp, Australia)",0.0
1977,MAM,"5-Day Avg Max (Temp, Australia)",28.56802635192871
1977,JJA,"Average (Temp, Australia)",16.560284852981567
1977,JJA,"Max Day (Temp, Australia)",25.548614501953125
1977,JJA,"Avg Max (Temp, Australia)",21.45886340348617
1977,JJA,"Days 37C 3h est (Temp, Australia)",0.0
1977,JJA,"Days 40C 3h est (Temp, Australia)",0.0
1977,JJA,"5-Day Avg Max (Temp, Australia)",24.67890739440918
1977,SON,"Average (Temp, Australia)",20.830891677311488
1977,SON,"Max Day (Temp, Australia)",29.448604583740234
1977,SON,"Avg Max (Temp, Australia)",25.793207545856852
1977,SON,"Days 37C 3h est (Temp, Australia)",0.0
1977,SON,"Days 40C 3h est (Temp, Australia)",0.0
1977,SON,"5-Day Avg Max (Temp, Australia)",28.520017623901367
1978,DJF,"Average (Temp, Australia)",24.52679772906833
1978,DJF,"Max Day (Temp, Australia)",30.715261459350586
1978,DJF,"Avg Max (Temp, Australia)",28.928547053866914
1978,DJF,"Days 37C 3h est (Temp, Australia)",0.0
1978,DJF,"Days 40C 3h est (Temp, Australia)",0.0
1978,DJF,"5-Day Avg Max (Temp, Australia)",30.400738143920897
1978,MAM,"Average (Temp, Australia)",21.97868113932402
1978,MAM,"Max Day (Temp, Australia)",31.58366584777832
1978,MAM,"Avg Max (Temp, Australia)",26.402077363884967
1978,MAM,"Days 37C 3h est (Temp, Australia)",0.0
1978,MAM,"Days 40C 3h est (Temp, Australia)",0.0
1978,MAM,"5-Day Avg Max (Temp, Australia)",30.88418197631836
1978,JJA,"Average (Temp, Australia)",16.417821847874187
1978,JJA,"Max Day (Temp, Australia)",23.132963180541992
1978,JJA,"Avg Max (Temp, Australia)",20.426553394483484
1978,JJA,"Days 37C 3h est (Temp, Australia)",0.0
1978,JJA,"Days 40C 3h est (Temp, Australia)",0.0
1978,JJA,"5-Day Avg Max (Temp, Australia)",22.95044937133789
1978,SON,"Average (Temp, Australia)",20.277728154109074
1978,SON,"Max Day (Temp, Australia)",29.537139892578125
1978,SON,"Avg Max (Temp, Australia)",24.948150550926126
1978,SON,"Days 37C 3h est (Temp, Australia)",0.0
1978,SON,"Days 40C 3h est (Temp, Australia)",0.0
1978,SON,"5-Day Avg Max (Temp, Australia)",29.238870239257814
1979,DJF,"Average (Temp, Australia)",24.41923303604126
1979,DJF,"Max Day (Temp, Australia)",30.816686630249023
1979,DJF,"Avg Max (Temp, Australia)",28.80710088941786
1979,DJF,"Days 37C 3h est (Temp, Australia)",0.0
1979,DJF,"Days 40C 3h est (Temp, Australia)",0.0
1979,DJF,"5-Day Avg Max (Temp, Australia)",30.401918029785158
1979,MAM,"Average (Temp, Australia)",21.431176859399546
1979,MAM,"Max Day (Temp, Australia)",29.41373634338379
1979,MAM,"Avg Max (Temp, Australia)",25.55116896007372
1979,MAM,"Days 37C 3h est (Temp, Australia)",0.0
1979,MAM,"Days 40C 3h est (Temp, Australia)",0.0
1979,MAM,"5-Day Avg Max (Temp, Australia)",28.639599609375
1979,JJA,"Average (Temp, Australia)",16.865211745967034
1979,JJA,"Max Day (Temp, Australia)",23.18402671813965
1979,JJA,"Avg Max (Temp, Australia)",21.489918024643607
1979,JJA,"Days 37C 3h est (Temp, Australia)",0.0
1979,JJA,"Days 40C 3h est (Temp, Australia)",0.0
1979,JJA,"5-Day Avg Max (Temp, Australia)",22.884187316894533
1979,SON,"Average (Temp, Australia)",21.11212614604405
1979,SON,"Max Day (Temp, Australia)",30.441993713378906
1979,SON,"Avg Max (Temp, Australia)",25.958182114821213
1979,SON,"Days 37C 3h est (Temp, Australia)",0.0
1979,SON,"Days 40C 3h est (Temp, Australia)",0.0
1979,SON,"5-Day Avg Max (Temp, Australia)",29.27613296508789
1980,DJF,"Average (Temp, Australia)",24.686270483247526
1980,DJF,"Max Day (Temp, Australia)",31.236167907714844
1980,DJF,"Avg Max (Temp, Australia)",29.161918723976218
1980,DJF,"Days 37C 3h est (Temp, Australia)",0.0
1980,DJF,"Days 40C 3h est (Temp, Australia)",0.0
1980,DJF,"5-Day Avg Max (Temp, Australia)",30.796289443969727
1980,MAM,"Average (Temp, Australia)",22.249774010285087
1980,MAM,"Max Day (Temp, Australia)",30.35305404663086
1980,MAM,"Avg Max (Temp, Australia)",26.657509948896326
1980,MAM,"Days 37C 3h est (Temp, Australia)",0.0
1980,MAM,"Days 40C 3h est (Temp, Australia)",0.0
1980,MAM,"5-Day Avg Max (Temp, Australia)",29.972929763793946
1980,JJA,"Average (Temp, Australia)",17.057216271110203
1980,JJA,"Max Day (Temp, Australia)",24.665958404541016
1980,JJA,"Avg Max (Temp, Australia)",21.51266684739486
1980,JJA,"Days 37C 3h est (Temp, Australia)",0.0
1980,JJA,"Days 40C 3h est (Temp, Australia)",0.0
1980,JJA,"5-Day Avg Max (Temp, Australia)",23.752635955810547
1980,SON,"Average (Temp, Australia)",21.425178506872157
1980,SON,"Max Day (Temp, Australia)",30.37946891784668
1980,SON,"Avg Max (Temp, Australia)",26.546851126702276
1980,SON,"Days 37C 3h est (Temp, Australia)",0.0
1980,SON,"Days 40C 3h est (Temp, Australia)",0.0
1980,SON,"5-Day Avg Max (Temp, Australia)",29.80039405822754
1981,DJF,"Average (Temp, Australia)",24.618408393859863
1981,DJF,"Max Day (Temp, Australia)",31.303672790527344
1981,DJF,"Avg Max (Temp, Australia)",28.84781337314182
1981,DJF,"Days 37C 3h est (Temp, Australia)",0.0
1981,DJF,"Days 40C 3h est (Temp, Australia)",0.0
1981,DJF,"5-Day Avg Max (Temp, Australia)",30.554450607299806
1981,MAM,"Average (Temp, Australia)",21.869354128837585
1981,MAM,"Max Day (Temp, Australia)",29.208393096923828
1981,MAM,"Avg Max (Temp, Australia)",26.350121187127154
1981,MAM,"Days 37C 3h est (Temp, Australia)",0.0
1981,MAM,"Days 40C 3h est (Temp, Australia)",0.0
1981,MAM,"5-Day Avg Max (Temp, Australia)",28.96644744873047
1981,JJA,"Average (Temp, Australia)",16.87917347576307
1981,JJA,"Max Day (Temp, Australia)",22.99003028869629
1981,JJA,"Avg Max (Temp, Australia)",21.227842724841572
1981,JJA,"Days 37C 3h est (Temp, Australia)",0.0
1981,JJA,"Days 40C 3h est (Temp, Australia)",0.0
1981,JJA,"5-Day Avg Max (Temp, Australia)",22.576531600952148
1981,SON,"Average (Temp, Australia)",21.013489141569032
1981,SON,"Max Day (Temp, Australia)",28.369916915893555
1981,SON,"Avg Max (Temp, Australia)",25.84407598893721
1981,SON,"Days 37C 3h est (Temp, Australia)",0.0
1981,SON,"Days 40C 3h est (Temp, Australia)",0.0
1981,SON,"5-Day Avg Max (Temp, Australia)",27.9185791015625
1982,DJF,"Average (Temp, Australia)",24.599524603949654
1982,DJF,"Max Day (Temp, Australia)",30.668315887451172
1982,DJF,"Avg Max (Temp, Australia)",28.947414610120987
1982,DJF,"Days 37C 3h est (Temp, Australia)",0.0
1982,DJF,"Days 40C 3h est (Temp, Australia)",0.0
1982,DJF,"5-Day Avg Max (Temp, Australia)",30.315217208862304
1982,MAM,"Average (Temp, Australia)",21.467259422592495
1982,MAM,"Max Day (Temp, Australia)",29.28012466430664
1982,MAM,"Avg Max (Temp, Australia)",25.799204100733217
1982,MAM,"Days 37C 3h est (Temp, Australia)",0.0
1982,MAM,"Days 40C 3h est (Temp, Australia)",0.0
1982,MAM,"5-Day Avg Max (Temp, Australia)",29.010577774047853
1982,JJA,"Average (Temp, Australia)",16.401731185291123
1982,JJA,"Max Day (Temp, Australia)",24.716365814208984
1982,JJA,"Avg Max (Temp, Australia)",21.28660546178403
1982,JJA,"Days 37C 3h est (Temp, Australia)",0.0
1982,JJA,"Days 40C 3h est (Temp, Australia)",0.0
1982,JJA,"5-Day Avg Max (Temp, Australia)",24.57638816833496
1982,SON,"Average (Temp, Australia)",20.849606540176893
1982,SON,"Max Day (Temp, Australia)",31.800127029418945
1982,SON,"Avg Max (Temp, Australia)",25.884382541363056
1982,SON,"Days 37C 3h est (Temp, Australia)",0.0
1982,SON,"Days 40C 3h est (Temp, Australia)",0.0
1982,SON,"5-Day Avg Max (Temp, Australia)",30.392663192749023
1983,DJF,"Average (Temp, Australia)",24.94996927049425
1983,DJF,"Max Day (Temp, Australia)",32.14680480957031
1983,DJF,"Avg Max (Temp, Australia)",29.602919748094347
1983,DJF,"Days 37C 3h est (Temp, Australia)",0.0
1983,DJF,"Days 40C 3h est (Temp, Australia)",0.0
1983,DJF,"5-Day Avg Max (Temp, Australia)",31.24424476623535
1983,MAM,"Average (Temp, Australia)",21.661462151485942
1983,MAM,"Max Day (Temp, Australia)",30.13186264038086
1983,MAM,"Avg Max (Temp, Australia)",25.48326575237772
1983,MAM,"Days 37C 3h est (Temp, Australia)",0.0
1983,MAM,"Days 40C 3h est (Temp, Australia)",0.0
1983,MAM,"5-Day Avg Max (Temp, Australia)",30.17505798339844
1983,JJA,"Average (Temp, Australia)",16.759698012600776
1983,JJA,"Max Day (Temp, Australia)",24.155961990356445
1983,JJA,"Avg Max (Temp, Australia)",21.2377930102141
1983,JJA,"Days 37C 3h est (Temp, Australia)",0.0
1983,JJA,"Days 40C 3h est (Temp, Australia)",0.0
1983,JJA,"5-Day Avg Max (Temp, Australia)",23.70923309326172
1983,SON,"Average (Temp, Australia)",21.373939613719564
1983,SON,"Max Day (Temp, Australia)",28.90306282043457
1983,SON,"Avg Max (Temp, Australia)",26.06626389052842
1983,SON,"Days 37C 3h est (Temp, Australia)",0.0
1983,SON,"Days 40C 3h est (Temp, Australia)",0.0
1983,SON,"5-Day Avg Max (Temp, Australia)",28.29814033508301
1984,DJF,"Average (Temp, Australia)",24.051910337511
1984,DJF,"Max Day (Temp, Australia)",31.37898826599121
1984,DJF,"Avg Max (Temp, Australia)",28.294677021739247
1984,DJF,"Days 37C 3h est (Temp, Australia)",0.0
1984,DJF,"Days 40C 3h est (Temp, Australia)",0.0
1984,DJF,"5-Day Avg Max (Temp, Australia)",30.641453552246094
1984,MAM,"Average (Temp, Australia)",21.43650998758233
1984,MAM,"Max Day (Temp, Australia)",29.326732635498047
1984,MAM,"Avg Max (Temp, Australia)",25.70382136883943
1984,MAM,"Days 37C 3h est (Temp, Australia)",0.0
1984,MAM,"Days 40C 3h est (Temp, Australia)",0.0
1984,MAM,"5-Day Avg Max (Temp, Australia)",28.389871978759764
1984,JJA,"Average (Temp, Australia)",16.540052745653234
1984,JJA,"Max Day (Temp, Australia)",23.32126808166504
1984,JJA,"Avg Max (Temp, Australia)",20.940674781799316
1984,JJA,"Days 37C 3h est (Temp, Australia)",0.0
1984,JJA,"Days 40C 3h est (Temp, Australia)",0.0
1984,JJA,"5-Day Avg Max (Temp, Australia)",23.597063064575195
1984,SON,"Average (Temp, Australia)",20.652715777302838
1984,SON,"Max Day (Temp, Australia)",29.20253562927246
1984,SON,"Avg Max (Temp, Australia)",25.385457133198834
1984,SON,"Days 37C 3h est (Temp, Australia)",0.0
1984,SON,"Days 40C 3h est (Temp, Australia)",0.0
1984,SON,"5-Day Avg Max (Temp, Australia)",28.685830688476564
1985,DJF,"Average (Temp, Australia)",24.56847775777181
1985,DJF,"Max Day (Temp, Australia)",31.50027847290039
1985,DJF,"Avg Max (Temp, Australia)",29.12789094712999
1985,DJF,"Days 37C 3h est (Temp, Australia)",0.0
1985,DJF,"Days 40C 3h est (Temp, Australia)",0.0
1985,DJF,"5-Day Avg Max (Temp, Australia)",30.913378143310545
1985,MAM,"Average (Temp, Australia)",21.905458730200063
1985,MAM,"Max Day (Temp, Australia)",30.56146240234375
1985,MAM,"Avg Max (Temp, Australia)",26.21741481449293
1985,MAM,"Days 37C 3h est (Temp, Australia)",0.0
1985,MAM,"Days 40C 3h est (Temp, Australia)",0.0
1985,MAM,"5-Day Avg Max (Temp, Australia)",30.16040153503418
1985,JJA,"Average (Temp, Australia)",16.6556040774221
1985,JJA,"Max Day (Temp, Australia)",24.52289581298828
1985,JJA,"Avg Max (Temp, Australia)",21.218921868697457
1985,JJA,"Days 37C 3h est (Temp, Australia)",0.0
1985,JJA,"Days 40C 3h est (Temp, Australia)",0.0
1985,JJA,"5-Day Avg Max (Temp, Australia)",23.88573799133301
1985,SON,"Average (Temp, Australia)",20.66644143010234
1985,SON,"Max Day (Temp, Australia)",29.22504997253418
1985,SON,"Avg Max (Temp, Australia)",25.33242548429049
1985,SON,"Days 37C 3h est (Temp, Australia)",0.0
1985,SON,"Days 40C 3h est (Temp, Australia)",0.0
1985,SON,"5-Day Avg Max (Temp, Australia)",28.823339462280273
1986,DJF,"Average (Temp, Australia)",24.374162239498563
1986,DJF,"Max Day (Temp, Australia)",30.688796997070312
1986,DJF,"Avg Max (Temp, Australia)",28.88919815487332
1986,DJF,"Days 37C 3h est (Temp, Australia)",0.0
1986,DJF,"Days 40C 3h est (Temp, Australia)",0.0
1986,DJF,"5-Day Avg Max (Temp, Australia)",30.121745300292968
1986,MAM,"Average (Temp, Australia)",22.165045603461888
1986,MAM,"Max Day (Temp, Australia)",30.770139694213867
1986,MAM,"Avg Max (Temp, Australia)",26.686395873194154
1986,MAM,"Days 37C 3h est (Temp, Australia)",0.0
1986,MAM,"Days 40C 3h est (Temp, Australia)",0.0
1986,MAM,"5-Day Avg Max (Temp, Australia)",30.174303817749024
1986,JJA,"Average (Temp, Australia)",16.551516610643137
1986,JJA,"Max Day (Temp, Australia)",23.08128547668457
1986,JJA,"Avg Max (Temp, Australia)",20.61559546512106
1986,JJA,"Days 37C 3h est (Temp, Australia)",0.0
1986,JJA,"Days 40C 3h est (Temp, Australia)",0.0
1986,JJA,"5-Day Avg Max (Temp, Australia)",22.864117431640626
1986,SON,"Average (Temp, Australia)",20.655132838657924
1986,SON,"Max Day (Temp, Australia)",29.074159622192383
1986,SON,"Avg Max (Temp, Australia)",25.365009140182327
1986,SON,"Days 37C 3h est (Temp, Australia)",0.0
1986,SON,"Days 40C 3h est (Temp, Australia)",0.0
1986,SON,"5-Day Avg Max (Temp, Australia)",28.39698486328125
1987,DJF,"Average (Temp, Australia)",24.16619087855021
1987,DJF,"Max Day (Temp, Australia)",30.86342430114746
1987,DJF,"Avg Max (Temp, Australia)",28.537691264682344
1987,DJF,"Days 37C 3h est (Temp, Australia)",0.0
1987,DJF,"Days 40C 3h est (Temp, Australia)",0.0
1987,DJF,"5-Day Avg Max (Temp, Australia)",30.40679817199707
1987,MAM,"Average (Temp, Australia)",21.66202495409095
1987,MAM,"Max Day (Temp, Australia)",29.87520408630371
1987,MAM,"Avg Max (Temp, Australia)",26.018363724584166
1987,MAM,"Days 37C 3h est (Temp, Australia)",0.0
1987,MAM,"Days 40C 3h est (Temp, Australia)",0.0
1987,MAM,"5-Day Avg Max (Temp, Australia)",29.431871032714845
1987,JJA,"Average (Temp, Australia)",16.910249342089113
1987,JJA,"Max Day (Temp, Australia)",23.39120864868164
1987,JJA,"Avg Max (Temp, Australia)",21.373540194138236
1987,JJA,"Days 37C 3h est (Temp, Australia)",0.0
1987,JJA,"Days 40C 3h est (Temp, Australia)",0.0
1987,JJA,"5-Day Avg Max (Temp, Australia)",23.203509521484374
1987,SON,"Average (Temp, Australia)",21.140927246638707
1987,SON,"Max Day (Temp, Australia)",29.892351150512695
1987,SON,"Avg Max (Temp, Australia)",26.022258444146797
1987,SON,"Days 37C 3h est (Temp, Australia)",0.0
1987,SON,"Days 40C 3h est (Temp, Australia)",0.0
1987,SON,"5-Day Avg Max (Temp, Australia)",28.914248275756837
1988,DJF,"Average (Temp, Australia)",24.614625071431256
1988,DJF,"Max Day (Temp, Australia)",31.168071746826172
1988,DJF,"Avg Max (Temp, Australia)",29.141004268939678
1988,DJF,"Days 37C 3h est (Temp, Australia)",0.0
1988,DJF,"Days 40C 3h est (Temp, Australia)",0.0
1988,DJF,"5-Day Avg Max (Temp, Australia)",30.897605895996094
1988,MAM,"Average (Temp, Australia)",22.3088655160821
1988,MAM,"Max Day (Temp, Australia)",30.895063400268555
1988,MAM,"Avg Max (Temp, Australia)",26.342413197393004
1988,MAM,"Days 37C 3h est (Temp, Australia)",0.0
1988,MAM,"Days 40C 3h est (Temp, Australia)",0.0
1988,MAM,"5-Day Avg Max (Temp, Australia)",30.219419860839842
1988,JJA,"Average (Temp, Australia)",17.399291784866996
1988,JJA,"Max Day (Temp, Australia)",24.305444717407227
1988,JJA,"Avg Max (Temp, Australia)",21.872317459272303
1988,JJA,"Days 37C 3h est (Temp, Australia)",0.0
1988,JJA,"Days 40C 3h est (Temp, Australia)",0.0
1988,JJA,"5-Day Avg Max (Temp, Australia)",23.52776184082031
1988,SON,"Average (Temp, Australia)",21.568707104567643
1988,SON,"Max Day (Temp, Australia)",29.598297119140625
1988,SON,"Avg Max (Temp, Australia)",26.477143235259003
1988,SON,"Days 37C 3h est (Temp, Australia)",0.0
1988,SON,"Days 40C 3h est (Temp, Australia)",0.0
1988,SON,"5-Day Avg Max (Temp, Australia)",29.323070907592772
1989,DJF,"Average (Temp, Australia)",24.38944174448649
1989,DJF,"Max Day (Temp, Australia)",30.780593872070312
1989,DJF,"Avg Max (Temp, Australia)",28.71402602725559
1989,DJF,"Days 37C 3h est (Temp, Australia)",0.0
1989,DJF,"Days 40C 3h est (Temp, Australia)",0.0
1989,DJF,"5-Day Avg Max (Temp, Australia)",30.322867584228515
1989,MAM,"Average (Temp, Australia)",21.923797244610995
1989,MAM,"Max Day (Temp, Australia)",30.474918365478516
1989,MAM,"Avg Max (Temp, Australia)",25.69510509656823
1989,MAM,"Days 37C 3h est (Temp, Australia)",0.0
1989,MAM,"Days 40C 3h est (Temp, Australia)",0.0
1989,MAM,"5-Day Avg Max (Temp, Australia)",30.219449996948242
1989,JJA,"Average (Temp, Australia)",16.136451855949733
1989,JJA,"Max Day (Temp, Australia)",23.46731185913086
1989,JJA,"Avg Max (Temp, Australia)",20.411490834277608
1989,JJA,"Days 37C 3h est (Temp, Australia)",0.0
1989,JJA,"Days 40C 3h est (Temp, Australia)",0.0
1989,JJA,"5-Day Avg Max (Temp, Australia)",23.111127853393555
1989,SON,"Average (Temp, Australia)",20.98150515294337
1989,SON,"Max Day (Temp, Australia)",28.648752212524414
1989,SON,"Avg Max (Temp, Australia)",25.918759587046864
1989,SON,"Days 37C 3h est (Temp, Australia)",0.0
1989,SON,"Days 40C 3h est (Temp, Australia)",0.0
1989,SON,"5-Day Avg Max (Temp, Australia)",28.282999420166014
1990,DJF,"Average (Temp, Australia)",24.436472415924072
1990,DJF,"Max Day (Temp, Australia)",31.253477096557617
1990,DJF,"Avg Max (Temp, Australia)",28.947161589728463
1990,DJF,"Days 37C 3h est (Temp, Australia)",0.0
1990,DJF,"Days 40C 3h est (Temp, Australia)",0.0
1990,DJF,"5-Day Avg Max (Temp, Australia)",30.869726943969727
1990,MAM,"Average (Temp, Australia)",22.17023766040802
1990,MAM,"Max Day (Temp, Australia)",30.758283615112305
1990,MAM,"Avg Max (Temp, Australia)",26.361792232679285
1990,MAM,"Days 37C 3h est (Temp, Australia)",0.0
1990,MAM,"Days 40C 3h est (Temp, Australia)",0.0
1990,MAM,"5-Day Avg Max (Temp, Australia)",30.1044132232666
1990,JJA,"Average (Temp, Australia)",16.614174656246018
1990,JJA,"Max Day (Temp, Australia)",22.91658592224121
1990,JJA,"Avg Max (Temp, Australia)",20.915040596671727
1990,JJA,"Days 37C 3h est (Temp, Australia)",0.0
1990,JJA,"Days 40C 3h est (Temp, Australia)",0.0
1990,JJA,"5-Day Avg Max (Temp, Australia)",22.303939437866212
1990,SON,"Average (Temp, Australia)",21.205651560982506
1990,SON,"Max Day (Temp, Australia)",29.708791732788086
1990,SON,"Avg Max (Temp, Australia)",26.197394109034278
1990,SON,"Days 37C 3h est (Temp, Australia)",0.0
1990,SON,"Days 40C 3h est (Temp, Australia)",0.0
1990,SON,"5-Day Avg Max (Temp, Australia)",29.540752792358397
1991,DJF,"Average (Temp, Australia)",24.831626171535916
1991,DJF,"Max Day (Temp, Australia)",31.50969123840332
1991,DJF,"Avg Max (Temp, Australia)",29.175179311964246
1991,DJF,"Days 37C 3h est (Temp, Australia)",0.0
1991,DJF,"Days 40C 3h est (Temp, Australia)",0.0
1991,DJF,"5-Day Avg Max (Temp, Australia)",31.073301315307617
1991,MAM,"Average (Temp, Australia)",21.837384058081586
1991,MAM,"Max Day (Temp, Australia)",30.260725021362305
1991,MAM,"Avg Max (Temp, Australia)",26.396292727926504
1991,MAM,"Days 37C 3h est (Temp, Australia)",0.0
1991,MAM,"Days 40C 3h est (Temp, Australia)",0.0
1991,MAM,"5-Day Avg Max (Temp, Australia)",29.834823989868163
1991,JJA,"Average (Temp, Australia)",17.284301322439443
1991,JJA,"Max Day (Temp, Australia)",23.685449600219727
1991,JJA,"Avg Max (Temp, Australia)",21.80621939120085
1991,JJA,"Days 37C 3h est (Temp, Australia)",0.0
1991,JJA,"Days 40C 3h est (Temp, Australia)",0.0
1991,JJA,"5-Day Avg Max (Temp, Australia)",23.77405662536621
1991,SON,"Average (Temp, Australia)",21.1919124519432
1991,SON,"Max Day (Temp, Australia)",29.0770320892334
1991,SON,"Avg Max (Temp, Australia)",26.218577143910167
1991,SON,"Days 37C 3h est (Temp, Australia)",0.0
1991,SON,"Days 40C 3h est (Temp, Australia)",0.0
1991,SON,"5-Day Avg Max (Temp, Australia)",28.38422546386719
1992,DJF,"Average (Temp, Australia)",24.27080526456728
1992,DJF,"Max Day (Temp, Australia)",30.756717681884766
1992,DJF,"Avg Max (Temp, Australia)",28.715763133960767
1992,DJF,"Days 37C 3h est (Temp, Australia)",0.0
1992,DJF,"Days 40C 3h est (Temp, Australia)",0.0
1992,DJF,"5-Day Avg Max (Temp, Australia)",30.34799919128418
1992,MAM,"Average (Temp, Australia)",22.09364648487257
1992,MAM,"Max Day (Temp, Australia)",30.528640747070312
1992,MAM,"Avg Max (Temp, Australia)",26.102009814718496
1992,MAM,"Days 37C 3h est (Temp, Australia)",0.0
1992,MAM,"Days 40C 3h est (Temp, Australia)",0.0
1992,MAM,"5-Day Avg Max (Temp, Australia)",30.087735748291017
1992,JJA,"Average (Temp, Australia)",16.895221549531687
1992,JJA,"Max Day (Temp, Australia)",23.434690475463867
1992,JJA,"Avg Max (Temp, Australia)",21.36650972780974
1992,JJA,"Days 37C 3h est (Temp, Australia)",0.0
1992,JJA,"Days 40C 3h est (Temp, Australia)",0.0
1992,JJA,"5-Day Avg Max (Temp, Australia)",22.853150939941408
1992,SON,"Average (Temp, Australia)",20.29674748011998
1992,SON,"Max Day (Temp, Australia)",29.082401275634766
1992,SON,"Avg Max (Temp, Australia)",24.894850133539556
1992,SON,"Days 37C 3h est (Temp, Australia)",0.0
1992,SON,"Days 40C 3h est (Temp, Australia)",0.0
1992,SON,"5-Day Avg Max (Temp, Australia)",28.032158660888673
1993,DJF,"Average (Temp, Australia)",24.217172442542182
1993,DJF,"Max Day (Temp, Australia)",31.52948760986328
1993,DJF,"Avg Max (Temp, Australia)",28.459880468580458
1993,DJF,"Days 37C 3h est (Temp, Australia)",0.0
1993,DJF,"Days 40C 3h est (Temp, Australia)",0.0
1993,DJF,"5-Day Avg Max (Temp, Australia)",30.801164627075195
1993,MAM,"Average (Temp, Australia)",22.044468890065733
1993,MAM,"Max Day (Temp, Australia)",29.297466278076172
1993,MAM,"Avg Max (Temp, Australia)",26.422145926434062
1993,MAM,"Days 37C 3h est (Temp, Australia)",0.0
1993,MAM,"Days 40C 3h est (Temp, Australia)",0.0
1993,MAM,"5-Day Avg Max (Temp, Australia)",29.038274383544923
1993,JJA,"Average (Temp, Australia)",17.052302298338518
1993,JJA,"Max Day (Temp, Australia)",24.018470764160156
1993,JJA,"Avg Max (Temp, Australia)",21.31213497078937
1993,JJA,"Days 37C 3h est (Temp, Australia)",0.0
1993,JJA,"Days 40C 3h est (Temp, Australia)",0.0
1993,JJA,"5-Day Avg Max (Temp, Australia)",23.730581283569336
1993,SON,"Average (Temp, Australia)",20.72651422416771
1993,SON,"Max Day (Temp, Australia)",30.308818817138672
1993,SON,"Avg Max (Temp, Australia)",25.39684245350597
1993,SON,"Days 37C 3h est (Temp, Australia)",0.0
1993,SON,"Days 40C 3h est (Temp, Australia)",0.0
1993,SON,"5-Day Avg Max (Temp, Australia)",29.55437355041504
1994,DJF,"Average (Temp, Australia)",24.324138524797227
1994,DJF,"Max Day (Temp, Australia)",31.59963035583496
1994,DJF,"Avg Max (Temp, Australia)",28.6416779200236
1994,DJF,"Days 37C 3h est (Temp, Australia)",0.0
1994,DJF,"Days 40C 3h est (Temp, Australia)",0.0
1994,DJF,"5-Day Avg Max (Temp, Australia)",30.84264373779297
1994,MAM,"Average (Temp, Australia)",21.56381981269173
1994,MAM,"Max Day (Temp, Australia)",29.355133056640625
1994,MAM,"Avg Max (Temp, Australia)",26.440961837768555
1994,MAM,"Days 37C 3h est (Temp, Australia)",0.0
1994,MAM,"Days 40C 3h est (Temp, Australia)",0.0
1994,MAM,"5-Day Avg Max (Temp, Australia)",29.045568466186523
1994,JJA,"Average (Temp, Australia)",16.60349516764931
1994,JJA,"Max Day (Temp, Australia)",24.864917755126953
1994,JJA,"Avg Max (Temp, Australia)",21.599418971849524
1994,JJA,"Days 37C 3h est (Temp, Australia)",0.0
1994,JJA,"Days 40C 3h est (Temp, Australia)",0.0
1994,JJA,"5-Day Avg Max (Temp, Australia)",24.196552658081053
1994,SON,"Average (Temp, Australia)",20.91680988374647
1994,SON,"Max Day (Temp, Australia)",29.78622817993164
1994,SON,"Avg Max (Temp, Australia)",26.060952343783537
1994,SON,"Days 37C 3h est (Temp, Australia)",0.0
1994,SON,"Days 40C 3h est (Temp, Australia)",0.0
1994,SON,"5-Day Avg Max (Temp, Australia)",29.07591133117676
1995,DJF,"Average (Temp, Australia)",24.51864627202352
1995,DJF,"Max Day (Temp, Australia)",31.0341739654541
1995,DJF,"Avg Max (Temp, Australia)",28.82043268415663
1995,DJF,"Days 37C 3h est (Temp, Australia)",0.0
1995,DJF,"Days 40C 3h est (Temp, Australia)",0.0
1995,DJF,"5-Day Avg Max (Temp, Australia)",30.566107177734374
1995,MAM,"Average (Temp, Australia)",21.24506998580435
1995,MAM,"Max Day (Temp, Australia)",28.298297882080078
1995,MAM,"Avg Max (Temp, Australia)",25.42300220157789
1995,MAM,"Days 37C 3h est (Temp, Australia)",0.0
1995,MAM,"Days 40C 3h est (Temp, Australia)",0.0
1995,MAM,"5-Day Avg Max (Temp, Australia)",27.91412811279297
1995,JJA,"Average (Temp, Australia)",17.002796043520387
1995,JJA,"Max Day (Temp, Australia)",25.681047439575195
1995,JJA,"Avg Max (Temp, Australia)",21.46050376477449
1995,JJA,"Days 37C 3h est (Temp, Australia)",0.0
1995,JJA,"Days 40C 3h est (Temp, Australia)",0.0
1995,JJA,"5-Day Avg Max (Temp, Australia)",25.178714752197266
1995,SON,"Average (Temp, Australia)",21.099466779729823
1995,SON,"Max Day (Temp, Australia)",29.991750717163086
1995,SON,"Avg Max (Temp, Australia)",25.814726923848248
1995,SON,"Days 37C 3h est (Temp, Australia)",0.0
1995,SON,"Days 40C 3h est (Temp, Australia)",0.0
1995,SON,"5-Day Avg Max (Temp, Australia)",29.191225051879883
1996,DJF,"Average (Temp, Australia)",24.231994398347624
1996,DJF,"Max Day (Temp, Australia)",30.811458587646484
1996,DJF,"Avg Max (Temp, Australia)",28.684379263238593
1996,DJF,"Days 37C 3h est (Temp, Australia)",0.0
1996,DJF,"Days 40C 3h est (Temp, Australia)",0.0
1996,DJF,"5-Day Avg Max (Temp, Australia)",30.22121391296387
1996,MAM,"Average (Temp, Australia)",21.66603416463603
1996,MAM,"Max Day (Temp, Australia)",29.25571060180664
1996,MAM,"Avg Max (Temp, Australia)",26.118592863497526
1996,MAM,"Days 37C 3h est (Temp, Australia)",0.0
1996,MAM,"Days 40C 3h est (Temp, Australia)",0.0
1996,MAM,"5-Day Avg Max (Temp, Australia)",28.647497177124023
1996,JJA,"Average (Temp, Australia)",17.456840250803076
1996,JJA,"Max Day (Temp, Australia)",24.06662940979004
1996,JJA,"Avg Max (Temp, Australia)",21.76141871576724
1996,JJA,"Days 37C 3h est (Temp, Australia)",0.0
1996,JJA,"Days 40C 3h est (Temp, Australia)",0.0
1996,JJA,"5-Day Avg Max (Temp, Australia)",24.078933334350587
1996,SON,"Average (Temp, Australia)",21.035673859355214
1996,SON,"Max Day (Temp, Australia)",29.62116813659668
1996,SON,"Avg Max (Temp, Australia)",25.983918766399007
1996,SON,"Days 37C 3h est (Temp, Australia)",0.0
1996,SON,"Days 40C 3h est (Temp, Australia)",0.0
1996,SON,"5-Day Avg Max (Temp, Australia)",29.335658264160156
1997,DJF,"Average (Temp, Australia)",24.42761711544461
1997,DJF,"Max Day (Temp, Australia)",30.02138900756836
1997,DJF,"Avg Max (Temp, Australia)",28.608944765726726
1997,DJF,"Days 37C 3h est (Temp, Australia)",0.0
1997,DJF,"Days 40C 3h est (Temp, Australia)",0.0
1997,DJF,"5-Day Avg Max (Temp, Australia)",29.803665542602538
1997,MAM,"Average (Temp, Australia)",21.46282086165055
1997,MAM,"Max Day (Temp, Australia)",28.657766342163086
1997,MAM,"Avg Max (Temp, Australia)",25.780006470887557
1997,MAM,"Days 37C 3h est (Temp, Australia)",0.0
1997,MAM,"Days 40C 3h est (Temp, Australia)",0.0
1997,MAM,"5-Day Avg Max (Temp, Australia)",29.005891418457033
1997,JJA,"Average (Temp, Australia)",16.493240423824478
1997,JJA,"Max Day (Temp, Australia)",23.012691497802734
1997,JJA,"Avg Max (Temp, Australia)",21.027397611866828
1997,JJA,"Days 37C 3h est (Temp, Australia)",0.0
1997,JJA,"Days 40C 3h est (Temp, Australia)",0.0
1997,JJA,"5-Day Avg Max (Temp, Australia)",22.724181365966796
1997,SON,"Average (Temp, Australia)",21.249970430856223
1997,SON,"Max Day (Temp, Australia)",31.398902893066406
1997,SON,"Avg Max (Temp, Australia)",26.094221450470307
1997,SON,"Days 37C 3h est (Temp, Australia)",0.0
1997,SON,"Days 40C 3h est (Temp, Australia)",0.0
1997,SON,"5-Day Avg Max (Temp, Australia)",30.721072387695312
1998,DJF,"Average (Temp, Australia)",24.98885104921129
1998,DJF,"Max Day (Temp, Australia)",31.235689163208008
1998,DJF,"Avg Max (Temp, Australia)",29.490632502237954
1998,DJF,"Days 37C 3h est (Temp, Australia)",0.0
1998,DJF,"Days 40C 3h est (Temp, Australia)",0.0
1998,DJF,"5-Day Avg Max (Temp, Australia)",30.91112365722656
1998,MAM,"Average (Temp, Australia)",22.354311668354534
1998,MAM,"Max Day (Temp, Australia)",30.841228485107422
1998,MAM,"Avg Max (Temp, Australia)",26.627913122591764
1998,MAM,"Days 37C 3h est (Temp, Australia)",0.0
1998,MAM,"Days 40C 3h est (Temp, Australia)",0.0
1998,MAM,"5-Day Avg Max (Temp, Australia)",30.373041534423827
1998,JJA,"Average (Temp, Australia)",17.29657418831535
1998,JJA,"Max Day (Temp, Australia)",24.86273193359375
1998,JJA,"Avg Max (Temp, Australia)",21.375135712001633
1998,JJA,"Days 37C 3h est (Temp, Australia)",0.0
1998,JJA,"Days 40C 3h est (Temp, Australia)",0.0
1998,JJA,"5-Day Avg Max (Temp, Australia)",24.654880905151366
1998,SON,"Average (Temp, Australia)",21.325076234209668
1998,SON,"Max Day (Temp, Australia)",28.686880111694336
1998,SON,"Avg Max (Temp, Australia)",25.845267662635216
1998,SON,"Days 37C 3h est (Temp, Australia)",0.0
1998,SON,"Days 40C 3h est (Temp, Australia)",0.0
1998,SON,"5-Day Avg Max (Temp, Australia)",28.159295654296876
1999,DJF,"Average (Temp, Australia)",24.595614634619817
1999,DJF,"Max Day (Temp, Australia)",30.430438995361328
1999,DJF,"Avg Max (Temp, Australia)",28.775986692640515
1999,DJF,"Days 37C 3h est (Temp, Australia)",0.0
1999,DJF,"Days 40C 3h est (Temp, Australia)",0.0
1999,DJF,"5-Day Avg Max (Temp, Australia)",30.003365325927735
1999,MAM,"Average (Temp, Australia)",21.758762152298637
1999,MAM,"Max Day (Temp, Australia)",30.380876541137695
1999,MAM,"Avg Max (Temp, Australia)",26.046255028766133
1999,MAM,"Days 37C 3h est (Temp, Australia)",0.0
1999,MAM,"Days 40C 3h est (Temp, Australia)",0.0
1999,MAM,"5-Day Avg Max (Temp, Australia)",29.825019454956056
1999,JJA,"Average (Temp, Australia)",17.109392948772598
1999,JJA,"Max Day (Temp, Australia)",24.549829483032227
1999,JJA,"Avg Max (Temp, Australia)",21.77345317343007
1999,JJA,"Days 37C 3h est (Temp, Australia)",0.0
1999,JJA,"Days 40C 3h est (Temp, Australia)",0.0
1999,JJA,"5-Day Avg Max (Temp, Australia)",24.056584930419923
1999,SON,"Average (Temp, Australia)",20.883688392219963
1999,SON,"Max Day (Temp, Australia)",28.055627822875977
1999,SON,"Avg Max (Temp, Australia)",25.569847777649596
1999,SON,"Days 37C 3h est (Temp, Australia)",0.0
1999,SON,"Days 40C 3h est (Temp, Australia)",0.0
1999,SON,"5-Day Avg Max (Temp, Australia)",27.504122161865233
2000,DJF,"Average (Temp, Australia)",24.007096185789003
2000,DJF,"Max Day (Temp, Australia)",31.568574905395508
2000,DJF,"Avg Max (Temp, Australia)",28.044347113305395
2000,DJF,"Days 37C 3h est (Temp, Australia)",0.0
2000,DJF,"Days 40C 3h est (Temp, Australia)",0.0
2000,DJF,"5-Day Avg Max (Temp, Australia)",30.753359985351562
2000,MAM,"Average (Temp, Australia)",21.33097755390665
2000,MAM,"Max Day (Temp, Australia)",29.489282608032227
2000,MAM,"Avg Max (Temp, Australia)",25.149714366249416
2000,MAM,"Days 37C 3h est (Temp, Australia)",0.0
2000,MAM,"Days 40C 3h est (Temp, Australia)",0.0
2000,MAM,"5-Day Avg Max (Temp, Australia)",28.782660293579102
2000,JJA,"Average (Temp, Australia)",16.596893196520597
2000,JJA,"Max Day (Temp, Australia)",23.72809600830078
2000,JJA,"Avg Max (Temp, Australia)",21.328887006510858
2000,JJA,"Days 37C 3h est (Temp, Australia)",0.0
2000,JJA,"Days 40C 3h est (Temp, Australia)",0.0
2000,JJA,"5-Day Avg Max (Temp, Australia)",23.212903213500976
2000,SON,"Average (Temp, Australia)",21.19088209068382
2000,SON,"Max Day (Temp, Australia)",29.873872756958008
2000,SON,"Avg Max (Temp, Australia)",25.96495609493046
2000,SON,"Days 37C 3h est (Temp, Australia)",0.0
2000,SON,"Days 40C 3h est (Temp, Australia)",0.0
2000,SON,"5-Day Avg Max (Temp, Australia)",29.1111270904541
2001,DJF,"Average (Temp, Australia)",24.680094718933105
2001,DJF,"Max Day (Temp, Australia)",30.5936336517334
2001,DJF,"Avg Max (Temp, Australia)",28.880619917975533
2001,DJF,"Days 37C 3h est (Temp, Australia)",0.0
2001,DJF,"Days 40C 3h est (Temp, Australia)",0.0
2001,DJF,"5-Day Avg Max (Temp, Australia)",30.226014709472658
2001,MAM,"Average (Temp, Australia)",21.412325034970824
2001,MAM,"Max Day (Temp, Australia)",29.469619750976562
2001,MAM,"Avg Max (Temp, Australia)",25.922485641811203
2001,MAM,"Days 37C 3h est (Temp, Australia)",0.0
2001,MAM,"Days 40C 3h est (Temp, Australia)",0.0
2001,MAM,"5-Day Avg Max (Temp, Australia)",29.071330642700197
2001,JJA,"Average (Temp, Australia)",17.026516344236292
2001,JJA,"Max Day (Temp, Australia)",23.886329650878906
2001,JJA,"Avg Max (Temp, Australia)",21.735345923382305
2001,JJA,"Days 37C 3h est (Temp, Australia)",0.0
2001,JJA,"Days 40C 3h est (Temp, Australia)",0.0
2001,JJA,"5-Day Avg Max (Temp, Australia)",23.682835388183594
2001,SON,"Average (Temp, Australia)",20.67421835071438
2001,SON,"Max Day (Temp, Australia)",28.181453704833984
2001,SON,"Avg Max (Temp, Australia)",25.38266894581554
2001,SON,"Days 37C 3h est (Temp, Australia)",0.0
2001,SON,"Days 40C 3h est (Temp, Australia)",0.0
2001,SON,"5-Day Avg Max (Temp, Australia)",27.56766471862793
2002,DJF,"Average (Temp, Australia)",23.964667754703097
2002,DJF,"Max Day (Temp, Australia)",30.302736282348633
2002,DJF,"Avg Max (Temp, Australia)",28.266394000583226
2002,DJF,"Days 37C 3h est (Temp, Australia)",0.0
2002,DJF,"Days 40C 3h est (Temp, Australia)",0.0
2002,DJF,"5-Day Avg Max (Temp, Australia)",29.797923278808593
2002,MAM,"Average (Temp, Australia)",22.413882411044575
2002,MAM,"Max Day (Temp, Australia)",30.358699798583984
2002,MAM,"Avg Max (Temp, Australia)",27.201859888823137
2002,MAM,"Days 37C 3h est (Temp, Australia)",0.0
2002,MAM,"Days 40C 3h est (Temp, Australia)",0.0
2002,MAM,"5-Day Avg Max (Temp, Australia)",30.009440612792968
2002,JJA,"Average (Temp, Australia)",16.92155751456385
2002,JJA,"Max Day (Temp, Australia)",24.78107452392578
2002,JJA,"Avg Max (Temp, Australia)",22.077871778736945
2002,JJA,"Days 37C 3h est (Temp, Australia)",0.0
2002,JJA,"Days 40C 3h est (Temp, Australia)",0.0
2002,JJA,"5-Day Avg Max (Temp, Australia)",23.654815673828125
2002,SON,"Average (Temp, Australia)",21.452666046855214
2002,SON,"Max Day (Temp, Australia)",29.758724212646484
2002,SON,"Avg Max (Temp, Australia)",26.64644364996271
2002,SON,"Days 37C 3h est (Temp, Australia)",0.0
2002,SON,"Days 40C 3h est (Temp, Australia)",0.0
2002,SON,"5-Day Avg Max (Temp, Australia)",29.56517791748047
2003,DJF,"Average (Temp, Australia)",24.904262182447646
2003,DJF,"Max Day (Temp, Australia)",31.778854370117188
2003,DJF,"Avg Max (Temp, Australia)",29.35278574625651
2003,DJF,"Days 37C 3h est (Temp, Australia)",0.0
2003,DJF,"Days 40C 3h est (Temp, Australia)",0.0
2003,DJF,"5-Day Avg Max (Temp, Australia)",31.394097900390626
2003,MAM,"Average (Temp, Australia)",21.96187726829363
2003,MAM,"Max Day (Temp, Australia)",29.800460815429688
2003,MAM,"Avg Max (Temp, Australia)",26.405542933422588
2003,MAM,"Days 37C 3h est (Temp, Australia)",0.0
2003,MAM,"Days 40C 3h est (Temp, Australia)",0.0
2003,MAM,"5-Day Avg Max (Temp, Australia)",29.35126953125
2003,JJA,"Average (Temp, Australia)",17.195581342863
2003,JJA,"Max Day (Temp, Australia)",23.88448143005371
2003,JJA,"Avg Max (Temp, Australia)",21.739402314890985
2003,JJA,"Days 37C 3h est (Temp, Australia)",0.0
2003,JJA,"Days 40C 3h est (Temp, Australia)",0.0
2003,JJA,"5-Day Avg Max (Temp, Australia)",23.583877563476562
2003,SON,"Average (Temp, Australia)",20.97135280252813
2003,SON,"Max Day (Temp, Australia)",29.541982650756836
2003,SON,"Avg Max (Temp, Australia)",25.873227570083117
2003,SON,"Days 37C 3h est (Temp, Australia)",0.0
2003,SON,"Days 40C 3h est (Temp, Australia)",0.0
2003,SON,"5-Day Avg Max (Temp, Australia)",28.924684143066408
2004,DJF,"Average (Temp, Australia)",24.769976186228323
2004,DJF,"Max Day (Temp, Australia)",30.846595764160156
2004,DJF,"Avg Max (Temp, Australia)",29.042878895015505
2004,DJF,"Days 37C 3h est (Temp, Australia)",0.0
2004,DJF,"Days 40C 3h est (Temp, Australia)",0.0
2004,DJF,"5-Day Avg Max (Temp, Australia)",30.429415130615233
2004,MAM,"Average (Temp, Australia)",21.844705208488133
2004,MAM,"Max Day (Temp, Australia)",29.02633285522461
2004,MAM,"Avg Max (Temp, Australia)",26.120600700378418
2004,MAM,"Days 37C 3h est (Temp, Australia)",0.0
2004,MAM,"Days 40C 3h est (Temp, Australia)",0.0
2004,MAM,"5-Day Avg Max (Temp, Australia)",28.724921798706056
2004,JJA,"Average (Temp, Australia)",16.82629642797553
2004,JJA,"Max Day (Temp, Australia)",24.336668014526367
2004,JJA,"Avg Max (Temp, Australia)",21.460004371145498
2004,JJA,"Days 37C 3h est (Temp, Australia)",0.0
2004,JJA,"Days 40C 3h est (Temp, Australia)",0.0
2004,JJA,"5-Day Avg Max (Temp, Australia)",24.008457946777344
2004,SON,"Average (Temp, Australia)",21.182163804442016
2004,SON,"Max Day (Temp, Australia)",30.8914852142334
2004,SON,"Avg Max (Temp, Australia)",26.156480935903694
2004,SON,"Days 37C 3h est (Temp, Australia)",0.0
2004,SON,"Days 40C 3h est (Temp, Australia)",0.0
2004,SON,"5-Day Avg Max (Temp, Australia)",30.089962005615234
2005,DJF,"Average (Temp, Australia)",24.745809205373128
2005,DJF,"Max Day (Temp, Australia)",31.09950065612793
2005,DJF,"Avg Max (Temp, Australia)",29.36415475209554
2005,DJF,"Days 37C 3h est (Temp, Australia)",0.0
2005,DJF,"Days 40C 3h est (Temp, Australia)",0.0
2005,DJF,"5-Day Avg Max (Temp, Australia)",30.652099990844725
2005,MAM,"Average (Temp, Australia)",22.67380434533824
2005,MAM,"Max Day (Temp, Australia)",30.774593353271484
2005,MAM,"Avg Max (Temp, Australia)",27.286242547242537
2005,MAM,"Days 37C 3h est (Temp, Australia)",0.0
2005,MAM,"Days 40C 3h est (Temp, Australia)",0.0
2005,MAM,"5-Day Avg Max (Temp, Australia)",30.711946105957033
2005,JJA,"Average (Temp, Australia)",17.27731712486433
2005,JJA,"Max Day (Temp, Australia)",24.529085159301758
2005,JJA,"Avg Max (Temp, Australia)",21.621381593787152
2005,JJA,"Days 37C 3h est (Temp, Australia)",0.0
2005,JJA,"Days 40C 3h est (Temp, Australia)",0.0
2005,JJA,"5-Day Avg Max (Temp, Australia)",24.270958709716798
2005,SON,"Average (Temp, Australia)",21.43305201582856
2005,SON,"Max Day (Temp, Australia)",29.252979278564453
2005,SON,"Avg Max (Temp, Australia)",26.161487642225328
2005,SON,"Days 37C 3h est (Temp, Australia)",0.0
2005,SON,"Days 40C 3h est (Temp, Australia)",0.0
2005,SON,"5-Day Avg Max (Temp, Australia)",28.47976188659668
2006,DJF,"Average (Temp, Australia)",24.843624337514242
2006,DJF,"Max Day (Temp, Australia)",31.079248428344727
2006,DJF,"Avg Max (Temp, Australia)",29.16984004974365
2006,DJF,"Days 37C 3h est (Temp, Australia)",0.0
2006,DJF,"Days 40C 3h est (Temp, Australia)",0.0
2006,DJF,"5-Day Avg Max (Temp, Australia)",30.907509994506835
2006,MAM,"Average (Temp, Australia)",21.401942279027857
2006,MAM,"Max Day (Temp, Australia)",30.335086822509766
2006,MAM,"Avg Max (Temp, Australia)",25.595302270806354
2006,MAM,"Days 37C 3h est (Temp, Australia)",0.0
2006,MAM,"Days 40C 3h est (Temp, Australia)",0.0
2006,MAM,"5-Day Avg Max (Temp, Australia)",29.719984436035155
2006,JJA,"Average (Temp, Australia)",16.69817206133967
2006,JJA,"Max Day (Temp, Australia)",24.875333786010742
2006,JJA,"Avg Max (Temp, Australia)",21.58709548867267
2006,JJA,"Days 37C 3h est (Temp, Australia)",0.0
2006,JJA,"Days 40C 3h est (Temp, Australia)",0.0
2006,JJA,"5-Day Avg Max (Temp, Australia)",24.31418685913086
2006,SON,"Average (Temp, Australia)",21.63754000506558
2006,SON,"Max Day (Temp, Australia)",30.905513763427734
2006,SON,"Avg Max (Temp, Australia)",26.760603412167058
2006,SON,"Days 37C 3h est (Temp, Australia)",0.0
2006,SON,"Days 40C 3h est (Temp, Australia)",0.0
2006,SON,"5-Day Avg Max (Temp, Australia)",30.45705223083496
2007,DJF,"Average (Temp, Australia)",24.794907739427355
2007,DJF,"Max Day (Temp, Australia)",31.448184967041016
2007,DJF,"Avg Max (Temp, Australia)",29.260987938774957
2007,DJF,"Days 37C 3h est (Temp, Australia)",0.0
2007,DJF,"Days 40C 3h est (Temp, Australia)",0.0
2007,DJF,"5-Day Avg Max (Temp, Australia)",30.899796295166016
2007,MAM,"Average (Temp, Australia)",22.354827860127326
2007,MAM,"Max Day (Temp, Australia)",30.730783462524414
2007,MAM,"Avg Max (Temp, Australia)",26.67583822167438
2007,MAM,"Days 37C 3h est (Temp, Australia)",0.0
2007,MAM,"Days 40C 3h est (Temp, Australia)",0.0
2007,MAM,"5-Day Avg Max (Temp, Australia)",30.249565505981444
2007,JJA,"Average (Temp, Australia)",16.638504354850106
2007,JJA,"Max Day (Temp, Australia)",25.3375301361084
2007,JJA,"Avg Max (Temp, Australia)",21.273095628489617
2007,JJA,"Days 37C 3h est (Temp, Australia)",0.0
2007,JJA,"Days 40C 3h est (Temp, Australia)",0.0
2007,JJA,"5-Day Avg Max (Temp, Australia)",25.036127471923827
2007,SON,"Average (Temp, Australia)",21.487480603731594
2007,SON,"Max Day (Temp, Australia)",30.160633087158203
2007,SON,"Avg Max (Temp, Australia)",26.58193387042035
2007,SON,"Days 37C 3h est (Temp, Australia)",0.0
2007,SON,"Days 40C 3h est (Temp, Australia)",0.0
2007,SON,"5-Day Avg Max (Temp, Australia)",29.45682373046875
2008,DJF,"Average (Temp, Australia)",24.53531064043988
2008,DJF,"Max Day (Temp, Australia)",30.90636444091797
2008,DJF,"Avg Max (Temp, Australia)",28.741332861093376
2008,DJF,"Days 37C 3h est (Temp, Australia)",0.0
2008,DJF,"Days 40C 3h est (Temp, Australia)",0.0
2008,DJF,"5-Day Avg Max (Temp, Australia)",30.277656173706056
2008,MAM,"Average (Temp, Australia)",21.69960127706113
2008,MAM,"Max Day (Temp, Australia)",30.97330093383789
2008,MAM,"Avg Max (Temp, Australia)",26.533507865408193
2008,MAM,"Days 37C 3h est (Temp, Australia)",0.0
2008,MAM,"Days 40C 3h est (Temp, Australia)",0.0
2008,MAM,"5-Day Avg Max (Temp, Australia)",30.6545654296875
2008,JJA,"Average (Temp, Australia)",16.772960274115853
2008,JJA,"Max Day (Temp, Australia)",23.462459564208984
2008,JJA,"Avg Max (Temp, Australia)",21.36972953962243
2008,JJA,"Days 37C 3h est (Temp, Australia)",0.0
2008,JJA,"Days 40C 3h est (Temp, Australia)",0.0
2008,JJA,"5-Day Avg Max (Temp, Australia)",23.609552764892577
2008,SON,"Average (Temp, Australia)",21.446380269396435
2008,SON,"Max Day (Temp, Australia)",28.893354415893555
2008,SON,"Avg Max (Temp, Australia)",26.232202110709725
2008,SON,"Days 37C 3h est (Temp, Australia)",0.0
2008,SON,"Days 40C 3h est (Temp, Australia)",0.0
2008,SON,"5-Day Avg Max (Temp, Australia)",28.267596435546874
2009,DJF,"Average (Temp, Australia)",24.572505654229058
2009,DJF,"Max Day (Temp, Australia)",30.85638427734375
2009,DJF,"Avg Max (Temp, Australia)",28.839350679185657
2009,DJF,"Days 37C 3h est (Temp, Australia)",0.0
2009,DJF,"Days 40C 3h est (Temp, Australia)",0.0
2009,DJF,"5-Day Avg Max (Temp, Australia)",30.507352447509767
2009,MAM,"Average (Temp, Australia)",21.856046738831893
2009,MAM,"Max Day (Temp, Australia)",29.969799041748047
2009,MAM,"Avg Max (Temp, Australia)",26.342821370000426
2009,MAM,"Days 37C 3h est (Temp, Australia)",0.0
2009,MAM,"Days 40C 3h est (Temp, Australia)",0.0
2009,MAM,"5-Day Avg Max (Temp, Australia)",29.248951721191407
2009,JJA,"Average (Temp, Australia)",17.554893421090167
2009,JJA,"Max Day (Temp, Australia)",25.246614456176758
2009,JJA,"Avg Max (Temp, Australia)",22.255013984182607
2009,JJA,"Days 37C 3h est (Temp, Australia)",0.0
2009,JJA,"Days 40C 3h est (Temp, Australia)",0.0
2009,JJA,"5-Day Avg Max (Temp, Australia)",24.607711410522462
2009,SON,"Average (Temp, Australia)",21.605078581925277
2009,SON,"Max Day (Temp, Australia)",31.15579605102539
2009,SON,"Avg Max (Temp, Australia)",26.671596841497735
2009,SON,"Days 37C 3h est (Temp, Australia)",0.0
2009,SON,"Days 40C 3h est (Temp, Australia)",0.0
2009,SON,"5-Day Avg Max (Temp, Australia)",30.765644454956053
2010,DJF,"Average (Temp, Australia)",24.95181563695272
2010,DJF,"Max Day (Temp, Australia)",30.942272186279297
2010,DJF,"Avg Max (Temp, Australia)",29.343815803527832
2010,DJF,"Days 37C 3h est (Temp, Australia)",0.0
2010,DJF,"Days 40C 3h est (Temp, Australia)",0.0
2010,DJF,"5-Day Avg Max (Temp, Australia)",30.420529174804688
2010,MAM,"Average (Temp, Australia)",22.250864894493766
2010,MAM,"Max Day (Temp, Australia)",29.674678802490234
2010,MAM,"Avg Max (Temp, Australia)",26.40563674595045
2010,MAM,"Days 37C 3h est (Temp, Australia)",0.0
2010,MAM,"Days 40C 3h est (Temp, Australia)",0.0
2010,MAM,"5-Day Avg Max (Temp, Australia)",29.13302001953125
2010,JJA,"Average (Temp, Australia)",17.10652566474417
2010,JJA,"Max Day (Temp, Australia)",23.670148849487305
2010,JJA,"Avg Max (Temp, Australia)",21.32208938183992
2010,JJA,"Days 37C 3h est (Temp, Australia)",0.0
2010,JJA,"Days 40C 3h est (Temp, Australia)",0.0
2010,JJA,"5-Day Avg Max (Temp, Australia)",22.759770965576173
2010,SON,"Average (Temp, Australia)",20.788204371274173
2010,SON,"Max Day (Temp, Australia)",29.141468048095703
2010,SON,"Avg Max (Temp, Australia)",25.15417134630811
2010,SON,"Days 37C 3h est (Temp, Australia)",0.0
2010,SON,"Days 40C 3h est (Temp, Australia)",0.0
2010,SON,"5-Day Avg Max (Temp, Australia)",28.593246078491212
2011,DJF,"Average (Temp, Australia)",24.426830938127306
2011,DJF,"Max Day (Temp, Australia)",31.609912872314453
2011,DJF,"Avg Max (Temp, Australia)",28.41029012468126
2011,DJF,"Days 37C 3h est (Temp, Australia)",0.0
2011,DJF,"Days 40C 3h est (Temp, Australia)",0.0
2011,DJF,"5-Day Avg Max (Temp, Australia)",31.083423233032228
2011,MAM,"Average (Temp, Australia)",21.113981272863306
2011,MAM,"Max Day (Temp, Australia)",27.863012313842773
2011,MAM,"Avg Max (Temp, Australia)",25.161518449368685
2011,MAM,"Days 37C 3h est (Temp, Australia)",0.0
2011,MAM,"Days 40C 3h est (Temp, Australia)",0.0
2011,MAM,"5-Day Avg Max (Temp, Australia)",28.284376907348634
2011,JJA,"Average (Temp, Australia)",16.918309590090875
2011,JJA,"Max Day (Temp, Australia)",24.820505142211914
2011,JJA,"Avg Max (Temp, Australia)",21.649527052174445
2011,JJA,"Days 37C 3h est (Temp, Australia)",0.0
2011,JJA,"Days 40C 3h est (Temp, Australia)",0.0
2011,JJA,"5-Day Avg Max (Temp, Australia)",24.38802261352539
2011,SON,"Average (Temp, Australia)",21.063965949383412
2011,SON,"Max Day (Temp, Australia)",29.07626724243164
2011,SON,"Avg Max (Temp, Australia)",25.89806357582847
2011,SON,"Days 37C 3h est (Temp, Australia)",0.0
2011,SON,"Days 40C 3h est (Temp, Australia)",0.0
2011,SON,"5-Day Avg Max (Temp, Australia)",28.57041130065918
2012,DJF,"Average (Temp, Australia)",24.35533516223614
2012,DJF,"Max Day (Temp, Australia)",30.658355712890625
2012,DJF,"Avg Max (Temp, Australia)",28.641220595810438
2012,DJF,"Days 37C 3h est (Temp, Australia)",0.0
2012,DJF,"Days 40C 3h est (Temp, Australia)",0.0
2012,DJF,"5-Day Avg Max (Temp, Australia)",30.561820602416994
2012,MAM,"Average (Temp, Australia)",21.45069752568784
2012,MAM,"Max Day (Temp, Australia)",29.826913833618164
2012,MAM,"Avg Max (Temp, Australia)",25.890251595041025
2012,MAM,"Days 37C 3h est (Temp, Australia)",0.0
2012,MAM,"Days 40C 3h est (Temp, Australia)",0.0
2012,MAM,"5-Day Avg Max (Temp, Australia)",29.524551010131837
2012,JJA,"Average (Temp, Australia)",16.546458674513776
2012,JJA,"Max Day (Temp, Australia)",24.58209800720215
2012,JJA,"Avg Max (Temp, Australia)",21.40842168227486
2012,JJA,"Days 37C 3h est (Temp, Australia)",0.0
2012,JJA,"Days 40C 3h est (Temp, Australia)",0.0
2012,JJA,"5-Day Avg Max (Temp, Australia)",24.130145645141603
2012,SON,"Average (Temp, Australia)",21.51238599190345
2012,SON,"Max Day (Temp, Australia)",29.926607131958008
2012,SON,"Avg Max (Temp, Australia)",26.748033942757072
2012,SON,"Days 37C 3h est (Temp, Australia)",0.0
2012,SON,"Days 40C 3h est (Temp, Australia)",0.0
2012,SON,"5-Day Avg Max (Temp, Australia)",29.681992721557616
2013,DJF,"Average (Temp, Australia)",25.29765560362074
2013,DJF,"Max Day (Temp, Australia)",32.83457565307617
2013,DJF,"Avg Max (Temp, Australia)",29.92642550998264
2013,DJF,"Days 37C 3h est (Temp, Australia)",0.0
2013,DJF,"Days 40C 3h est (Temp, Australia)",0.0
2013,DJF,"5-Day Avg Max (Temp, Australia)",32.35528793334961
2013,MAM,"Average (Temp, Australia)",22.38963232351386
2013,MAM,"Max Day (Temp, Australia)",30.18418312072754
2013,MAM,"Avg Max (Temp, Australia)",26.696155838344406
2013,MAM,"Days 37C 3h est (Temp, Australia)",0.0
2013,MAM,"Days 40C 3h est (Temp, Australia)",0.0
2013,MAM,"5-Day Avg Max (Temp, Australia)",29.916898727416992
2013,JJA,"Average (Temp, Australia)",17.622356425160948
2013,JJA,"Max Day (Temp, Australia)",26.13873863220215
2013,JJA,"Avg Max (Temp, Australia)",22.093168258666992
2013,JJA,"Days 37C 3h est (Temp, Australia)",0.0
2013,JJA,"Days 40C 3h est (Temp, Australia)",0.0
2013,JJA,"5-Day Avg Max (Temp, Australia)",25.173033905029296
2013,SON,"Average (Temp, Australia)",21.87800748007638
2013,SON,"Max Day (Temp, Australia)",29.028034210205078
2013,SON,"Avg Max (Temp, Australia)",26.921921426123316
2013,SON,"Days 37C 3h est (Temp, Australia)",0.0
2013,SON,"Days 40C 3h est (Temp, Australia)",0.0
2013,SON,"5-Day Avg Max (Temp, Australia)",28.847523880004882
2014,DJF,"Average (Temp, Australia)",24.749773089090983
2014,DJF,"Max Day (Temp, Australia)",31.272098541259766
2014,DJF,"Avg Max (Temp, Australia)",29.13934652540419
2014,DJF,"Days 37C 3h est (Temp, Australia)",0.0
2014,DJF,"Days 40C 3h est (Temp, Australia)",0.0
2014,DJF,"5-Day Avg Max (Temp, Australia)",30.973781967163085
2014,MAM,"Average (Temp, Australia)",22.513403265372567
2014,MAM,"Max Day (Temp, Australia)",29.95856475830078
2014,MAM,"Avg Max (Temp, Australia)",26.773365891498067
2014,MAM,"Days 37C 3h est (Temp, Australia)",0.0
2014,MAM,"Days 40C 3h est (Temp, Australia)",0.0
2014,MAM,"5-Day Avg Max (Temp, Australia)",29.366528701782226
2014,JJA,"Average (Temp, Australia)",17.003211695214976
2014,JJA,"Max Day (Temp, Australia)",24.460899353027344
2014,JJA,"Avg Max (Temp, Australia)",21.692592247672703
2014,JJA,"Days 37C 3h est (Temp, Australia)",0.0
2014,JJA,"Days 40C 3h est (Temp, Australia)",0.0
2014,JJA,"5-Day Avg Max (Temp, Australia)",24.257651138305665
2014,SON,"Average (Temp, Australia)",21.8691323196495
2014,SON,"Max Day (Temp, Australia)",30.263708114624023
2014,SON,"Avg Max (Temp, Australia)",27.04841731144832
2014,SON,"Days 37C 3h est (Temp, Australia)",0.0
2014,SON,"Days 40C 3h est (Temp, Australia)",0.0
2014,SON,"5-Day Avg Max (Temp, Australia)",30.002090454101562
2015,DJF,"Average (Temp, Australia)",24.985380755530464
2015,DJF,"Max Day (Temp, Australia)",31.520626068115234
2015,DJF,"Avg Max (Temp, Australia)",29.34380904303657
2015,DJF,"Days 37C 3h est (Temp, Australia)",0.0
2015,DJF,"Days 40C 3h est (Temp, Australia)",0.0
2015,DJF,"5-Day Avg Max (Temp, Australia)",31.27662467956543
2015,MAM,"Average (Temp, Australia)",21.606470066568125
2015,MAM,"Max Day (Temp, Australia)",30.408987045288086
2015,MAM,"Avg Max (Temp, Australia)",25.876467559648596
2015,MAM,"Days 37C 3h est (Temp, Australia)",0.0
2015,MAM,"Days 40C 3h est (Temp, Australia)",0.0
2015,MAM,"5-Day Avg Max (Temp, Australia)",29.941297912597655
2015,JJA,"Average (Temp, Australia)",17.232250954793848
2015,JJA,"Max Day (Temp, Australia)",23.823827743530273
2015,JJA,"Avg Max (Temp, Australia)",21.684650234554123
2015,JJA,"Days 37C 3h est (Temp, Australia)",0.0
2015,JJA,"Days 40C 3h est (Temp, Australia)",0.0
2015,JJA,"5-Day Avg Max (Temp, Australia)",23.288196563720703
2015,SON,"Average (Temp, Australia)",21.959271860646677
2015,SON,"Max Day (Temp, Australia)",30.843280792236328
2015,SON,"Avg Max (Temp, Australia)",27.03659294463776
2015,SON,"Days 37C 3h est (Temp, Australia)",0.0
2015,SON,"Days 40C 3h est (Temp, Australia)",0.0
2015,SON,"5-Day Avg Max (Temp, Australia)",30.069378662109376
2016,DJF,"Average (Temp, Australia)",25.071609465630498
2016,DJF,"Max Day (Temp, Australia)",31.171085357666016
2016,DJF,"Avg Max (Temp, Australia)",29.440434445391645
2016,DJF,"Days 37C 3h est (Temp, Australia)",0.0
2016,DJF,"Days 40C 3h est (Temp, Australia)",0.0
2016,DJF,"5-Day Avg Max (Temp, Australia)",30.8560489654541
2016,MAM,"Average (Temp, Australia)",22.981486398240794
2016,MAM,"Max Day (Temp, Australia)",31.52655029296875
2016,MAM,"Avg Max (Temp, Australia)",27.17353565796562
2016,MAM,"Days 37C 3h est (Temp, Australia)",0.0
2016,MAM,"Days 40C 3h est (Temp, Australia)",0.0
2016,MAM,"5-Day Avg Max (Temp, Australia)",31.021035385131835
2016,JJA,"Average (Temp, Australia)",17.444346350172292
2016,JJA,"Max Day (Temp, Australia)",24.06780242919922
2016,JJA,"Avg Max (Temp, Australia)",21.49807073758996
2016,JJA,"Days 37C 3h est (Temp, Australia)",0.0
2016,JJA,"Days 40C 3h est (Temp, Australia)",0.0
2016,JJA,"5-Day Avg Max (Temp, Australia)",23.435618209838868
2016,SON,"Average (Temp, Australia)",20.989879875392703
2016,SON,"Max Day (Temp, Australia)",29.67123794555664
2016,SON,"Avg Max (Temp, Australia)",25.709542871831538
2016,SON,"Days 37C 3h est (Temp, Australia)",0.0
2016,SON,"Days 40C 3h est (Temp, Australia)",0.0
2016,SON,"5-Day Avg Max (Temp, Australia)",29.21932907104492
2017,DJF,"Average (Temp, Australia)",24.761743460761178
2017,DJF,"Max Day (Temp, Australia)",30.77469253540039
2017,DJF,"Avg Max (Temp, Australia)",28.995330577426486
2017,DJF,"Days 37C 3h est (Temp, Australia)",0.0
2017,DJF,"Days 40C 3h est (Temp, Australia)",0.0
2017,DJF,"5-Day Avg Max (Temp, Australia)",30.043729782104492
2017,MAM,"Average (Temp, Australia)",22.193429889886275
2017,MAM,"Max Day (Temp, Australia)",31.035869598388672
2017,MAM,"Avg Max (Temp, Australia)",26.62901892869369
2017,MAM,"Days 37C 3h est (Temp, Australia)",0.0
2017,MAM,"Days 40C 3h est (Temp, Australia)",0.0
2017,MAM,"5-Day Avg Max (Temp, Australia)",30.540769958496092
2017,JJA,"Average (Temp, Australia)",17.470785415690877
2017,JJA,"Max Day (Temp, Australia)",25.056058883666992
2017,JJA,"Avg Max (Temp, Australia)",22.346996182980746
2017,JJA,"Days 37C 3h est (Temp, Australia)",0.0
2017,JJA,"Days 40C 3h est (Temp, Australia)",0.0
2017,JJA,"5-Day Avg Max (Temp, Australia)",24.325099182128906
2017,SON,"Average (Temp, Australia)",21.688479978959638
2017,SON,"Max Day (Temp, Australia)",29.451244354248047
2017,SON,"Avg Max (Temp, Australia)",26.568958156711453
2017,SON,"Days 37C 3h est (Temp, Australia)",0.0
2017,SON,"Days 40C 3h est (Temp, Australia)",0.0
2017,SON,"5-Day Avg Max (Temp, Australia)",29.028611373901366
2018,DJF,"Average (Temp, Australia)",25.057713254292807
2018,DJF,"Max Day (Temp, Australia)",31.782535552978516
2018,DJF,"Avg Max (Temp, Australia)",29.438262769911024
2018,DJF,"Days 37C 3h est (Temp, Australia)",0.0
2018,DJF,"Days 40C 3h est (Temp, Australia)",0.0
2018,DJF,"5-Day Avg Max (Temp, Australia)",30.763584899902344
2018,MAM,"Average (Temp, Australia)",22.450361117072728
2018,MAM,"Max Day (Temp, Australia)",30.02297019958496
2018,MAM,"Avg Max (Temp, Australia)",27.008491267328676
2018,MAM,"Days 37C 3h est (Temp, Australia)",0.0
2018,MAM,"Days 40C 3h est (Temp, Australia)",0.0
2018,MAM,"5-Day Avg Max (Temp, Australia)",29.522161102294923
2018,JJA,"Average (Temp, Australia)",17.04928498164467
2018,JJA,"Max Day (Temp, Australia)",23.473691940307617
2018,JJA,"Avg Max (Temp, Australia)",21.92036421402641
2018,JJA,"Days 37C 3h est (Temp, Australia)",0.0
2018,JJA,"Days 40C 3h est (Temp, Australia)",0.0
2018,JJA,"5-Day Avg Max (Temp, Australia)",23.168001556396483
2018,SON,"Average (Temp, Australia)",21.451347193875154
2018,SON,"Max Day (Temp, Australia)",29.510562896728516
2018,SON,"Avg Max (Temp, Australia)",26.31337842836485
2018,SON,"Days 37C 3h est (Temp, Australia)",0.0
2018,SON,"Days 40C 3h est (Temp, Australia)",0.0
2018,SON,"5-Day Avg Max (Temp, Australia)",29.006496047973634
2019,DJF,"Average (Temp, Australia)",25.555744965871174
2019,DJF,"Max Day (Temp, Australia)",32.03883361816406
2019,DJF,"Avg Max (Temp, Australia)",30.12659475538466
2019,DJF,"Days 37C 3h est (Temp, Australia)",0.0
2019,DJF,"Days 40C 3h est (Temp, Australia)",0.0
2019,DJF,"5-Day Avg Max (Temp, Australia)",31.707456970214842
2019,MAM,"Average (Temp, Australia)",22.425351775210835
2019,MAM,"Max Day (Temp, Australia)",31.691011428833008
2019,MAM,"Avg Max (Temp, Australia)",26.78825931963713
2019,MAM,"Days 37C 3h est (Temp, Australia)",0.0
2019,MAM,"Days 40C 3h est (Temp, Australia)",0.0
2019,MAM,"5-Day Avg Max (Temp, Australia)",30.972724151611327
2019,JJA,"Average (Temp, Australia)",17.143074320710223
2019,JJA,"Max Day (Temp, Australia)",23.81190299987793
2019,JJA,"Avg Max (Temp, Australia)",21.832480306210726
2019,JJA,"Days 37C 3h est (Temp, Australia)",0.0
2019,JJA,"Days 40C 3h est (Temp, Australia)",0.0
2019,JJA,"5-Day Avg Max (Temp, Australia)",23.26527214050293
2019,SON,"Average (Temp, Australia)",21.616260135566794
2019,SON,"Max Day (Temp, Australia)",31.029186248779297
2019,SON,"Avg Max (Temp, Australia)",26.93092184800368
2019,SON,"Days 37C 3h est (Temp, Australia)",0.0
2019,SON,"Days 40C 3h est (Temp, Australia)",0.0
2019,SON,"5-Day Avg Max (Temp, Australia)",30.258555603027343
2020,DJF,"Average (Temp, Australia)",25.56883473448701
2020,DJF,"Max Day (Temp, Australia)",33.921302795410156
2020,DJF,"Avg Max (Temp, Australia)",30.06613540649414
2020,DJF,"Days 37C 3h est (Temp, Australia)",0.0
2020,DJF,"Days 40C 3h est (Temp, Australia)",0.0
2020,DJF,"5-Day Avg Max (Temp, Australia)",32.89167861938476
2020,MAM,"Average (Temp, Australia)",22.023318378821664
2020,MAM,"Max Day (Temp, Australia)",29.601612091064453
2020,MAM,"Avg Max (Temp, Australia)",26.299072058304496
2020,MAM,"Days 37C 3h est (Temp, Australia)",0.0
2020,MAM,"Days 40C 3h est (Temp, Australia)",0.0
2020,MAM,"5-Day Avg Max (Temp, Australia)",29.084163665771484
2020,JJA,"Average (Temp, Australia)",17.45365848230279
2020,JJA,"Max Day (Temp, Australia)",25.297481536865234
2020,JJA,"Avg Max (Temp, Australia)",22.18690584016883
2020,JJA,"Days 37C 3h est (Temp, Australia)",0.0
2020,JJA,"Days 40C 3h est (Temp, Australia)",0.0
2020,JJA,"5-Day Avg Max (Temp, Australia)",24.790099334716796
2020,SON,"Average (Temp, Australia)",22.025798011612107
2020,SON,"Max Day (Temp, Australia)",31.011032104492188
2020,SON,"Avg Max (Temp, Australia)",26.843446920206258
2020,SON,"Days 37C 3h est (Temp, Australia)",0.0
2020,SON,"Days 40C 3h est (Temp, Australia)",0.0
2020,SON,"5-Day Avg Max (Temp, Australia)",30.29242820739746
2021,DJF,"Average (Temp, Australia)",24.384676763746473
2021,DJF,"Max Day (Temp, Australia)",30.607152938842773
2021,DJF,"Avg Max (Temp, Australia)",28.4662329143948
2021,DJF,"Days 37C 3h est (Temp, Australia)",0.0
2021,DJF,"Days 40C 3h est (Temp, Australia)",0.0
2021,DJF,"5-Day Avg Max (Temp, Australia)",30.13888282775879
2021,MAM,"Average (Temp, Australia)",21.893725462581802
2021,MAM,"Max Day (Temp, Australia)",29.726621627807617
2021,MAM,"Avg Max (Temp, Australia)",26.279972656913426
2021,MAM,"Days 37C 3h est (Temp, Australia)",0.0
2021,MAM,"Days 40C 3h est (Temp, Australia)",0.0
2021,MAM,"5-Day Avg Max (Temp, Australia)",29.023215103149415
2021,JJA,"Average (Temp, Australia)",17.552419802416924
2021,JJA,"Max Day (Temp, Australia)",25.609498977661133
2021,JJA,"Avg Max (Temp, Australia)",21.99658091171928
2021,JJA,"Days 37C 3h est (Temp, Australia)",0.0
2021,JJA,"Days 40C 3h est (Temp, Australia)",0.0
2021,JJA,"5-Day Avg Max (Temp, Australia)",24.230276107788086
2021,SON,"Average (Temp, Australia)",21.108665623507658
2021,SON,"Max Day (Temp, Australia)",28.834487915039062
2021,SON,"Avg Max (Temp, Australia)",25.795634699391794
2021,SON,"Days 37C 3h est (Temp, Australia)",0.0
2021,SON,"Days 40C 3h est (Temp, Australia)",0.0
2021,SON,"5-Day Avg Max (Temp, Australia)",27.751467895507812
2022,DJF,"Average (Temp, Australia)",24.911791314019098
2022,DJF,"Max Day (Temp, Australia)",31.012842178344727
2022,DJF,"Avg Max (Temp, Australia)",29.220972887674968
2022,DJF,"Days 37C 3h est (Temp, Australia)",0.0
2022,DJF,"Days 40C 3h est (Temp, Australia)",0.0
2022,DJF,"5-Day Avg Max (Temp, Australia)",30.425259017944335
2022,MAM,"Average (Temp, Australia)",22.5786293796871
2022,MAM,"Max Day (Temp, Australia)",30.480205535888672
2022,MAM,"Avg Max (Temp, Australia)",26.67529408828072
2022,MAM,"Days 37C 3h est (Temp, Australia)",0.0
2022,MAM,"Days 40C 3h est (Temp, Australia)",0.0
2022,MAM,"5-Day Avg Max (Temp, Australia)",30.033875274658204
2022,JJA,"Average (Temp, Australia)",17.016176690226015
2022,JJA,"Max Day (Temp, Australia)",23.802104949951172
2022,JJA,"Avg Max (Temp, Australia)",21.394105579542078
2022,JJA,"Days 37C 3h est (Temp, Australia)",0.0
2022,JJA,"Days 40C 3h est (Temp, Australia)",0.0
2022,JJA,"5-Day Avg Max (Temp, Australia)",23.088790893554688
2022,SON,"Average (Temp, Australia)",20.829860252338452
2022,SON,"Max Day (Temp, Australia)",27.947750091552734
2022,SON,"Avg Max (Temp, Australia)",25.13176658127334
2022,SON,"Days 37C 3h est (Temp, Australia)",0.0
2022,SON,"Days 40C 3h est (Temp, Australia)",0.0
2022,SON,"5-Day Avg Max (Temp, Australia)",27.499432373046876
2023,DJF,"Average (Temp, Australia)",24.387007490793863
2023,DJF,"Max Day (Temp, Australia)",30.568660736083984
2023,DJF,"Avg Max (Temp, Australia)",28.62530737982856
2023,DJF,"Days 37C 3h est (Temp, Australia)",0.0
2023,DJF,"Days 40C 3h est (Temp, Australia)",0.0
2023,DJF,"5-Day Avg Max (Temp, Australia)",30.264050674438476
2023,MAM,"Average (Temp, Australia)",21.687227907388106
2023,MAM,"Max Day (Temp, Australia)",31.08452033996582
2023,MAM,"Avg Max (Temp, Australia)",26.114833043969195
2023,MAM,"Days 37C 3h est (Temp, Australia)",0.0
2023,MAM,"Days 40C 3h est (Temp, Australia)",0.0
2023,MAM,"5-Day Avg Max (Temp, Australia)",30.55656967163086
2023,JJA,"Average (Temp, Australia)",17.695679400278173
2023,JJA,"Max Day (Temp, Australia)",25.420480728149414
2023,JJA,"Avg Max (Temp, Australia)",22.351309817770254
2023,JJA,"Days 37C 3h est (Temp, Australia)",0.0
2023,JJA,"Days 40C 3h est (Temp, Australia)",0.0
2023,JJA,"5-Day Avg Max (Temp, Australia)",25.070026779174803
2023,SON,"Average (Temp, Australia)",21.878904264051837
2023,SON,"Max Day (Temp, Australia)",29.04472541809082
2023,SON,"Avg Max (Temp, Australia)",26.988081376631182
2023,SON,"Days 37C 3h est (Temp, Australia)",0.0
2023,SON,"Days 40C 3h est (Temp, Australia)",0.0
2023,SON,"5-Day Avg Max (Temp, Australia)",28.842362213134766
2024,DJF,"Average (Temp, Australia)",25.38912287911216
2024,DJF,"Max Day (Temp, Australia)",31.27373695373535
2024,DJF,"Avg Max (Temp, Australia)",29.71695969130967
2024,DJF,"Days 37C 3h est (Temp, Australia)",0.0
2024,DJF,"Days 40C 3h est (Temp, Australia)",0.0
2024,DJF,"5-Day Avg Max (Temp, Australia)",30.903008270263673
2024,MAM,"Average (Temp, Australia)",22.098726091177568
2024,MAM,"Max Day (Temp, Australia)",29.711591720581055
2024,MAM,"Avg Max (Temp, Australia)",26.26786532609359
2024,MAM,"Days 37C 3h est (Temp, Australia)",0.0
2024,MAM,"Days 40C 3h est (Temp, Australia)",0.0
2024,MAM,"5-Day Avg Max (Temp, Australia)",30.16013374328613
2024,JJA,"Average (Temp, Australia)",17.729528033215068
2024,JJA,"Max Day (Temp, Australia)",26.82594871520996
2024,JJA,"Avg Max (Temp, Australia)",22.257154236669127
2024,JJA,"Days 37C 3h est (Temp, Australia)",0.0
2024,JJA,"Days 40C 3h est (Temp, Australia)",0.0
2024,JJA,"5-Day Avg Max (Temp, Australia)",26.193915176391602
2024,SON,"Average (Temp, Australia)",22.162314556457183
2024,SON,"Max Day (Temp, Australia)",29.94354248046875
2024,SON,"Avg Max (Temp, Australia)",26.889082290314057
2024,SON,"Days 37C 3h est (Temp, Australia)",0.0
2024,SON,"Days 40C 3h est (Temp, Australia)",0.0
2024,SON,"5-Day Avg Max (Temp, Australia)",29.420587158203126
2025,DJF,"Average (Temp, Australia)",25.23535350061232
2025,DJF,"Max Day (Temp, Australia)",31.439729690551758
2025,DJF,"Avg Max (Temp, Australia)",29.78345415669103
2025,DJF,"Days 37C 3h est (Temp, Australia)",0.0
2025,DJF,"Days 40C 3h est (Temp, Australia)",0.0
2025,DJF,"5-Day Avg Max (Temp, Australia)",30.53302993774414
1971,Annual,"Average (Temp, Australia)",20.68276473920639
1971,Annual,"Max Day (Temp, Australia)",31.30412483215332
1971,Annual,"Avg Max (Temp, Australia)",25.24047234417641
1971,Annual,"Days 37C 3h est (Temp, Australia)",0.0
1971,Annual,"Days 40C 3h est (Temp, Australia)",0.0
1971,Annual,"5-Day Avg Max (Temp, Australia)",30.788802337646484
1972,Annual,"Average (Temp, Australia)",20.918502975682742
1972,Annual,"Max Day (Temp, Australia)",32.88637924194336
1972,Annual,"Avg Max (Temp, Australia)",25.715890785384047
1972,Annual,"Days 37C 3h est (Temp, Australia)",0.0
1972,Annual,"Days 40C 3h est (Temp, Australia)",0.0
1972,Annual,"5-Day Avg Max (Temp, Australia)",32.055184555053714
1973,Annual,"Average (Temp, Australia)",21.265021328076923
1973,Annual,"Max Day (Temp, Australia)",32.36104965209961
1973,Annual,"Avg Max (Temp, Australia)",25.527405062113722
1973,Annual,"Days 37C 3h est (Temp, Australia)",0.0
1973,Annual,"Days 40C 3h est (Temp, Australia)",0.0
1973,Annual,"5-Day Avg Max (Temp, Australia)",31.885203170776368
1974,Annual,"Average (Temp, Australia)",20.51101340463717
1974,Annual,"Max Day (Temp, Australia)",29.989330291748047
1974,Annual,"Avg Max (Temp, Australia)",24.80329704284668
1974,Annual,"Days 37C 3h est (Temp, Australia)",0.0
1974,Annual,"Days 40C 3h est (Temp, Australia)",0.0
1974,Annual,"5-Day Avg Max (Temp, Australia)",29.163093948364256
1975,Annual,"Average (Temp, Australia)",20.788593813491193
1975,Annual,"Max Day (Temp, Australia)",31.844890594482422
1975,Annual,"Avg Max (Temp, Australia)",25.231138694449648
1975,Annual,"Days 37C 3h est (Temp, Australia)",0.0
1975,Annual,"Days 40C 3h est (Temp, Australia)",0.0
1975,Annual,"5-Day Avg Max (Temp, Australia)",31.43455352783203
1976,Annual,"Average (Temp, Australia)",20.441759794787632
1976,Annual,"Max Day (Temp, Australia)",30.56322479248047
1976,Annual,"Avg Max (Temp, Australia)",25.079175120494405
1976,Annual,"Days 37C 3h est (Temp, Australia)",0.0
1976,Annual,"Days 40C 3h est (Temp, Australia)",0.0
1976,Annual,"5-Day Avg Max (Temp, Australia)",30.20243606567383
1977,Annual,"Average (Temp, Australia)",20.805068283864898
1977,Annual,"Max Day (Temp, Australia)",31.161514282226562
1977,Annual,"Avg Max (Temp, Australia)",25.4368879605646
1977,Annual,"Days 37C 3h est (Temp, Australia)",0.0
1977,Annual,"Days 40C 3h est (Temp, Australia)",0.0
1977,Annual,"5-Day Avg Max (Temp, Australia)",30.70653190612793
1978,Annual,"Average (Temp, Australia)",20.717542200219143
1978,Annual,"Max Day (Temp, Australia)",31.58366584777832
1978,Annual,"Avg Max (Temp, Australia)",25.09153732404317
1978,Annual,"Days 37C 3h est (Temp, Australia)",0.0
1978,Annual,"Days 40C 3h est (Temp, Australia)",0.0
1978,Annual,"5-Day Avg Max (Temp, Australia)",30.88418197631836
1979,Annual,"Average (Temp, Australia)",21.04596456109661
1979,Annual,"Max Day (Temp, Australia)",31.236167907714844
1979,Annual,"Avg Max (Temp, Australia)",25.56477665835864
1979,Annual,"Days 37C 3h est (Temp, Australia)",0.0
1979,Annual,"Days 40C 3h est (Temp, Australia)",0.0
1979,Annual,"5-Day Avg Max (Temp, Australia)",30.796289443969727
1980,Annual,"Average (Temp, Australia)",21.31315301155132
1980,Annual,"Max Day (Temp, Australia)",31.303672790527344
1980,Annual,"Avg Max (Temp, Australia)",25.920240871241834
1980,Annual,"Days 37C 3h est (Temp, Australia)",0.0
1980,Annual,"Days 40C 3h est (Temp, Australia)",0.0
1980,Annual,"5-Day Avg Max (Temp, Australia)",30.554450607299806
1981,Annual,"Average (Temp, Australia)",21.05479593407618
1981,Annual,"Max Day (Temp, Australia)",30.608768463134766
1981,Annual,"Avg Max (Temp, Australia)",25.510023613498635
1981,Annual,"Days 37C 3h est (Temp, Australia)",0.0
1981,Annual,"Days 40C 3h est (Temp, Australia)",0.0
1981,Annual,"5-Day Avg Max (Temp, Australia)",30.244426345825197
1982,Annual,"Average (Temp, Australia)",20.833387930099278
1982,Annual,"Max Day (Temp, Australia)",31.800127029418945
1982,Annual,"Avg Max (Temp, Australia)",25.49029605290661
1982,Annual,"Days 37C 3h est (Temp, Australia)",0.0
1982,Annual,"Days 40C 3h est (Temp, Australia)",0.0
1982,Annual,"5-Day Avg Max (Temp, Australia)",30.392663192749023
1983,Annual,"Average (Temp, Australia)",21.128366378888693
1983,Annual,"Max Day (Temp, Australia)",32.14680480957031
1983,Annual,"Avg Max (Temp, Australia)",25.520004779345367
1983,Annual,"Days 37C 3h est (Temp, Australia)",0.0
1983,Annual,"Days 40C 3h est (Temp, Australia)",0.0
1983,Annual,"5-Day Avg Max (Temp, Australia)",31.24424476623535
1984,Annual,"Average (Temp, Australia)",20.64596569212408
1984,Annual,"Max Day (Temp, Australia)",30.215463638305664
1984,Annual,"Avg Max (Temp, Australia)",25.059763944865576
1984,Annual,"Days 37C 3h est (Temp, Australia)",0.0
1984,Annual,"Days 40C 3h est (Temp, Australia)",0.0
1984,Annual,"5-Day Avg Max (Temp, Australia)",29.635861587524413
1985,Annual,"Average (Temp, Australia)",20.939305561535978
1985,Annual,"Max Day (Temp, Australia)",31.50027847290039
1985,Annual,"Avg Max (Temp, Australia)",25.47363224813383
1985,Annual,"Days 37C 3h est (Temp, Australia)",0.0
1985,Annual,"Days 40C 3h est (Temp, Australia)",0.0
1985,Annual,"5-Day Avg Max (Temp, Australia)",30.913378143310545
1986,Annual,"Average (Temp, Australia)",20.910963464763068
1986,Annual,"Max Day (Temp, Australia)",30.86342430114746
1986,Annual,"Avg Max (Temp, Australia)",25.37437135356746
1986,Annual,"Days 37C 3h est (Temp, Australia)",0.0
1986,Annual,"Days 40C 3h est (Temp, Australia)",0.0
1986,Annual,"5-Day Avg Max (Temp, Australia)",30.40679817199707
1987,Annual,"Average (Temp, Australia)",20.96445385397297
1987,Annual,"Max Day (Temp, Australia)",30.575159072875977
1987,Annual,"Avg Max (Temp, Australia)",25.454237454558072
1987,Annual,"Days 37C 3h est (Temp, Australia)",0.0
1987,Annual,"Days 40C 3h est (Temp, Australia)",0.0
1987,Annual,"5-Day Avg Max (Temp, Australia)",30.261001586914062
1988,Annual,"Average (Temp, Australia)",21.445077686361927
1988,Annual,"Max Day (Temp, Australia)",31.168071746826172
1988,Annual,"Avg Max (Temp, Australia)",25.89785930758617
1988,Annual,"Days 37C 3h est (Temp, Australia)",0.0
1988,Annual,"Days 40C 3h est (Temp, Australia)",0.0
1988,Annual,"5-Day Avg Max (Temp, Australia)",30.897605895996094
1989,Annual,"Average (Temp, Australia)",20.86554346999077
1989,Annual,"Max Day (Temp, Australia)",31.060840606689453
1989,Annual,"Avg Max (Temp, Australia)",25.2492618142742
1989,Annual,"Days 37C 3h est (Temp, Australia)",0.0
1989,Annual,"Days 40C 3h est (Temp, Australia)",0.0
1989,Annual,"5-Day Avg Max (Temp, Australia)",30.322867584228515
1990,Annual,"Average (Temp, Australia)",21.13621749094088
1990,Annual,"Max Day (Temp, Australia)",31.50969123840332
1990,Annual,"Avg Max (Temp, Australia)",25.626204184963278
1990,Annual,"Days 37C 3h est (Temp, Australia)",0.0
1990,Annual,"Days 40C 3h est (Temp, Australia)",0.0
1990,Annual,"5-Day Avg Max (Temp, Australia)",30.869726943969727
1991,Annual,"Average (Temp, Australia)",21.19633325550654
1991,Annual,"Max Day (Temp, Australia)",31.321033477783203
1991,Annual,"Avg Max (Temp, Australia)",25.81022025852987
1991,Annual,"Days 37C 3h est (Temp, Australia)",0.0
1991,Annual,"Days 40C 3h est (Temp, Australia)",0.0
1991,Annual,"5-Day Avg Max (Temp, Australia)",31.073301315307617
1992,Annual,"Average (Temp, Australia)",20.856641833248034
1992,Annual,"Max Day (Temp, Australia)",30.756717681884766
1992,Annual,"Avg Max (Temp, Australia)",25.21048943983401
1992,Annual,"Days 37C 3h est (Temp, Australia)",0.0
1992,Annual,"Days 40C 3h est (Temp, Australia)",0.0
1992,Annual,"5-Day Avg Max (Temp, Australia)",30.34799919128418
1993,Annual,"Average (Temp, Australia)",20.99255043055913
1993,Annual,"Max Day (Temp, Australia)",31.52948760986328
1993,Annual,"Avg Max (Temp, Australia)",25.374153220816833
1993,Annual,"Days 37C 3h est (Temp, Australia)",0.0
1993,Annual,"Days 40C 3h est (Temp, Australia)",0.0
1993,Annual,"5-Day Avg Max (Temp, Australia)",30.801164627075195
1994,Annual,"Average (Temp, Australia)",20.91649157119124
1994,Annual,"Max Day (Temp, Australia)",31.59963035583496
1994,Annual,"Avg Max (Temp, Australia)",25.79348994215874
1994,Annual,"Days 37C 3h est (Temp, Australia)",0.0
1994,Annual,"Days 40C 3h est (Temp, Australia)",0.0
1994,Annual,"5-Day Avg Max (Temp, Australia)",30.84264373779297
1995,Annual,"Average (Temp, Australia)",20.864191506006946
1995,Annual,"Max Day (Temp, Australia)",30.23702049255371
1995,Annual,"Avg Max (Temp, Australia)",25.24033537041651
1995,Annual,"Days 37C 3h est (Temp, Australia)",0.0
1995,Annual,"Days 40C 3h est (Temp, Australia)",0.0
1995,Annual,"5-Day Avg Max (Temp, Australia)",30.39951362609863
1996,Annual,"Average (Temp, Australia)",21.114572341324852
1996,Annual,"Max Day (Temp, Australia)",30.811458587646484
1996,Annual,"Avg Max (Temp, Australia)",25.663254977575416
1996,Annual,"Days 37C 3h est (Temp, Australia)",0.0
1996,Annual,"Days 40C 3h est (Temp, Australia)",0.0
1996,Annual,"5-Day Avg Max (Temp, Australia)",30.22121391296387
1997,Annual,"Average (Temp, Australia)",20.950066367894003
1997,Annual,"Max Day (Temp, Australia)",31.398902893066406
1997,Annual,"Avg Max (Temp, Australia)",25.424239558389743
1997,Annual,"Days 37C 3h est (Temp, Australia)",0.0
1997,Annual,"Days 40C 3h est (Temp, Australia)",0.0
1997,Annual,"5-Day Avg Max (Temp, Australia)",30.721072387695312
1998,Annual,"Average (Temp, Australia)",21.4262435939214
1998,Annual,"Max Day (Temp, Australia)",31.235689163208008
1998,Annual,"Avg Max (Temp, Australia)",25.754613343330277
1998,Annual,"Days 37C 3h est (Temp, Australia)",0.0
1998,Annual,"Days 40C 3h est (Temp, Australia)",0.0
1998,Annual,"5-Day Avg Max (Temp, Australia)",30.91112365722656
1999,Annual,"Average (Temp, Australia)",21.014298254823032
1999,Annual,"Max Day (Temp, Australia)",30.380876541137695
1999,Annual,"Avg Max (Temp, Australia)",25.4528615089312
1999,Annual,"Days 37C 3h est (Temp, Australia)",0.0
1999,Annual,"Days 40C 3h est (Temp, Australia)",0.0
1999,Annual,"5-Day Avg Max (Temp, Australia)",30.003365325927735
2000,Annual,"Average (Temp, Australia)",20.818791307386803
2000,Annual,"Max Day (Temp, Australia)",31.568574905395508
2000,Annual,"Avg Max (Temp, Australia)",25.170659643704774
2000,Annual,"Days 37C 3h est (Temp, Australia)",0.0
2000,Annual,"Days 40C 3h est (Temp, Australia)",0.0
2000,Annual,"5-Day Avg Max (Temp, Australia)",30.753359985351562
2001,Annual,"Average (Temp, Australia)",20.87933125953152
2001,Annual,"Max Day (Temp, Australia)",30.5936336517334
2001,Annual,"Avg Max (Temp, Australia)",25.418698700160196
2001,Annual,"Days 37C 3h est (Temp, Australia)",0.0
2001,Annual,"Days 40C 3h est (Temp, Australia)",0.0
2001,Annual,"5-Day Avg Max (Temp, Australia)",30.226014709472658
2002,Annual,"Average (Temp, Australia)",21.277795423220283
2002,Annual,"Max Day (Temp, Australia)",31.778854370117188
2002,Annual,"Avg Max (Temp, Australia)",26.179254678177507
2002,Annual,"Days 37C 3h est (Temp, Australia)",0.0
2002,Annual,"Days 40C 3h est (Temp, Australia)",0.0
2002,Annual,"5-Day Avg Max (Temp, Australia)",31.394097900390626
2003,Annual,"Average (Temp, Australia)",21.236588274289485
2003,Annual,"Max Day (Temp, Australia)",30.892148971557617
2003,Annual,"Avg Max (Temp, Australia)",25.790512565717304
2003,Annual,"Days 37C 3h est (Temp, Australia)",0.0
2003,Annual,"Days 40C 3h est (Temp, Australia)",0.0
2003,Annual,"5-Day Avg Max (Temp, Australia)",30.4097900390625
2004,Annual,"Average (Temp, Australia)",21.130544418845673
2004,Annual,"Max Day (Temp, Australia)",31.09950065612793
2004,Annual,"Avg Max (Temp, Australia)",25.684773189773978
2004,Annual,"Days 37C 3h est (Temp, Australia)",0.0
2004,Annual,"Days 40C 3h est (Temp, Australia)",0.0
2004,Annual,"5-Day Avg Max (Temp, Australia)",30.652099990844725
2005,Annual,"Average (Temp, Australia)",21.539416916729653
2005,Annual,"Max Day (Temp, Australia)",31.079248428344727
2005,Annual,"Avg Max (Temp, Australia)",26.133357808361314
2005,Annual,"Days 37C 3h est (Temp, Australia)",0.0
2005,Annual,"Days 40C 3h est (Temp, Australia)",0.0
2005,Annual,"5-Day Avg Max (Temp, Australia)",30.907509994506835
2006,Annual,"Average (Temp, Australia)",21.069731944881074
2006,Annual,"Max Day (Temp, Australia)",30.905513763427734
2006,Annual,"Avg Max (Temp, Australia)",25.689451818596826
2006,Annual,"Days 37C 3h est (Temp, Australia)",0.0
2006,Annual,"Days 40C 3h est (Temp, Australia)",0.0
2006,Annual,"5-Day Avg Max (Temp, Australia)",30.45705223083496
2007,Annual,"Average (Temp, Australia)",21.302528884312878
2007,Annual,"Max Day (Temp, Australia)",31.448184967041016
2007,Annual,"Avg Max (Temp, Australia)",25.903739626113683
2007,Annual,"Days 37C 3h est (Temp, Australia)",0.0
2007,Annual,"Days 40C 3h est (Temp, Australia)",0.0
2007,Annual,"5-Day Avg Max (Temp, Australia)",30.899796295166016
2008,Annual,"Average (Temp, Australia)",21.09015909439879
2008,Annual,"Max Day (Temp, Australia)",30.97330093383789
2008,Annual,"Avg Max (Temp, Australia)",25.696014623172946
2008,Annual,"Days 37C 3h est (Temp, Australia)",0.0
2008,Annual,"Days 40C 3h est (Temp, Australia)",0.0
2008,Annual,"5-Day Avg Max (Temp, Australia)",30.6545654296875
2009,Annual,"Average (Temp, Australia)",21.43232283134983
2009,Annual,"Max Day (Temp, Australia)",31.15579605102539
2009,Annual,"Avg Max (Temp, Australia)",26.09168885636003
2009,Annual,"Days 37C 3h est (Temp, Australia)",0.0
2009,Annual,"Days 40C 3h est (Temp, Australia)",0.0
2009,Annual,"5-Day Avg Max (Temp, Australia)",30.765644454956053
2010,Annual,"Average (Temp, Australia)",21.181280653444055
2010,Annual,"Max Day (Temp, Australia)",30.770652770996094
2010,Annual,"Avg Max (Temp, Australia)",25.415976600124413
2010,Annual,"Days 37C 3h est (Temp, Australia)",0.0
2010,Annual,"Days 40C 3h est (Temp, Australia)",0.0
2010,Annual,"5-Day Avg Max (Temp, Australia)",30.321273422241212
2011,Annual,"Average (Temp, Australia)",20.87232162919763
2011,Annual,"Max Day (Temp, Australia)",31.609912872314453
2011,Annual,"Avg Max (Temp, Australia)",25.287638771370666
2011,Annual,"Days 37C 3h est (Temp, Australia)",0.0
2011,Annual,"Days 40C 3h est (Temp, Australia)",0.0
2011,Annual,"5-Day Avg Max (Temp, Australia)",31.083423233032228
2012,Annual,"Average (Temp, Australia)",21.041553286255382
2012,Annual,"Max Day (Temp, Australia)",31.334247589111328
2012,Annual,"Avg Max (Temp, Australia)",25.78158480222108
2012,Annual,"Days 37C 3h est (Temp, Australia)",0.0
2012,Annual,"Days 40C 3h est (Temp, Australia)",0.0
2012,Annual,"5-Day Avg Max (Temp, Australia)",30.561820602416994
2013,Annual,"Average (Temp, Australia)",21.737604908094013
2013,Annual,"Max Day (Temp, Australia)",32.83457565307617
2013,Annual,"Avg Max (Temp, Australia)",26.345151796732864
2013,Annual,"Days 37C 3h est (Temp, Australia)",0.0
2013,Annual,"Days 40C 3h est (Temp, Australia)",0.0
2013,Annual,"5-Day Avg Max (Temp, Australia)",32.35528793334961
2014,Annual,"Average (Temp, Australia)",21.532847166714603
2014,Annual,"Max Day (Temp, Australia)",31.272098541259766
2014,Annual,"Avg Max (Temp, Australia)",26.1437543633866
2014,Annual,"Days 37C 3h est (Temp, Australia)",0.0
2014,Annual,"Days 40C 3h est (Temp, Australia)",0.0
2014,Annual,"5-Day Avg Max (Temp, Australia)",30.973781967163085
2015,Annual,"Average (Temp, Australia)",21.436522607933984
2015,Annual,"Max Day (Temp, Australia)",31.520626068115234
2015,Annual,"Avg Max (Temp, Australia)",25.979208274736795
2015,Annual,"Days 37C 3h est (Temp, Australia)",0.0
2015,Annual,"Days 40C 3h est (Temp, Australia)",0.0
2015,Annual,"5-Day Avg Max (Temp, Australia)",31.27662467956543
2016,Annual,"Average (Temp, Australia)",21.59245069300542
2016,Annual,"Max Day (Temp, Australia)",31.52655029296875
2016,Annual,"Avg Max (Temp, Australia)",25.91732634351553
2016,Annual,"Days 37C 3h est (Temp, Australia)",0.0
2016,Annual,"Days 40C 3h est (Temp, Australia)",0.0
2016,Annual,"5-Day Avg Max (Temp, Australia)",31.021035385131835
2017,Annual,"Average (Temp, Australia)",21.53472336024454
2017,Annual,"Max Day (Temp, Australia)",31.035869598388672
2017,Annual,"Avg Max (Temp, Australia)",26.15700898888993
2017,Annual,"Days 37C 3h est (Temp, Australia)",0.0
2017,Annual,"Days 40C 3h est (Temp, Australia)",0.0
2017,Annual,"5-Day Avg Max (Temp, Australia)",30.65676498413086
2018,Annual,"Average (Temp, Australia)",21.514302393508284
2018,Annual,"Max Day (Temp, Australia)",31.989187240600586
2018,Annual,"Avg Max (Temp, Australia)",26.183430198773944
2018,Annual,"Days 37C 3h est (Temp, Australia)",0.0
2018,Annual,"Days 40C 3h est (Temp, Australia)",0.0
2018,Annual,"5-Day Avg Max (Temp, Australia)",31.331069946289062
2019,Annual,"Average (Temp, Australia)",21.736995490609782
2019,Annual,"Max Day (Temp, Australia)",33.921302795410156
2019,Annual,"Avg Max (Temp, Australia)",26.519811092010915
2019,Annual,"Days 37C 3h est (Temp, Australia)",0.0
2019,Annual,"Days 40C 3h est (Temp, Australia)",0.0
2019,Annual,"5-Day Avg Max (Temp, Australia)",32.89167861938476
2020,Annual,"Average (Temp, Australia)",21.588812700386256
2020,Annual,"Max Day (Temp, Australia)",31.39090919494629
2020,Annual,"Avg Max (Temp, Australia)",26.082615706438574
2020,Annual,"Days 37C 3h est (Temp, Australia)",0.0
2020,Annual,"Days 40C 3h est (Temp, Australia)",0.0
2020,Annual,"5-Day Avg Max (Temp, Australia)",31.725387573242188
2021,Annual,"Average (Temp, Australia)",21.270132610895864
2021,Annual,"Max Day (Temp, Australia)",31.012842178344727
2021,Annual,"Avg Max (Temp, Australia)",25.70998676770354
2021,Annual,"Days 37C 3h est (Temp, Australia)",0.0
2021,Annual,"Days 40C 3h est (Temp, Australia)",0.0
2021,Annual,"5-Day Avg Max (Temp, Australia)",30.29694519042969
2022,Annual,"Average (Temp, Australia)",21.24503000990985
2022,Annual,"Max Day (Temp, Australia)",30.6097412109375
2022,Annual,"Avg Max (Temp, Australia)",25.495677691943026
2022,Annual,"Days 37C 3h est (Temp, Australia)",0.0
2022,Annual,"Days 40C 3h est (Temp, Australia)",0.0
2022,Annual,"5-Day Avg Max (Temp, Australia)",30.425259017944335
2023,Annual,"Average (Temp, Australia)",21.493895756708433
2023,Annual,"Max Day (Temp, Australia)",31.185379028320312
2023,Annual,"Avg Max (Temp, Australia)",26.120043030830278
2023,Annual,"Days 37C 3h est (Temp, Australia)",0.0
2023,Annual,"Days 40C 3h est (Temp, Australia)",0.0
2023,Annual,"5-Day Avg Max (Temp, Australia)",30.870955657958984
2024,Annual,"Average (Temp, Australia)",21.858018426947254
2024,Annual,"Max Day (Temp, Australia)",31.439729690551758
2024,Annual,"Avg Max (Temp, Australia)",26.288242605865978
2024,Annual,"Days 37C 3h est (Temp, Australia)",0.0
2024,Annual,"Days 40C 3h est (Temp, Australia)",0.0
2024,Annual,"5-Day Avg Max (Temp, Australia)",30.903008270263673
1971,DJF,"Average (Humidity, Australia)",66.90934148605028
1971,MAM,"Average (Humidity, Australia)",69.83881930897788
1971,JJA,"Average (Humidity, Australia)",69.3842741847382
1971,SON,"Average (Humidity, Australia)",63.896511592162746
1972,DJF,"Average (Humidity, Australia)",65.86642719635645
1972,MAM,"Average (Humidity, Australia)",64.87534615007483
1972,JJA,"Average (Humidity, Australia)",67.24852792651659
1972,SON,"Average (Humidity, Australia)",61.046459430932316
1973,DJF,"Average (Humidity, Australia)",65.66923988835171
1973,MAM,"Average (Humidity, Australia)",69.59152739011442
1973,JJA,"Average (Humidity, Australia)",73.03820850170305
1973,SON,"Average (Humidity, Australia)",66.44561432236094
1974,DJF,"Average (Humidity, Australia)",73.29395058076277
1974,MAM,"Average (Humidity, Australia)",73.98666242152494
1974,JJA,"Average (Humidity, Australia)",69.7024539825359
1974,SON,"Average (Humidity, Australia)",67.64367480707638
1975,DJF,"Average (Humidity, Australia)",67.48318295208382
1975,MAM,"Average (Humidity, Australia)",68.94228692727694
1975,JJA,"Average (Humidity, Australia)",68.77794744507086
1975,SON,"Average (Humidity, Australia)",67.67260320881945
1976,DJF,"Average (Humidity, Australia)",72.16125846380424
1976,MAM,"Average (Humidity, Australia)",68.40838861754023
1976,JJA,"Average (Humidity, Australia)",65.2620500842186
1976,SON,"Average (Humidity, Australia)",65.61456678916166
1977,DJF,"Average (Humidity, Australia)",66.7938712890399
1977,MAM,"Average (Humidity, Australia)",70.25579017753653
1977,JJA,"Average (Humidity, Australia)",65.2835127264371
1977,SON,"Average (Humidity, Australia)",62.037161292992785
1978,DJF,"Average (Humidity, Australia)",67.9185277940066
1978,MAM,"Average (Humidity, Australia)",67.3308230175095
1978,JJA,"Average (Humidity, Australia)",72.12542612797186
1978,SON,"Average (Humidity, Australia)",65.51793404300453
1979,DJF,"Average (Humidity, Australia)",67.51125958359926
1979,MAM,"Average (Humidity, Australia)",70.52853750513873
1979,JJA,"Average (Humidity, Australia)",67.99404754668136
1979,SON,"Average (Humidity, Australia)",63.23283183025172
1980,DJF,"Average (Humidity, Australia)",66.2163566976458
1980,MAM,"Average (Humidity, Australia)",67.39577755252412
1980,JJA,"Average (Humidity, Australia)",68.42495599826178
1980,SON,"Average (Humidity, Australia)",60.995046554931214
1981,DJF,"Average (Humidity, Australia)",68.45166939340541
1981,MAM,"Average (Humidity, Australia)",66.79801488880562
1981,JJA,"Average (Humidity, Australia)",68.77519877814154
1981,SON,"Average (Humidity, Australia)",62.85848109679122
1982,DJF,"Average (Humidity, Australia)",67.71430541180005
1982,MAM,"Average (Humidity, Australia)",68.37820715877322
1982,JJA,"Average (Humidity, Australia)",64.61803223560905
1982,SON,"Average (Humidity, Australia)",60.94623459322157
1983,DJF,"Average (Humidity, Australia)",63.69452928090173
1983,MAM,"Average (Humidity, Australia)",71.96412925260776
1983,JJA,"Average (Humidity, Australia)",67.95296072602376
1983,SON,"Average (Humidity, Australia)",64.99052212622249
1984,DJF,"Average (Humidity, Australia)",69.42454913774894
1984,MAM,"Average (Humidity, Australia)",68.9806333100578
1984,JJA,"Average (Humidity, Australia)",67.92946156619448
1984,SON,"Average (Humidity, Australia)",64.32338914070404
1985,DJF,"Average (Humidity, Australia)",65.16881422060591
1985,MAM,"Average (Humidity, Australia)",66.38532651411654
1985,JJA,"Average (Humidity, Australia)",66.68186572407264
1985,SON,"Average (Humidity, Australia)",64.22872643993293
1986,DJF,"Average (Humidity, Australia)",65.00295989956132
1986,MAM,"Average (Humidity, Australia)",63.92969165594114
1986,JJA,"Average (Humidity, Australia)",70.13243967170665
1986,SON,"Average (Humidity, Australia)",64.13402235701949
1987,DJF,"Average (Humidity, Australia)",67.0957176987366
1987,MAM,"Average (Humidity, Australia)",65.5090310359626
1987,JJA,"Average (Humidity, Australia)",66.81041139773546
1987,SON,"Average (Humidity, Australia)",61.90212618894194
1988,DJF,"Average (Humidity, Australia)",64.0751831557516
1988,MAM,"Average (Humidity, Australia)",68.60847352453641
1988,JJA,"Average (Humidity, Australia)",66.85608381579394
1988,SON,"Average (Humidity, Australia)",61.118615626881216
1989,DJF,"Average (Humidity, Australia)",66.55155432169468
1989,MAM,"Average (Humidity, Australia)",72.55584202198703
1989,JJA,"Average (Humidity, Australia)",68.43284030234469
1989,SON,"Average (Humidity, Australia)",62.471069648876046
1990,DJF,"Average (Humidity, Australia)",65.71060685526997
1990,MAM,"Average (Humidity, Australia)",68.39332954198954
1990,JJA,"Average (Humidity, Australia)",68.21844650180715
1990,SON,"Average (Humidity, Australia)",60.31316476344096
1991,DJF,"Average (Humidity, Australia)",66.99555260836827
1991,MAM,"Average (Humidity, Australia)",65.68109376251734
1991,JJA,"Average (Humidity, Australia)",68.30852482751955
1991,SON,"Average (Humidity, Australia)",61.193036222915865
1992,DJF,"Average (Humidity, Australia)",66.39806846366565
1992,MAM,"Average (Humidity, Australia)",70.84256287381814
1992,JJA,"Average (Humidity, Australia)",68.09647954391748
1992,SON,"Average (Humidity, Australia)",65.21069896133895
1993,DJF,"Average (Humidity, Australia)",68.62685693719486
1993,MAM,"Average (Humidity, Australia)",67.1045616929458
1993,JJA,"Average (Humidity, Australia)",69.62142715102804
1993,SON,"Average (Humidity, Australia)",64.83080065984508
1994,DJF,"Average (Humidity, Australia)",68.16795064522537
1994,MAM,"Average (Humidity, Australia)",63.39196136926521
1994,JJA,"Average (Humidity, Australia)",63.83911652788026
1994,SON,"Average (Humidity, Australia)",60.43128534811126
1995,DJF,"Average (Humidity, Australia)",68.69410248560631
1995,MAM,"Average (Humidity, Australia)",69.94354178186218
1995,JJA,"Average (Humidity, Australia)",67.34753831782886
1995,SON,"Average (Humidity, Australia)",65.25620310797443
1996,DJF,"Average (Humidity, Australia)",66.56688186593374
1996,MAM,"Average (Humidity, Australia)",67.1567126180263
1996,JJA,"Average (Humidity, Australia)",70.36843477710052
1996,SON,"Average (Humidity, Australia)",62.048507523837756
1997,DJF,"Average (Humidity, Australia)",69.92204837759705
1997,MAM,"Average (Humidity, Australia)",68.60078179810533
1997,JJA,"Average (Humidity, Australia)",67.3737554466281
1997,SON,"Average (Humidity, Australia)",63.97242980026248
1998,DJF,"Average (Humidity, Australia)",66.72672811311246
1998,MAM,"Average (Humidity, Australia)",67.31684861834094
1998,JJA,"Average (Humidity, Australia)",71.03073219552287
1998,SON,"Average (Humidity, Australia)",66.77948468784095
1999,DJF,"Average (Humidity, Australia)",70.19467128213047
1999,MAM,"Average (Humidity, Australia)",69.27949423438682
1999,JJA,"Average (Humidity, Australia)",67.09324287965272
1999,SON,"Average (Humidity, Australia)",65.71580853758972
2000,DJF,"Average (Humidity, Australia)",71.18175477953274
2000,MAM,"Average (Humidity, Australia)",74.4203162357593
2000,JJA,"Average (Humidity, Australia)",68.21846850545838
2000,SON,"Average (Humidity, Australia)",65.85906941872888
2001,DJF,"Average (Humidity, Australia)",69.60485718516998
2001,MAM,"Average (Humidity, Australia)",67.97428140713795
2001,JJA,"Average (Humidity, Australia)",67.98050413268689
2001,SON,"Average (Humidity, Australia)",65.76199539701012
2002,DJF,"Average (Humidity, Australia)",68.84915791449608
2002,MAM,"Average (Humidity, Australia)",64.76995044424076
2002,JJA,"Average (Humidity, Australia)",62.28548578995866
2002,SON,"Average (Humidity, Australia)",59.047181847567124
2003,DJF,"Average (Humidity, Australia)",63.86214755610478
2003,MAM,"Average (Humidity, Australia)",65.86455417078152
2003,JJA,"Average (Humidity, Australia)",66.35671532255863
2003,SON,"Average (Humidity, Australia)",60.78244115045949
2004,DJF,"Average (Humidity, Australia)",68.30085806015092
2004,MAM,"Average (Humidity, Australia)",67.84758513625077
2004,JJA,"Average (Humidity, Australia)",66.95753900556025
2004,SON,"Average (Humidity, Australia)",60.5979269986006
2005,DJF,"Average (Humidity, Australia)",62.90809818084141
2005,MAM,"Average (Humidity, Australia)",62.52685075029982
2005,JJA,"Average (Humidity, Australia)",67.76009632885892
2005,SON,"Average (Humidity, Australia)",63.534061772722666
2006,DJF,"Average (Humidity, Australia)",67.06571371253455
2006,MAM,"Average (Humidity, Australia)",68.86399959910355
2006,JJA,"Average (Humidity, Australia)",65.6776088074081
2006,SON,"Average (Humidity, Australia)",58.876090639956814
2007,DJF,"Average (Humidity, Australia)",64.77026220673297
2007,MAM,"Average (Humidity, Australia)",67.90645959038567
2007,JJA,"Average (Humidity, Australia)",65.52609730508733
2007,SON,"Average (Humidity, Australia)",59.91255831980065
2008,DJF,"Average (Humidity, Australia)",67.62570883173926
2008,MAM,"Average (Humidity, Australia)",62.9592938517127
2008,JJA,"Average (Humidity, Australia)",64.37857252502258
2008,SON,"Average (Humidity, Australia)",62.31022766263942
2009,DJF,"Average (Humidity, Australia)",68.07756093342962
2009,MAM,"Average (Humidity, Australia)",65.50443778169523
2009,JJA,"Average (Humidity, Australia)",66.06516952036972
2009,SON,"Average (Humidity, Australia)",57.86935794138282
2010,DJF,"Average (Humidity, Australia)",65.89889128307402
2010,MAM,"Average (Humidity, Australia)",69.87107240941359
2010,JJA,"Average (Humidity, Australia)",69.38067816831418
2010,SON,"Average (Humidity, Australia)",68.04999627580891
2011,DJF,"Average (Humidity, Australia)",72.81118691463057
2011,MAM,"Average (Humidity, Australia)",71.98912107151396
2011,JJA,"Average (Humidity, Australia)",68.31373087544797
2011,SON,"Average (Humidity, Australia)",64.6087503714103
2012,DJF,"Average (Humidity, Australia)",68.71146978590986
2012,MAM,"Average (Humidity, Australia)",68.17897935988334
2012,JJA,"Average (Humidity, Australia)",65.94057226334097
2012,SON,"Average (Humidity, Australia)",60.06896620705374
2013,DJF,"Average (Humidity, Australia)",63.5625618710441
2013,MAM,"Average (Humidity, Australia)",67.97326382350562
2013,JJA,"Average (Humidity, Australia)",66.92770396101095
2013,SON,"Average (Humidity, Australia)",59.954221924216235
2014,DJF,"Average (Humidity, Australia)",65.6388158667709
2014,MAM,"Average (Humidity, Australia)",68.69790515565295
2014,JJA,"Average (Humidity, Australia)",64.47429632718392
2014,SON,"Average (Humidity, Australia)",59.22538326109284
2015,DJF,"Average (Humidity, Australia)",66.50576401588276
2015,MAM,"Average (Humidity, Australia)",66.15473795878992
2015,JJA,"Average (Humidity, Australia)",66.91353497013608
2015,SON,"Average (Humidity, Australia)",59.53878531791061
2016,DJF,"Average (Humidity, Australia)",63.661206730695326
2016,MAM,"Average (Humidity, Australia)",74.61408011136335
2016,JJA,"Average (Humidity, Australia)",99.41699180505893
2016,SON,"Average (Humidity, Australia)",87.58817666472588
2017,DJF,"Average (Humidity, Australia)",71.31679520173273
2017,MAM,"Average (Humidity, Australia)",67.40064397090394
2017,JJA,"Average (Humidity, Australia)",64.45910859517035
2017,SON,"Average (Humidity, Australia)",62.4832264371031
2018,DJF,"Average (Humidity, Australia)",66.07870714568314
2018,MAM,"Average (Humidity, Australia)",64.38579669828502
2018,JJA,"Average (Humidity, Australia)",63.88649448172803
2018,SON,"Average (Humidity, Australia)",61.47770117282871
2019,DJF,"Average (Humidity, Australia)",62.368505414719856
2019,MAM,"Average (Humidity, Australia)",64.85432731338867
2019,JJA,"Average (Humidity, Australia)",63.31006463999986
2019,SON,"Average (Humidity, Australia)",56.21766102422702
2020,DJF,"Average (Humidity, Australia)",63.19753014247709
2020,MAM,"Average (Humidity, Australia)",66.14193591543973
2020,JJA,"Average (Humidity, Australia)",64.8825356182743
2020,SON,"Average (Humidity, Australia)",61.237958504307876
2021,DJF,"Average (Humidity, Australia)",68.73685090502362
2021,MAM,"Average (Humidity, Australia)",67.39913068305991
2021,JJA,"Average (Humidity, Australia)",67.18885719305426
2021,SON,"Average (Humidity, Australia)",63.229697541493515
2022,DJF,"Average (Humidity, Australia)",67.19982543338351
2022,MAM,"Average (Humidity, Australia)",69.3200627162266
2022,JJA,"Average (Humidity, Australia)",67.96598600436705
2022,SON,"Average (Humidity, Australia)",68.12003282209264
2023,DJF,"Average (Humidity, Australia)",68.87060974092624
2023,MAM,"Average (Humidity, Australia)",67.97801654087057
2023,JJA,"Average (Humidity, Australia)",68.37957822077244
2023,SON,"Average (Humidity, Australia)",61.143973051178165
2024,DJF,"Average (Humidity, Australia)",67.97924021342659
2024,MAM,"Average (Humidity, Australia)",70.06148572283286
2024,JJA,"Average (Humidity, Australia)",69.90329539866207
2024,SON,"Average (Humidity, Australia)",65.04836009455592
2025,DJF,"Average (Humidity, Australia)",68.48853138599996
1971,Annual,"Average (Humidity, Australia)",67.41679517736645
1972,Annual,"Average (Humidity, Australia)",64.20390916405844
1973,Annual,"Average (Humidity, Australia)",69.55195326774212
1974,Annual,"Average (Humidity, Australia)",70.7914161354714
1975,Annual,"Average (Humidity, Australia)",68.6430376603724
1976,Annual,"Average (Humidity, Australia)",67.34572569538443
1977,Annual,"Average (Humidity, Australia)",66.22097885783856
1978,Annual,"Average (Humidity, Australia)",68.32803998125294
1979,Annual,"Average (Humidity, Australia)",66.91919248039478
1980,Annual,"Average (Humidity, Australia)",65.8225389356581
1981,Annual,"Average (Humidity, Australia)",67.0352853205078
1982,Annual,"Average (Humidity, Australia)",65.25885243082774
1983,Annual,"Average (Humidity, Australia)",67.34721750436489
1984,Annual,"Average (Humidity, Australia)",67.6661101515719
1985,Annual,"Average (Humidity, Australia)",65.46031362447883
1986,Annual,"Average (Humidity, Australia)",65.62884852654086
1987,Annual,"Average (Humidity, Australia)",65.59495793218134
1988,Annual,"Average (Humidity, Australia)",65.5836885725745
1989,Annual,"Average (Humidity, Australia)",67.00340773170524
1990,Annual,"Average (Humidity, Australia)",65.58662159123428
1991,Annual,"Average (Humidity, Australia)",65.72326115802036
1992,Annual,"Average (Humidity, Australia)",67.84151536614368
1993,Annual,"Average (Humidity, Australia)",67.63178765254449
1994,Annual,"Average (Humidity, Australia)",63.51957263727463
1995,Annual,"Average (Humidity, Australia)",68.20092368605471
1996,Annual,"Average (Humidity, Australia)",66.40562332695983
1997,Annual,"Average (Humidity, Australia)",67.51342254552802
1998,Annual,"Average (Humidity, Australia)",68.08269535142797
1999,Annual,"Average (Humidity, Australia)",68.23695852541536
2000,Annual,"Average (Humidity, Australia)",69.79184163530954
2001,Annual,"Average (Humidity, Australia)",67.8380701428823
2002,Annual,"Average (Humidity, Australia)",63.01988500807333
2003,Annual,"Average (Humidity, Australia)",64.6777433666128
2004,Annual,"Average (Humidity, Australia)",65.6804150467991
2005,Annual,"Average (Humidity, Australia)",64.13284813695977
2006,Annual,"Average (Humidity, Australia)",65.08870920766208
2007,Annual,"Average (Humidity, Australia)",64.91945518247428
2008,Annual,"Average (Humidity, Australia)",64.46917704996382
2009,Annual,"Average (Humidity, Australia)",63.84547831536146
2010,Annual,"Average (Humidity, Australia)",69.12165059429277
2011,Annual,"Average (Humidity, Australia)",69.21546773062194
2012,Annual,"Average (Humidity, Australia)",65.2380894858149
2013,Annual,"Average (Humidity, Australia)",64.61634384814867
2014,Annual,"Average (Humidity, Australia)",64.7837348385521
2015,Annual,"Average (Humidity, Australia)",64.66684051927399
2016,Annual,"Average (Humidity, Australia)",81.98524078394094
2017,Annual,"Average (Humidity, Australia)",65.65918244618308
2018,Annual,"Average (Humidity, Australia)",63.89072450641603
2019,Annual,"Average (Humidity, Australia)",61.07192280047182
2020,Annual,"Average (Humidity, Australia)",64.98125583689988
2021,Annual,"Average (Humidity, Australia)",66.24780837723162
2022,Annual,"Average (Humidity, Australia)",68.4006121297382
2023,Annual,"Average (Humidity, Australia)",66.4335077814949
2024,Annual,"Average (Humidity, Australia)",68.61913995899154
1971,DJF,"Average (VPD, Australia)",1.0405112950745472
1971,MAM,"Average (VPD, Australia)",0.7720811360617398
1971,JJA,"Average (VPD, Australia)",0.5664562172001275
1971,SON,"Average (VPD, Australia)",0.8807027114453948
1972,DJF,"Average (VPD, Australia)",1.0190207152612554
1972,MAM,"Average (VPD, Australia)",0.8931256950683621
1972,JJA,"Average (VPD, Australia)",0.6250978404921436
1972,SON,"Average (VPD, Australia)",0.9754914953360332
1973,DJF,"Average (VPD, Australia)",1.0937588918901417
1973,MAM,"Average (VPD, Australia)",0.8190768638464603
1973,JJA,"Average (VPD, Australia)",0.5352116352717495
1973,SON,"Average (VPD, Australia)",0.8329597085420418
1974,DJF,"Average (VPD, Australia)",0.7921780204842083
1974,MAM,"Average (VPD, Australia)",0.6695941303313313
1974,JJA,"Average (VPD, Australia)",0.5712603715491121
1974,SON,"Average (VPD, Australia)",0.7714656659425964
1975,DJF,"Average (VPD, Australia)",0.971585492345752
1975,MAM,"Average (VPD, Australia)",0.7922438523780317
1975,JJA,"Average (VPD, Australia)",0.6050974023130962
1975,SON,"Average (VPD, Australia)",0.7971003050278033
1976,DJF,"Average (VPD, Australia)",0.8212423978475384
1976,MAM,"Average (VPD, Australia)",0.793750141224269
1976,JJA,"Average (VPD, Australia)",0.6459093603260815
1976,SON,"Average (VPD, Australia)",0.8105038774115877
1977,DJF,"Average (VPD, Australia)",1.0296876167199054
1977,MAM,"Average (VPD, Australia)",0.7588870510127157
1977,JJA,"Average (VPD, Australia)",0.6538146545987341
1977,SON,"Average (VPD, Australia)",0.942285296228253
1978,DJF,"Average (VPD, Australia)",0.9886827537950291
1978,MAM,"Average (VPD, Australia)",0.8782580657178908
1978,JJA,"Average (VPD, Australia)",0.5188114344485182
1978,SON,"Average (VPD, Australia)",0.8299622001193402
1979,DJF,"Average (VPD, Australia)",0.9948342061702279
1979,MAM,"Average (VPD, Australia)",0.7613341569184189
1979,JJA,"Average (VPD, Australia)",0.6132684564586443
1979,SON,"Average (VPD, Australia)",0.9300971264903953
1980,DJF,"Average (VPD, Australia)",1.0516143682388006
1980,MAM,"Average (VPD, Australia)",0.8866266601770079
1980,JJA,"Average (VPD, Australia)",0.6143695142649684
1980,SON,"Average (VPD, Australia)",1.0010959941107818
1981,DJF,"Average (VPD, Australia)",0.9785423357447515
1981,MAM,"Average (VPD, Australia)",0.8780071147873211
1981,JJA,"Average (VPD, Australia)",0.5986866919443135
1981,SON,"Average (VPD, Australia)",0.922036461145132
1982,DJF,"Average (VPD, Australia)",0.999871700712847
1982,MAM,"Average (VPD, Australia)",0.8078822362924073
1982,JJA,"Average (VPD, Australia)",0.6615672318394569
1982,SON,"Average (VPD, Australia)",0.9766664609426529
1983,DJF,"Average (VPD, Australia)",1.1490946410527747
1983,MAM,"Average (VPD, Australia)",0.7281916415681652
1983,JJA,"Average (VPD, Australia)",0.6095433025507768
1983,SON,"Average (VPD, Australia)",0.89254358915704
1984,DJF,"Average (VPD, Australia)",0.9194906695011623
1984,MAM,"Average (VPD, Australia)",0.7917582323171429
1984,JJA,"Average (VPD, Australia)",0.604085724776817
1984,SON,"Average (VPD, Australia)",0.8828812384593933
1985,DJF,"Average (VPD, Australia)",1.0757045343242655
1985,MAM,"Average (VPD, Australia)",0.8896510990718842
1985,JJA,"Average (VPD, Australia)",0.6303413710156993
1985,SON,"Average (VPD, Australia)",0.8701073944498657
1986,DJF,"Average (VPD, Australia)",1.0675327909943002
1986,MAM,"Average (VPD, Australia)",0.9754274444419172
1986,JJA,"Average (VPD, Australia)",0.5627387901395877
1986,SON,"Average (VPD, Australia)",0.8803415825652148
1987,DJF,"Average (VPD, Australia)",0.9919863753924925
1987,MAM,"Average (VPD, Australia)",0.8985351952084514
1987,JJA,"Average (VPD, Australia)",0.6361966294595706
1987,SON,"Average (VPD, Australia)",0.9601478399890049
1988,DJF,"Average (VPD, Australia)",1.113711843256751
1988,MAM,"Average (VPD, Australia)",0.8611317031821067
1988,JJA,"Average (VPD, Australia)",0.6572009792003022
1988,SON,"Average (VPD, Australia)",1.004750295111755
1989,DJF,"Average (VPD, Australia)",1.024006110897462
1989,MAM,"Average (VPD, Australia)",0.7302711671699946
1989,JJA,"Average (VPD, Australia)",0.576867415934583
1989,SON,"Average (VPD, Australia)",0.9321139575259261
1990,DJF,"Average (VPD, Australia)",1.04981659723929
1990,MAM,"Average (VPD, Australia)",0.8569020520528197
1990,JJA,"Average (VPD, Australia)",0.5983576592233146
1990,SON,"Average (VPD, Australia)",1.0110002422744215
1991,DJF,"Average (VPD, Australia)",1.0360537504550469
1991,MAM,"Average (VPD, Australia)",0.9034032284737086
1991,JJA,"Average (VPD, Australia)",0.6221892975631811
1991,SON,"Average (VPD, Australia)",0.9794755571666252
1992,DJF,"Average (VPD, Australia)",1.018309514379065
1992,MAM,"Average (VPD, Australia)",0.7917401287440017
1992,JJA,"Average (VPD, Australia)",0.611314244409256
1992,SON,"Average (VPD, Australia)",0.8357397180272085
1993,DJF,"Average (VPD, Australia)",0.9492304755623637
1993,MAM,"Average (VPD, Australia)",0.8806695561359605
1993,JJA,"Average (VPD, Australia)",0.5905207927208823
1993,SON,"Average (VPD, Australia)",0.868628502642413
1994,DJF,"Average (VPD, Australia)",0.9728579635919694
1994,MAM,"Average (VPD, Australia)",0.9401644981774904
1994,JJA,"Average (VPD, Australia)",0.6821344323045827
1994,SON,"Average (VPD, Australia)",0.9831039730954947
1995,DJF,"Average (VPD, Australia)",0.9644087854873669
1995,MAM,"Average (VPD, Australia)",0.761874538971685
1995,JJA,"Average (VPD, Australia)",0.6335615761168828
1995,SON,"Average (VPD, Australia)",0.8767002272527246
1996,DJF,"Average (VPD, Australia)",1.0142024512890164
1996,MAM,"Average (VPD, Australia)",0.8525857116265255
1996,JJA,"Average (VPD, Australia)",0.5892304578485519
1996,SON,"Average (VPD, Australia)",0.9519845148721062
1997,DJF,"Average (VPD, Australia)",0.918097863465581
1997,MAM,"Average (VPD, Australia)",0.8127914802348725
1997,JJA,"Average (VPD, Australia)",0.6094276202545887
1997,SON,"Average (VPD, Australia)",0.9234292962887086
1998,DJF,"Average (VPD, Australia)",1.0532243100524148
1998,MAM,"Average (VPD, Australia)",0.8919213354656499
1998,JJA,"Average (VPD, Australia)",0.5730171754296431
1998,SON,"Average (VPD, Australia)",0.8455199469452928
1999,DJF,"Average (VPD, Australia)",0.9205005868084642
1999,MAM,"Average (VPD, Australia)",0.7960658505406802
1999,JJA,"Average (VPD, Australia)",0.6399695190540174
1999,SON,"Average (VPD, Australia)",0.8446508583050856
2000,DJF,"Average (VPD, Australia)",0.8638323220730252
2000,MAM,"Average (VPD, Australia)",0.6447415651438831
2000,JJA,"Average (VPD, Australia)",0.5985528274329583
2000,SON,"Average (VPD, Australia)",0.8561751313709174
2001,DJF,"Average (VPD, Australia)",0.943928751642529
2001,MAM,"Average (VPD, Australia)",0.8161773385809294
2001,JJA,"Average (VPD, Australia)",0.6198965455891968
2001,SON,"Average (VPD, Australia)",0.83820913533019
2002,DJF,"Average (VPD, Australia)",0.9295990690714302
2002,MAM,"Average (VPD, Australia)",0.9616656360254123
2002,JJA,"Average (VPD, Australia)",0.725175921523612
2002,SON,"Average (VPD, Australia)",1.0546061827478737
2003,DJF,"Average (VPD, Australia)",1.1382303914056506
2003,MAM,"Average (VPD, Australia)",0.9015901234213622
2003,JJA,"Average (VPD, Australia)",0.6572683838907132
2003,SON,"Average (VPD, Australia)",0.9798736117036523
2004,DJF,"Average (VPD, Australia)",0.9900907501283445
2004,MAM,"Average (VPD, Australia)",0.8511490964107843
2004,JJA,"Average (VPD, Australia)",0.6301216961443978
2004,SON,"Average (VPD, Australia)",1.0034899462609241
2005,DJF,"Average (VPD, Australia)",1.1575908070022034
2005,MAM,"Average (VPD, Australia)",1.0373396338282816
2005,JJA,"Average (VPD, Australia)",0.6358151860369354
2005,SON,"Average (VPD, Australia)",0.9377340491049919
2006,DJF,"Average (VPD, Australia)",1.0334782899561827
2006,MAM,"Average (VPD, Australia)",0.7952888767374219
2006,JJA,"Average (VPD, Australia)",0.6546910079755108
2006,SON,"Average (VPD, Australia)",1.0736356280756802
2007,DJF,"Average (VPD, Australia)",1.1016416889382967
2007,MAM,"Average (VPD, Australia)",0.8710795942045868
2007,JJA,"Average (VPD, Australia)",0.65586343890073
2007,SON,"Average (VPD, Australia)",1.0307813212218975
2008,DJF,"Average (VPD, Australia)",0.9985933222664654
2008,MAM,"Average (VPD, Australia)",0.9670254881505354
2008,JJA,"Average (VPD, Australia)",0.6756725247833082
2008,SON,"Average (VPD, Australia)",0.9666108758773619
2009,DJF,"Average (VPD, Australia)",0.9843957723775661
2009,MAM,"Average (VPD, Australia)",0.9092185251880167
2009,JJA,"Average (VPD, Australia)",0.6803344502598677
2009,SON,"Average (VPD, Australia)",1.0955649469856343
2010,DJF,"Average (VPD, Australia)",1.0744601972288998
2010,MAM,"Average (VPD, Australia)",0.8144340802025646
2010,JJA,"Average (VPD, Australia)",0.5958592837066868
2010,SON,"Average (VPD, Australia)",0.790538275761194
2011,DJF,"Average (VPD, Australia)",0.8349053098116633
2011,MAM,"Average (VPD, Australia)",0.6944651538663107
2011,JJA,"Average (VPD, Australia)",0.6121364933425787
2011,SON,"Average (VPD, Australia)",0.8824000277543669
2012,DJF,"Average (VPD, Australia)",0.9544814570725205
2012,MAM,"Average (VPD, Australia)",0.8126412502692094
2012,JJA,"Average (VPD, Australia)",0.6397606250697908
2012,SON,"Average (VPD, Australia)",1.0275214648004645
2013,DJF,"Average (VPD, Australia)",1.1763044586828741
2013,MAM,"Average (VPD, Australia)",0.8762701186551394
2013,JJA,"Average (VPD, Australia)",0.665455166234921
2013,SON,"Average (VPD, Australia)",1.0523688559268838
2014,DJF,"Average (VPD, Australia)",1.0737944509784554
2014,MAM,"Average (VPD, Australia)",0.8583960149825003
2014,JJA,"Average (VPD, Australia)",0.6891205967004211
2014,SON,"Average (VPD, Australia)",1.0752674366081778
2015,DJF,"Average (VPD, Australia)",1.0625092002262875
2015,MAM,"Average (VPD, Australia)",0.8779837692483609
2015,JJA,"Average (VPD, Australia)",0.6477145197558807
2015,SON,"Average (VPD, Australia)",1.0732998962167848
2016,DJF,"Average (VPD, Australia)",1.1575511781184555
2016,MAM,"Average (VPD, Australia)",0.7466502360002252
2016,JJA,"Average (VPD, Australia)",0.012799186766347307
2016,SON,"Average (VPD, Australia)",0.3363418185602449
2017,DJF,"Average (VPD, Australia)",0.8947692839371366
2017,MAM,"Average (VPD, Australia)",0.8727710856343257
2017,JJA,"Average (VPD, Australia)",0.7097664240138798
2017,SON,"Average (VPD, Australia)",0.9715239429637704
2018,DJF,"Average (VPD, Australia)",1.080443177814073
2018,MAM,"Average (VPD, Australia)",0.96632012786819
2018,JJA,"Average (VPD, Australia)",0.6994811181380965
2018,SON,"Average (VPD, Australia)",0.9870851821572351
2019,DJF,"Average (VPD, Australia)",1.234026018665383
2019,MAM,"Average (VPD, Australia)",0.9597192510094036
2019,JJA,"Average (VPD, Australia)",0.7142578676029584
2019,SON,"Average (VPD, Australia)",1.1373276510601567
2020,DJF,"Average (VPD, Australia)",1.2110323762642563
2020,MAM,"Average (VPD, Australia)",0.8992480374658736
2020,JJA,"Average (VPD, Australia)",0.7000983855100947
2020,SON,"Average (VPD, Australia)",1.0355242184229767
2021,DJF,"Average (VPD, Australia)",0.9557885102234976
2021,MAM,"Average (VPD, Australia)",0.8548882620588741
2021,JJA,"Average (VPD, Australia)",0.6587574570576485
2021,SON,"Average (VPD, Australia)",0.9173208399559166
2022,DJF,"Average (VPD, Australia)",1.0329408406461602
2022,MAM,"Average (VPD, Australia)",0.8512060973037971
2022,JJA,"Average (VPD, Australia)",0.6198101605744463
2022,SON,"Average (VPD, Australia)",0.7878282874094403
2023,DJF,"Average (VPD, Australia)",0.9490924731307195
2023,MAM,"Average (VPD, Australia)",0.8283366045890815
2023,JJA,"Average (VPD, Australia)",0.6426856545516885
2023,SON,"Average (VPD, Australia)",1.0184693042749506
2024,DJF,"Average (VPD, Australia)",1.036748611260724
2024,MAM,"Average (VPD, Australia)",0.7901243701302044
2024,JJA,"Average (VPD, Australia)",0.6129570180594335
2024,SON,"Average (VPD, Australia)",0.9341629530116571
2025,DJF,"Average (VPD, Australia)",1.0114537829685075
1971,Annual,"Average (VPD, Australia)",0.8094504177121803
1972,Annual,"Average (VPD, Australia)",0.9043979776211577
1973,Annual,"Average (VPD, Australia)",0.785524182822822
1974,Annual,"Average (VPD, Australia)",0.7094799032780572
1975,Annual,"Average (VPD, Australia)",0.7791543876473205
1976,Annual,"Average (VPD, Australia)",0.7859574151480528
1977,Annual,"Average (VPD, Australia)",0.8409152741647515
1978,Annual,"Average (VPD, Australia)",0.7960027812949102
1979,Annual,"Average (VPD, Australia)",0.8430278265202097
1980,Annual,"Average (VPD, Australia)",0.8842401692614049
1981,Annual,"Average (VPD, Australia)",0.8321765464259424
1982,Annual,"Average (VPD, Australia)",0.8663990074435051
1983,Annual,"Average (VPD, Australia)",0.8366093387877206
1984,Annual,"Average (VPD, Australia)",0.797152361560065
1985,Annual,"Average (VPD, Australia)",0.8707257625926976
1986,Annual,"Average (VPD, Australia)",0.8755723515736208
1987,Annual,"Average (VPD, Australia)",0.86352835511272
1988,Annual,"Average (VPD, Australia)",0.8951701056202915
1989,Annual,"Average (VPD, Australia)",0.8316163851634943
1990,Annual,"Average (VPD, Australia)",0.8836171528207277
1991,Annual,"Average (VPD, Australia)",0.8739387147301529
1992,Annual,"Average (VPD, Australia)",0.8066629083786749
1993,Annual,"Average (VPD, Australia)",0.8188397276702031
1994,Annual,"Average (VPD, Australia)",0.9117988988478205
1995,Annual,"Average (VPD, Australia)",0.7915148733223035
1996,Annual,"Average (VPD, Australia)",0.8567610668404878
1997,Annual,"Average (VPD, Australia)",0.8172567927174886
1998,Annual,"Average (VPD, Australia)",0.8337354535030418
1999,Annual,"Average (VPD, Australia)",0.7917186062470599
2000,Annual,"Average (VPD, Australia)",0.7463563507783185
2001,Annual,"Average (VPD, Australia)",0.8010735074581768
2002,Annual,"Average (VPD, Australia)",0.9448592838632903
2003,Annual,"Average (VPD, Australia)",0.9035942226187437
2004,Annual,"Average (VPD, Australia)",0.8749437957848266
2005,Annual,"Average (VPD, Australia)",0.9444759283328198
2006,Annual,"Average (VPD, Australia)",0.8853874173373488
2007,Annual,"Average (VPD, Australia)",0.9023097987661006
2008,Annual,"Average (VPD, Australia)",0.8958862124489955
2009,Annual,"Average (VPD, Australia)",0.9361247198948046
2010,Annual,"Average (VPD, Australia)",0.7889679228412227
2011,Annual,"Average (VPD, Australia)",0.7619059774340594
2012,Annual,"Average (VPD, Australia)",0.8780983907850928
2013,Annual,"Average (VPD, Australia)",0.9389414050884702
2014,Annual,"Average (VPD, Australia)",0.9154551704874532
2015,Annual,"Average (VPD, Australia)",0.9186093846940429
2016,Annual,"Average (VPD, Australia)",0.5413914835637569
2017,Annual,"Average (VPD, Australia)",0.8863850205245344
2018,Annual,"Average (VPD, Australia)",0.9364462265012928
2019,Annual,"Average (VPD, Australia)",1.0363105850381602
2020,Annual,"Average (VPD, Australia)",0.9129840411955565
2021,Annual,"Average (VPD, Australia)",0.8608684786145719
2022,Annual,"Average (VPD, Australia)",0.809826760160739
2023,Annual,"Average (VPD, Australia)",0.8702100312478658
2024,Annual,"Average (VPD, Australia)",0.8326024825500224
